# MagicaVoxel @ Ephtracy

# group
o 

# material
mtllib Edificio.mtl
usemtl palette

# normals
vn -1 0 0
vn 1 0 0
vn 0 0 1
vn 0 0 -1
vn 0 -1 0
vn 0 1 0

# texcoords
vt 0.00976562 0.5
vt 0.0214844 0.5
vt 0.724609 0.5
vt 0.841797 0.5
vt 0.958984 0.5
vt 0.982422 0.5
vt 0.986328 0.5
vt 0.990234 0.5
vt 0.994141 0.5

# verts
v -3.7 5.8 2.2
v -3.7 5.8 -2.2
v -3.7 7 2.2
v -3.7 7 -2.2
v -3.6 0.3 1.7
v -3.6 0.3 0.7
v -3.6 0.3 0.6
v -3.6 0.3 -0.6
v -3.6 0.3 -0.7
v -3.6 0.3 -1.7
v -3.6 1.2 1.7
v -3.6 1.2 0.7
v -3.6 1.2 0.6
v -3.6 1.2 -0.6
v -3.6 1.2 -0.7
v -3.6 1.2 -1.7
v -3.6 1.3 1.7
v -3.6 1.3 0.7
v -3.6 1.3 0.6
v -3.6 1.3 -0.6
v -3.6 1.3 -0.7
v -3.6 1.3 -1.7
v -3.6 1.5 1.7
v -3.6 1.5 0.7
v -3.6 1.5 0.6
v -3.6 1.5 -0.6
v -3.6 1.5 -0.7
v -3.6 1.5 -1.7
v -3.5 0 2
v -3.5 0 -2
v -3.5 0.2 0.6
v -3.5 0.2 0.5
v -3.5 0.2 -0.6
v -3.5 0.2 -0.7
v -3.5 0.3 1.7
v -3.5 0.3 0.7
v -3.5 0.3 0.6
v -3.5 0.3 0.5
v -3.5 0.3 -0.6
v -3.5 0.3 -0.7
v -3.5 0.3 -1.7
v -3.5 1.2 1.7
v -3.5 1.2 0.7
v -3.5 1.2 0.6
v -3.5 1.2 -0.6
v -3.5 1.2 -0.7
v -3.5 1.2 -0.8
v -3.5 1.2 -1.7
v -3.5 1.3 1.7
v -3.5 1.3 0.7
v -3.5 1.3 0.6
v -3.5 1.3 -0.6
v -3.5 1.3 -0.7
v -3.5 1.3 -0.8
v -3.5 1.3 -1.7
v -3.5 1.5 1.7
v -3.5 1.5 0.7
v -3.5 1.5 0.6
v -3.5 1.5 -0.6
v -3.5 1.5 -0.7
v -3.5 1.5 -1.7
v -3.5 1.8 2
v -3.5 1.8 -2
v -3.5 2.2 2
v -3.5 2.2 -2
v -3.5 2.4 0.6
v -3.5 2.4 0.5
v -3.5 2.4 -0.6
v -3.5 2.4 -0.7
v -3.5 2.5 0.6
v -3.5 2.5 0.5
v -3.5 2.5 -0.6
v -3.5 2.5 -0.7
v -3.5 3.4 0.7
v -3.5 3.4 0.6
v -3.5 3.4 -0.6
v -3.5 3.4 -0.8
v -3.5 3.5 0.7
v -3.5 3.5 0.6
v -3.5 3.5 -0.6
v -3.5 3.5 -0.8
v -3.5 5.1 2
v -3.5 5.1 -2
v -3.5 5.5 2
v -3.5 5.5 -2
v -3.5 5.6 0.6
v -3.5 5.6 0.5
v -3.5 5.6 -0.6
v -3.5 5.6 -0.7
v -3.5 5.7 0.6
v -3.5 5.7 0.5
v -3.5 5.7 -0.6
v -3.5 5.7 -0.7
v -3.5 5.8 2
v -3.5 5.8 -2
v -3.5 7 2
v -3.5 7 -2
v -3.5 7.3 2
v -3.5 7.3 -2
v -3.4 0.2 0.6
v -3.4 0.2 0.5
v -3.4 0.2 -0.6
v -3.4 0.2 -0.7
v -3.4 0.3 0.6
v -3.4 0.3 0.5
v -3.4 0.3 -0.6
v -3.4 0.3 -0.7
v -3.4 1.2 0.7
v -3.4 1.2 0.6
v -3.4 1.2 -0.6
v -3.4 1.2 -0.8
v -3.4 1.3 0.7
v -3.4 1.3 0.6
v -3.4 1.3 -0.6
v -3.4 1.3 -0.8
v -3.4 2.4 0.6
v -3.4 2.4 0.5
v -3.4 2.4 -0.6
v -3.4 2.4 -0.7
v -3.4 2.5 0.6
v -3.4 2.5 0.5
v -3.4 2.5 -0.6
v -3.4 2.5 -0.7
v -3.4 3.4 0.7
v -3.4 3.4 0.6
v -3.4 3.4 -0.6
v -3.4 3.4 -0.8
v -3.4 3.5 0.7
v -3.4 3.5 0.6
v -3.4 3.5 -0.6
v -3.4 3.5 -0.8
v -3.4 5.6 0.6
v -3.4 5.6 0.5
v -3.4 5.6 -0.6
v -3.4 5.6 -0.7
v -3.4 5.7 0.6
v -3.4 5.7 0.5
v -3.4 5.7 -0.6
v -3.4 5.7 -0.7
v -3.4 6.6 0.7
v -3.4 6.6 0.6
v -3.4 6.6 -0.6
v -3.4 6.6 -0.8
v -3.4 6.7 0.7
v -3.4 6.7 0.6
v -3.4 6.7 -0.6
v -3.4 6.7 -0.8
v -3.1 0.3 2.1
v -3.1 0.3 2
v -3.1 0.3 -2
v -3.1 0.3 -2.1
v -3.1 1.2 2.1
v -3.1 1.2 2
v -3.1 1.2 -2
v -3.1 1.2 -2.1
v -3.1 1.3 2.1
v -3.1 1.3 2
v -3.1 1.3 -2
v -3.1 1.3 -2.1
v -3.1 1.5 2.1
v -3.1 1.5 2
v -3.1 1.5 -2
v -3.1 1.5 -2.1
v -3 1.8 1.5
v -3 1.8 -1.5
v -3 2.2 1.5
v -3 2.2 -1.5
v -3 5.1 1.5
v -3 5.1 -1.5
v -3 5.5 1.5
v -3 5.5 -1.5
v -2.9 2.6 2
v -2.9 2.6 1.9
v -2.9 2.7 2
v -2.9 2.7 1.9
v -2.8 2.7 2.1
v -2.8 2.7 2
v -2.8 2.7 -2
v -2.8 2.7 -2.1
v -2.8 4.6 2.1
v -2.8 4.6 2
v -2.8 4.6 -2
v -2.8 4.6 -2.1
v -2.8 7.3 1.3
v -2.8 7.3 1.2
v -2.8 9.6 1.3
v -2.8 9.6 1.2
v -2.7 7.4 1.4
v -2.7 7.4 1.3
v -2.7 9.5 1.4
v -2.7 9.5 1.3
v -2.5 7.3 0.0999999
v -2.5 7.3 0
v -2.5 7.4 0.2
v -2.5 7.4 0.0999999
v -2.5 7.5 0.0999999
v -2.5 7.5 0
v -2.5 7.6 0.3
v -2.5 7.6 0.2
v -2.5 7.7 0.2
v -2.5 7.7 0.0999999
v -2.5 7.8 0.4
v -2.5 7.8 0.3
v -2.5 7.9 0.3
v -2.5 7.9 0.2
v -2.5 8 0.5
v -2.5 8 0.4
v -2.5 8.1 0.4
v -2.5 8.1 0.3
v -2.5 8.2 0.6
v -2.5 8.2 0.5
v -2.5 8.3 0.5
v -2.5 8.3 0.4
v -2.5 8.4 0.7
v -2.5 8.4 0.6
v -2.5 8.5 0.6
v -2.5 8.5 0.5
v -2.5 8.6 0.8
v -2.5 8.6 0.7
v -2.5 8.7 0.7
v -2.5 8.7 0.6
v -2.5 8.8 0.9
v -2.5 8.8 0.8
v -2.5 8.9 0.8
v -2.5 8.9 0.7
v -2.5 9 1
v -2.5 9 0.9
v -2.5 9.1 0.9
v -2.5 9.1 0.8
v -2.5 9.2 1.1
v -2.5 9.2 1
v -2.5 9.3 1
v -2.5 9.3 0.9
v -2.5 9.4 1.2
v -2.5 9.4 1.1
v -2.5 9.5 1.2
v -2.5 9.5 1
v -2.3 2.6 2
v -2.3 2.6 1.9
v -2.3 2.7 2
v -2.3 2.7 1.9
v -2.2 2.7 2.1
v -2.2 2.7 2
v -2.2 2.7 -2
v -2.2 2.7 -2.1
v -2.2 4.6 2.1
v -2.2 4.6 2
v -2.2 4.6 -2
v -2.2 4.6 -2.1
v -2 0.3 2.1
v -2 0.3 2
v -2 0.3 -2
v -2 0.3 -2.1
v -2 1.2 2.1
v -2 1.2 2
v -2 1.2 -1.9
v -2 1.2 -2
v -2 1.2 -2.1
v -2 1.3 2.1
v -2 1.3 2
v -2 1.3 -1.9
v -2 1.3 -2
v -2 1.3 -2.1
v -2 1.5 2.1
v -2 1.5 2
v -2 1.5 -2
v -2 1.5 -2.1
v -2 3.4 -1.9
v -2 3.4 -2
v -2 3.5 -1.9
v -2 3.5 -2
v -2 6.6 -1.9
v -2 6.6 -2
v -2 6.7 -1.9
v -2 6.7 -2
v -1.6 2.7 2.1
v -1.6 2.7 2
v -1.6 2.7 -2
v -1.6 2.7 -2.1
v -1.6 4.6 2.1
v -1.6 4.6 2
v -1.6 4.6 -2
v -1.6 4.6 -2.1
v -1.2 7.3 0.0999999
v -1.2 7.3 0
v -1.2 7.4 0.2
v -1.2 7.4 0.0999999
v -1.2 7.5 0.0999999
v -1.2 7.5 0
v -1.2 7.6 0.3
v -1.2 7.6 0.2
v -1.2 7.7 0.2
v -1.2 7.7 0.0999999
v -1.2 7.8 0.4
v -1.2 7.8 0.3
v -1.2 7.9 0.3
v -1.2 7.9 0.2
v -1.2 8 0.5
v -1.2 8 0.4
v -1.2 8.1 0.4
v -1.2 8.1 0.3
v -1.2 8.2 0.6
v -1.2 8.2 0.5
v -1.2 8.3 0.5
v -1.2 8.3 0.4
v -1.2 8.4 0.7
v -1.2 8.4 0.6
v -1.2 8.5 0.6
v -1.2 8.5 0.5
v -1.2 8.6 0.8
v -1.2 8.6 0.7
v -1.2 8.7 0.7
v -1.2 8.7 0.6
v -1.2 8.8 0.9
v -1.2 8.8 0.8
v -1.2 8.9 0.8
v -1.2 8.9 0.7
v -1.2 9 1
v -1.2 9 0.9
v -1.2 9.1 0.9
v -1.2 9.1 0.8
v -1.2 9.2 1.1
v -1.2 9.2 1
v -1.2 9.3 1
v -1.2 9.3 0.9
v -1.2 9.4 1.2
v -1.2 9.4 1.1
v -1.2 9.5 1.2
v -1.2 9.5 1
v -1.1 2.6 2
v -1.1 2.6 1.9
v -1.1 2.7 2
v -1.1 2.7 1.9
v -1 2.7 2.1
v -1 2.7 2
v -1 2.7 -2
v -1 2.7 -2.1
v -1 4.6 2.1
v -1 4.6 2
v -1 4.6 -2
v -1 4.6 -2.1
v -0.9 0.3 2.1
v -0.9 0.3 2
v -0.9 0.3 -2
v -0.9 0.3 -2.1
v -0.9 1.2 2.1
v -0.9 1.2 2
v -0.9 1.2 -1.9
v -0.9 1.2 -2
v -0.9 1.2 -2.1
v -0.9 1.3 2.1
v -0.9 1.3 2
v -0.9 1.3 -1.9
v -0.9 1.3 -2
v -0.9 1.3 -2.1
v -0.9 1.5 2.1
v -0.9 1.5 2
v -0.9 1.5 -2
v -0.9 1.5 -2.1
v -0.9 3.4 -1.9
v -0.9 3.4 -2
v -0.9 3.5 -1.9
v -0.9 3.5 -2
v -0.9 6.6 -1.9
v -0.9 6.6 -2
v -0.9 6.7 -1.9
v -0.9 6.7 -2
v -0.4 2.6 2
v -0.4 2.6 1.9
v -0.4 2.7 2.1
v -0.4 2.7 2
v -0.4 2.7 1.9
v -0.4 2.7 -2
v -0.4 2.7 -2.1
v -0.4 4.6 2.1
v -0.4 4.6 2
v -0.4 4.6 -2
v -0.4 4.6 -2.1
v 0.1 4.6 2
v 0.1 4.6 1.9
v 0.1 4.7 2
v 0.1 4.7 1.9
v 0.2 0.3 2.1
v 0.2 0.3 2
v 0.2 0.3 -2
v 0.2 0.3 -2.1
v 0.2 1.2 2.1
v 0.2 1.2 2
v 0.2 1.2 -1.9
v 0.2 1.2 -2
v 0.2 1.2 -2.1
v 0.2 1.3 2.1
v 0.2 1.3 2
v 0.2 1.3 -1.9
v 0.2 1.3 -2
v 0.2 1.3 -2.1
v 0.2 1.5 2.1
v 0.2 1.5 2
v 0.2 1.5 -2
v 0.2 1.5 -2.1
v 0.2 2.7 2.1
v 0.2 2.7 2
v 0.2 2.7 -2
v 0.2 2.7 -2.1
v 0.2 3.4 -1.9
v 0.2 3.4 -2
v 0.2 3.5 -1.9
v 0.2 3.5 -2
v 0.2 4.6 2.1
v 0.2 4.6 2
v 0.2 4.6 -2
v 0.2 4.6 -2.1
v 0.2 6.6 -1.9
v 0.2 6.6 -2
v 0.2 6.7 -1.9
v 0.2 6.7 -2
v 0.6 7.3 1.3
v 0.6 7.3 -1.4
v 0.6 8.8 1.3
v 0.6 8.8 -1.4
v 0.6 9 1.3
v 0.6 9 -1.4
v 0.8 2.7 2.1
v 0.8 2.7 2
v 0.8 2.7 -2
v 0.8 2.7 -2.1
v 0.8 4.6 2.1
v 0.8 4.6 2
v 0.8 4.6 -2
v 0.8 4.6 -2.1
v 1.3 0.2 -1.9
v 1.3 0.2 -2
v 1.3 0.3 2.1
v 1.3 0.3 2
v 1.3 0.3 -1.9
v 1.3 0.3 -2
v 1.3 0.3 -2.1
v 1.3 1.2 2.1
v 1.3 1.2 2
v 1.3 1.2 -1.9
v 1.3 1.2 -2
v 1.3 1.2 -2.1
v 1.3 1.3 2.1
v 1.3 1.3 2
v 1.3 1.3 -1.9
v 1.3 1.3 -2
v 1.3 1.3 -2.1
v 1.3 1.5 2.1
v 1.3 1.5 2
v 1.3 1.5 -2
v 1.3 1.5 -2.1
v 1.3 2.4 -1.9
v 1.3 2.4 -2
v 1.3 2.5 -1.9
v 1.3 2.5 -2
v 1.3 5.6 -1.9
v 1.3 5.6 -2
v 1.3 5.7 -1.9
v 1.3 5.7 -2
v 1.3 6.6 -1.9
v 1.3 6.6 -2
v 1.3 6.7 -1.9
v 1.3 6.7 -2
v 1.4 2.7 2.1
v 1.4 2.7 2
v 1.4 2.7 -2
v 1.4 2.7 -2.1
v 1.4 4.6 2.1
v 1.4 4.6 2
v 1.4 4.6 -2
v 1.4 4.6 -2.1
v 2 2.7 2.1
v 2 2.7 2
v 2 2.7 -2
v 2 2.7 -2.1
v 2 4.6 2.1
v 2 4.6 2
v 2 4.6 -2
v 2 4.6 -2.1
v 2.3 0.3 2.1
v 2.3 0.3 2
v 2.3 0.3 -2
v 2.3 0.3 -2.1
v 2.3 1.2 2.1
v 2.3 1.2 2
v 2.3 1.2 -1.9
v 2.3 1.2 -2
v 2.3 1.2 -2.1
v 2.3 1.3 2.1
v 2.3 1.3 2
v 2.3 1.3 -1.9
v 2.3 1.3 -2
v 2.3 1.3 -2.1
v 2.3 1.5 2.1
v 2.3 1.5 2
v 2.3 1.5 -2
v 2.3 1.5 -2.1
v 2.3 3.4 -1.9
v 2.3 3.4 -2
v 2.3 3.5 -1.9
v 2.3 3.5 -2
v 2.3 6.6 -1.9
v 2.3 6.6 -2
v 2.3 6.7 -1.9
v 2.3 6.7 -2
v 2.6 2.7 2.1
v 2.6 2.7 2
v 2.6 2.7 -2
v 2.6 2.7 -2.1
v 2.6 4.6 2.1
v 2.6 4.6 2
v 2.6 4.6 -2
v 2.6 4.6 -2.1
v -3.5 6.6 0.7
v -3.5 6.6 0.6
v -3.5 6.6 -0.6
v -3.5 6.6 -0.8
v -3.5 6.7 0.7
v -3.5 6.7 0.6
v -3.5 6.7 -0.6
v -3.5 6.7 -0.8
v -3 2.6 2
v -3 2.6 1.9
v -3 2.7 2
v -3 2.7 1.9
v -2.5 2.7 2.1
v -2.5 2.7 2
v -2.5 2.7 -2
v -2.5 2.7 -2.1
v -2.5 4.6 2.1
v -2.5 4.6 2
v -2.5 4.6 -2
v -2.5 4.6 -2.1
v -2.4 2.6 2
v -2.4 2.6 1.9
v -2.4 2.7 2
v -2.4 2.7 1.9
v -2.3 7.3 0.0999999
v -2.3 7.3 0
v -2.3 7.4 0.2
v -2.3 7.4 0.0999999
v -2.3 7.5 0.0999999
v -2.3 7.5 0
v -2.3 7.6 0.3
v -2.3 7.6 0.2
v -2.3 7.7 0.2
v -2.3 7.7 0.0999999
v -2.3 7.8 0.4
v -2.3 7.8 0.3
v -2.3 7.9 0.3
v -2.3 7.9 0.2
v -2.3 8 0.5
v -2.3 8 0.4
v -2.3 8.1 0.4
v -2.3 8.1 0.3
v -2.3 8.2 0.6
v -2.3 8.2 0.5
v -2.3 8.3 0.5
v -2.3 8.3 0.4
v -2.3 8.4 0.7
v -2.3 8.4 0.6
v -2.3 8.5 0.6
v -2.3 8.5 0.5
v -2.3 8.6 0.8
v -2.3 8.6 0.7
v -2.3 8.7 0.7
v -2.3 8.7 0.6
v -2.3 8.8 0.9
v -2.3 8.8 0.8
v -2.3 8.9 0.8
v -2.3 8.9 0.7
v -2.3 9 1
v -2.3 9 0.9
v -2.3 9.1 0.9
v -2.3 9.1 0.8
v -2.3 9.2 1.1
v -2.3 9.2 1
v -2.3 9.3 1
v -2.3 9.3 0.9
v -2.3 9.4 1.2
v -2.3 9.4 1.1
v -2.3 9.5 1.2
v -2.3 9.5 1
v -2.1 0.3 2.1
v -2.1 0.3 2
v -2.1 0.3 -2
v -2.1 0.3 -2.1
v -2.1 1.2 2.1
v -2.1 1.2 2
v -2.1 1.2 -1.9
v -2.1 1.2 -2
v -2.1 1.2 -2.1
v -2.1 1.3 2.1
v -2.1 1.3 2
v -2.1 1.3 -1.9
v -2.1 1.3 -2
v -2.1 1.3 -2.1
v -2.1 1.5 2.1
v -2.1 1.5 2
v -2.1 1.5 -2
v -2.1 1.5 -2.1
v -2.1 3.4 -1.9
v -2.1 3.4 -2
v -2.1 3.5 -1.9
v -2.1 3.5 -2
v -2.1 6.6 -1.9
v -2.1 6.6 -2
v -2.1 6.7 -1.9
v -2.1 6.7 -2
v -1.9 2.7 2.1
v -1.9 2.7 2
v -1.9 2.7 -2
v -1.9 2.7 -2.1
v -1.9 4.6 2.1
v -1.9 4.6 2
v -1.9 4.6 -2
v -1.9 4.6 -2.1
v -1.3 2.7 2.1
v -1.3 2.7 2
v -1.3 2.7 -2
v -1.3 2.7 -2.1
v -1.3 4.6 2.1
v -1.3 4.6 2
v -1.3 4.6 -2
v -1.3 4.6 -2.1
v -1.2 2.6 2
v -1.2 2.6 1.9
v -1.2 2.7 2
v -1.2 2.7 1.9
v -1 0.3 2.1
v -1 0.3 2
v -1 0.3 -2
v -1 0.3 -2.1
v -1 1.2 2.1
v -1 1.2 2
v -1 1.2 -1.9
v -1 1.2 -2
v -1 1.2 -2.1
v -1 1.3 2.1
v -1 1.3 2
v -1 1.3 -1.9
v -1 1.3 -2
v -1 1.3 -2.1
v -1 1.5 2.1
v -1 1.5 2
v -1 1.5 -2
v -1 1.5 -2.1
v -1 3.4 -1.9
v -1 3.4 -2
v -1 3.5 -1.9
v -1 3.5 -2
v -1 6.6 -1.9
v -1 6.6 -2
v -1 6.7 -1.9
v -1 6.7 -2
v -1 7.3 0.0999999
v -1 7.3 0
v -1 7.4 0.2
v -1 7.4 0.0999999
v -1 7.5 0.0999999
v -1 7.5 0
v -1 7.6 0.3
v -1 7.6 0.2
v -1 7.7 0.2
v -1 7.7 0.0999999
v -1 7.8 0.4
v -1 7.8 0.3
v -1 7.9 0.3
v -1 7.9 0.2
v -1 8 0.5
v -1 8 0.4
v -1 8.1 0.4
v -1 8.1 0.3
v -1 8.2 0.6
v -1 8.2 0.5
v -1 8.3 0.5
v -1 8.3 0.4
v -1 8.4 0.7
v -1 8.4 0.6
v -1 8.5 0.6
v -1 8.5 0.5
v -1 8.6 0.8
v -1 8.6 0.7
v -1 8.7 0.7
v -1 8.7 0.6
v -1 8.8 0.9
v -1 8.8 0.8
v -1 8.9 0.8
v -1 8.9 0.7
v -1 9 1
v -1 9 0.9
v -1 9.1 0.9
v -1 9.1 0.8
v -1 9.2 1.1
v -1 9.2 1
v -1 9.3 1
v -1 9.3 0.9
v -1 9.4 1.2
v -1 9.4 1.1
v -1 9.5 1.2
v -1 9.5 1
v -0.8 7.4 1.4
v -0.8 7.4 1.3
v -0.8 9.5 1.4
v -0.8 9.5 1.3
v -0.7 2.7 2.1
v -0.7 2.7 2
v -0.7 2.7 -2
v -0.7 2.7 -2.1
v -0.7 4.6 2.1
v -0.7 4.6 2
v -0.7 4.6 -2
v -0.7 4.6 -2.1
v -0.7 7.3 1.3
v -0.7 7.3 1.2
v -0.7 9.6 1.3
v -0.7 9.6 1.2
v -0.6 2.6 2
v -0.6 2.6 1.9
v -0.6 2.7 2
v -0.6 2.7 1.9
v -0.0999999 2.7 2.1
v -0.0999999 2.7 2
v -0.0999999 2.7 -2
v -0.0999999 2.7 -2.1
v -0.0999999 4.6 2.1
v -0.0999999 4.6 2
v -0.0999999 4.6 -2
v -0.0999999 4.6 -2.1
v 0 4.6 2
v 0 4.6 1.9
v 0 4.7 2
v 0 4.7 1.9
v 0.1 0.3 2.1
v 0.1 0.3 2
v 0.1 0.3 -2
v 0.1 0.3 -2.1
v 0.1 1.2 2.1
v 0.1 1.2 2
v 0.1 1.2 -1.9
v 0.1 1.2 -2
v 0.1 1.2 -2.1
v 0.1 1.3 2.1
v 0.1 1.3 2
v 0.1 1.3 -1.9
v 0.1 1.3 -2
v 0.1 1.3 -2.1
v 0.1 1.5 2.1
v 0.1 1.5 2
v 0.1 1.5 -2
v 0.1 1.5 -2.1
v 0.1 3.4 -1.9
v 0.1 3.4 -2
v 0.1 3.5 -1.9
v 0.1 3.5 -2
v 0.1 6.6 -1.9
v 0.1 6.6 -2
v 0.1 6.7 -1.9
v 0.1 6.7 -2
v 0.5 2.7 2.1
v 0.5 2.7 2
v 0.5 2.7 -2
v 0.5 2.7 -2.1
v 0.5 4.6 2.1
v 0.5 4.6 2
v 0.5 4.6 -2
v 0.5 4.6 -2.1
v 1.1 2.7 2.1
v 1.1 2.7 2
v 1.1 2.7 -2
v 1.1 2.7 -2.1
v 1.1 4.6 2.1
v 1.1 4.6 2
v 1.1 4.6 -2
v 1.1 4.6 -2.1
v 1.2 0.2 -1.9
v 1.2 0.2 -2
v 1.2 0.3 2.1
v 1.2 0.3 2
v 1.2 0.3 -1.9
v 1.2 0.3 -2
v 1.2 0.3 -2.1
v 1.2 1.2 2.1
v 1.2 1.2 2
v 1.2 1.2 -1.9
v 1.2 1.2 -2
v 1.2 1.2 -2.1
v 1.2 1.3 2.1
v 1.2 1.3 2
v 1.2 1.3 -1.9
v 1.2 1.3 -2
v 1.2 1.3 -2.1
v 1.2 1.5 2.1
v 1.2 1.5 2
v 1.2 1.5 -2
v 1.2 1.5 -2.1
v 1.2 2.4 -1.9
v 1.2 2.4 -2
v 1.2 2.5 -1.9
v 1.2 2.5 -2
v 1.2 5.6 -1.9
v 1.2 5.6 -2
v 1.2 5.7 -1.9
v 1.2 5.7 -2
v 1.2 6.6 -1.9
v 1.2 6.6 -2
v 1.2 6.7 -1.9
v 1.2 6.7 -2
v 1.7 2.7 2.1
v 1.7 2.7 2
v 1.7 2.7 -2
v 1.7 2.7 -2.1
v 1.7 4.6 2.1
v 1.7 4.6 2
v 1.7 4.6 -2
v 1.7 4.6 -2.1
v 2.2 0.3 2.1
v 2.2 0.3 2
v 2.2 0.3 -2
v 2.2 0.3 -2.1
v 2.2 1.2 2.1
v 2.2 1.2 2
v 2.2 1.2 -1.9
v 2.2 1.2 -2
v 2.2 1.2 -2.1
v 2.2 1.3 2.1
v 2.2 1.3 2
v 2.2 1.3 -1.9
v 2.2 1.3 -2
v 2.2 1.3 -2.1
v 2.2 1.5 2.1
v 2.2 1.5 2
v 2.2 1.5 -2
v 2.2 1.5 -2.1
v 2.2 3.4 -1.9
v 2.2 3.4 -2
v 2.2 3.5 -1.9
v 2.2 3.5 -2
v 2.2 6.6 -1.9
v 2.2 6.6 -2
v 2.2 6.7 -1.9
v 2.2 6.7 -2
v 2.3 2.7 2.1
v 2.3 2.7 2
v 2.3 2.7 -2
v 2.3 2.7 -2.1
v 2.3 4.6 2.1
v 2.3 4.6 2
v 2.3 4.6 -2
v 2.3 4.6 -2.1
v 2.9 1.8 1.5
v 2.9 1.8 -1.5
v 2.9 2.2 1.5
v 2.9 2.2 -1.5
v 2.9 2.7 2.1
v 2.9 2.7 2
v 2.9 2.7 -2
v 2.9 2.7 -2.1
v 2.9 4.6 2.1
v 2.9 4.6 2
v 2.9 4.6 -2
v 2.9 4.6 -2.1
v 2.9 5.1 1.5
v 2.9 5.1 -1.5
v 2.9 5.5 1.5
v 2.9 5.5 -1.5
v 3.2 0.3 2.1
v 3.2 0.3 2
v 3.2 0.3 -2
v 3.2 0.3 -2.1
v 3.2 1.2 2.1
v 3.2 1.2 2
v 3.2 1.2 -2
v 3.2 1.2 -2.1
v 3.2 1.3 2.1
v 3.2 1.3 2
v 3.2 1.3 -2
v 3.2 1.3 -2.1
v 3.2 1.5 2.1
v 3.2 1.5 2
v 3.2 1.5 -2
v 3.2 1.5 -2.1
v 3.3 7.3 1.3
v 3.3 7.3 -1.4
v 3.3 8.8 1.3
v 3.3 8.8 -1.4
v 3.3 9 1.3
v 3.3 9 -1.4
v 3.5 0 2
v 3.5 0 -2
v 3.5 0.3 1.7
v 3.5 0.3 0.7
v 3.5 0.3 0.6
v 3.5 0.3 -0.6
v 3.5 0.3 -0.7
v 3.5 0.3 -1.7
v 3.5 1.2 1.7
v 3.5 1.2 0.7
v 3.5 1.2 0.6
v 3.5 1.2 -0.6
v 3.5 1.2 -0.7
v 3.5 1.2 -1.7
v 3.5 1.3 1.7
v 3.5 1.3 0.7
v 3.5 1.3 0.6
v 3.5 1.3 -0.6
v 3.5 1.3 -0.7
v 3.5 1.3 -1.7
v 3.5 1.5 1.7
v 3.5 1.5 0.7
v 3.5 1.5 0.6
v 3.5 1.5 -0.6
v 3.5 1.5 -0.7
v 3.5 1.5 -1.7
v 3.5 1.8 2
v 3.5 1.8 -2
v 3.5 2.2 2
v 3.5 2.2 -2
v 3.5 5.1 2
v 3.5 5.1 -2
v 3.5 5.5 2
v 3.5 5.5 -2
v 3.5 5.8 2
v 3.5 5.8 -2
v 3.5 7 2
v 3.5 7 -2
v 3.5 7.3 2
v 3.5 7.3 -2
v 3.6 0.3 1.7
v 3.6 0.3 0.7
v 3.6 0.3 0.6
v 3.6 0.3 -0.6
v 3.6 0.3 -0.7
v 3.6 0.3 -1.7
v 3.6 1.2 1.7
v 3.6 1.2 0.7
v 3.6 1.2 0.6
v 3.6 1.2 -0.6
v 3.6 1.2 -0.7
v 3.6 1.2 -1.7
v 3.6 1.3 1.7
v 3.6 1.3 0.7
v 3.6 1.3 0.6
v 3.6 1.3 -0.6
v 3.6 1.3 -0.7
v 3.6 1.3 -1.7
v 3.6 1.5 1.7
v 3.6 1.5 0.7
v 3.6 1.5 0.6
v 3.6 1.5 -0.6
v 3.6 1.5 -0.7
v 3.6 1.5 -1.7
v 3.7 5.8 2.2
v 3.7 5.8 -2.2
v 3.7 7 2.2
v 3.7 7 -2.2
v -3.7 5.8 2.2
v -3.7 7 2.2
v 3.7 5.8 2.2
v 3.7 7 2.2
v -3.1 0.3 2.1
v -3.1 1.2 2.1
v -3.1 1.3 2.1
v -3.1 1.5 2.1
v -2.8 2.7 2.1
v -2.8 4.6 2.1
v -2.5 2.7 2.1
v -2.5 4.6 2.1
v -2.2 2.7 2.1
v -2.2 4.6 2.1
v -2.1 0.3 2.1
v -2.1 1.2 2.1
v -2.1 1.3 2.1
v -2.1 1.5 2.1
v -2 0.3 2.1
v -2 1.2 2.1
v -2 1.3 2.1
v -2 1.5 2.1
v -1.9 2.7 2.1
v -1.9 4.6 2.1
v -1.6 2.7 2.1
v -1.6 4.6 2.1
v -1.3 2.7 2.1
v -1.3 4.6 2.1
v -1 0.3 2.1
v -1 1.2 2.1
v -1 1.3 2.1
v -1 1.5 2.1
v -1 2.7 2.1
v -1 4.6 2.1
v -0.9 0.3 2.1
v -0.9 1.2 2.1
v -0.9 1.3 2.1
v -0.9 1.5 2.1
v -0.7 2.7 2.1
v -0.7 4.6 2.1
v -0.4 2.7 2.1
v -0.4 4.6 2.1
v -0.0999999 2.7 2.1
v -0.0999999 4.6 2.1
v 0.1 0.3 2.1
v 0.1 1.2 2.1
v 0.1 1.3 2.1
v 0.1 1.5 2.1
v 0.2 0.3 2.1
v 0.2 1.2 2.1
v 0.2 1.3 2.1
v 0.2 1.5 2.1
v 0.2 2.7 2.1
v 0.2 4.6 2.1
v 0.5 2.7 2.1
v 0.5 4.6 2.1
v 0.8 2.7 2.1
v 0.8 4.6 2.1
v 1.1 2.7 2.1
v 1.1 4.6 2.1
v 1.2 0.3 2.1
v 1.2 1.2 2.1
v 1.2 1.3 2.1
v 1.2 1.5 2.1
v 1.3 0.3 2.1
v 1.3 1.2 2.1
v 1.3 1.3 2.1
v 1.3 1.5 2.1
v 1.4 2.7 2.1
v 1.4 4.6 2.1
v 1.7 2.7 2.1
v 1.7 4.6 2.1
v 2 2.7 2.1
v 2 4.6 2.1
v 2.2 0.3 2.1
v 2.2 1.2 2.1
v 2.2 1.3 2.1
v 2.2 1.5 2.1
v 2.3 0.3 2.1
v 2.3 1.2 2.1
v 2.3 1.3 2.1
v 2.3 1.5 2.1
v 2.3 2.7 2.1
v 2.3 4.6 2.1
v 2.6 2.7 2.1
v 2.6 4.6 2.1
v 2.9 2.7 2.1
v 2.9 4.6 2.1
v 3.2 0.3 2.1
v 3.2 1.2 2.1
v 3.2 1.3 2.1
v 3.2 1.5 2.1
v -3.5 0 2
v -3.5 1.8 2
v -3.5 2.2 2
v -3.5 5.1 2
v -3.5 5.5 2
v -3.5 5.8 2
v -3.5 7 2
v -3.5 7.3 2
v -3.1 0.3 2
v -3.1 1.2 2
v -3.1 1.3 2
v -3.1 1.5 2
v -3 2.6 2
v -3 2.7 2
v -2.9 2.6 2
v -2.9 2.7 2
v -2.8 2.7 2
v -2.8 4.6 2
v -2.5 2.7 2
v -2.5 4.6 2
v -2.4 2.6 2
v -2.4 2.7 2
v -2.4 4.6 2
v -2.3 2.6 2
v -2.3 2.7 2
v -2.3 4.6 2
v -2.2 2.7 2
v -2.2 4.6 2
v -2.1 0.3 2
v -2.1 1.2 2
v -2.1 1.3 2
v -2.1 1.5 2
v -2 0.3 2
v -2 1.2 2
v -2 1.3 2
v -2 1.5 2
v -1.9 2.7 2
v -1.9 4.6 2
v -1.8 2.7 2
v -1.8 4.6 2
v -1.7 2.7 2
v -1.7 4.6 2
v -1.6 2.7 2
v -1.6 4.6 2
v -1.3 2.7 2
v -1.3 4.6 2
v -1.2 2.6 2
v -1.2 2.7 2
v -1.2 4.6 2
v -1.1 2.6 2
v -1.1 2.7 2
v -1.1 4.6 2
v -1 0.3 2
v -1 1.2 2
v -1 1.3 2
v -1 1.5 2
v -1 2.7 2
v -1 4.6 2
v -0.9 0.3 2
v -0.9 1.2 2
v -0.9 1.3 2
v -0.9 1.5 2
v -0.7 2.7 2
v -0.7 4.6 2
v -0.6 2.6 2
v -0.6 2.7 2
v -0.6 4.6 2
v -0.5 2.7 2
v -0.5 4.6 2
v -0.4 2.6 2
v -0.4 2.7 2
v -0.4 4.6 2
v -0.0999999 2.7 2
v -0.0999999 4.6 2
v 0 2.7 2
v 0 4.6 2
v 0 4.7 2
v 0.1 0.3 2
v 0.1 1.2 2
v 0.1 1.3 2
v 0.1 1.5 2
v 0.1 2.7 2
v 0.1 4.6 2
v 0.1 4.7 2
v 0.2 0.3 2
v 0.2 1.2 2
v 0.2 1.3 2
v 0.2 1.5 2
v 0.2 2.7 2
v 0.2 4.6 2
v 0.5 2.7 2
v 0.5 4.6 2
v 0.6 2.7 2
v 0.6 4.6 2
v 0.7 2.7 2
v 0.7 4.6 2
v 0.8 2.7 2
v 0.8 4.6 2
v 1.1 2.7 2
v 1.1 4.6 2
v 1.2 0.3 2
v 1.2 1.2 2
v 1.2 1.3 2
v 1.2 1.5 2
v 1.2 2.7 2
v 1.2 4.6 2
v 1.3 0.3 2
v 1.3 1.2 2
v 1.3 1.3 2
v 1.3 1.5 2
v 1.3 2.7 2
v 1.3 4.6 2
v 1.4 2.7 2
v 1.4 4.6 2
v 1.7 2.7 2
v 1.7 4.6 2
v 1.8 2.7 2
v 1.8 4.6 2
v 1.9 2.7 2
v 1.9 4.6 2
v 2 2.7 2
v 2 4.6 2
v 2.2 0.3 2
v 2.2 1.2 2
v 2.2 1.3 2
v 2.2 1.5 2
v 2.3 0.3 2
v 2.3 1.2 2
v 2.3 1.3 2
v 2.3 1.5 2
v 2.3 2.7 2
v 2.3 4.6 2
v 2.4 2.7 2
v 2.4 4.6 2
v 2.5 2.7 2
v 2.5 4.6 2
v 2.6 2.7 2
v 2.6 4.6 2
v 2.9 2.7 2
v 2.9 4.6 2
v 3.2 0.3 2
v 3.2 1.2 2
v 3.2 1.3 2
v 3.2 1.5 2
v 3.5 0 2
v 3.5 1.8 2
v 3.5 2.2 2
v 3.5 5.1 2
v 3.5 5.5 2
v 3.5 5.8 2
v 3.5 7 2
v 3.5 7.3 2
v -3 2.6 1.9
v -3 2.7 1.9
v -2.9 2.6 1.9
v -2.9 2.7 1.9
v -2.4 2.6 1.9
v -2.4 2.7 1.9
v -2.3 2.6 1.9
v -2.3 2.7 1.9
v -1.2 2.6 1.9
v -1.2 2.7 1.9
v -1.1 2.6 1.9
v -1.1 2.7 1.9
v -0.6 2.6 1.9
v -0.6 2.7 1.9
v -0.5 2.7 1.9
v -0.4 2.6 1.9
v -0.4 2.7 1.9
v 0 4.6 1.9
v 0 4.7 1.9
v 0.1 4.6 1.9
v 0.1 4.7 1.9
v -3.6 0.3 1.7
v -3.6 1.2 1.7
v -3.6 1.3 1.7
v -3.6 1.5 1.7
v -3.5 0.3 1.7
v -3.5 1.2 1.7
v -3.5 1.3 1.7
v -3.5 1.5 1.7
v 3.5 0.3 1.7
v 3.5 1.2 1.7
v 3.5 1.3 1.7
v 3.5 1.5 1.7
v 3.6 0.3 1.7
v 3.6 1.2 1.7
v 3.6 1.3 1.7
v 3.6 1.5 1.7
v -3 1.8 1.5
v -3 2.2 1.5
v -3 5.1 1.5
v -3 5.5 1.5
v 2.9 1.8 1.5
v 2.9 2.2 1.5
v 2.9 5.1 1.5
v 2.9 5.5 1.5
v -2.7 7.4 1.4
v -2.7 9.5 1.4
v -2.4 7.6 1.4
v -2.4 7.9 1.4
v -2.4 8.3 1.4
v -2.4 8.6 1.4
v -2.4 9 1.4
v -2.4 9.3 1.4
v -2.3 7.5 1.4
v -2.3 7.6 1.4
v -2.3 7.8 1.4
v -2.3 7.9 1.4
v -2.3 8 1.4
v -2.3 8.2 1.4
v -2.3 8.3 1.4
v -2.3 8.4 1.4
v -2.3 8.6 1.4
v -2.3 8.7 1.4
v -2.3 8.9 1.4
v -2.3 9 1.4
v -2.3 9.2 1.4
v -2.3 9.3 1.4
v -2.3 9.4 1.4
v -2.2 7.7 1.4
v -2.2 7.8 1.4
v -2.2 7.9 1.4
v -2.2 8.3 1.4
v -2.2 8.4 1.4
v -2.2 8.5 1.4
v -2.2 9.1 1.4
v -2.2 9.2 1.4
v -2.2 9.3 1.4
v -2.1 7.6 1.4
v -2.1 7.7 1.4
v -2.1 7.8 1.4
v -2.1 8.4 1.4
v -2.1 8.5 1.4
v -2.1 8.6 1.4
v -2.1 9 1.4
v -2.1 9.1 1.4
v -2.1 9.2 1.4
v -2 7.5 1.4
v -2 7.6 1.4
v -2 7.7 1.4
v -2 7.9 1.4
v -2 8 1.4
v -2 8.2 1.4
v -2 8.3 1.4
v -2 8.5 1.4
v -2 8.6 1.4
v -2 8.7 1.4
v -2 8.9 1.4
v -2 9 1.4
v -2 9.1 1.4
v -2 9.3 1.4
v -2 9.4 1.4
v -1.9 7.6 1.4
v -1.9 7.9 1.4
v -1.9 8.3 1.4
v -1.9 8.6 1.4
v -1.9 9 1.4
v -1.9 9.3 1.4
v -1.5 8.5 1.4
v -1.5 8.7 1.4
v -1.4 8.4 1.4
v -1.4 8.5 1.4
v -1.4 8.6 1.4
v -1.4 8.7 1.4
v -1.4 8.9 1.4
v -1.3 8.2 1.4
v -1.3 8.4 1.4
v -1.3 8.6 1.4
v -1.3 8.8 1.4
v -1.3 8.9 1.4
v -1.3 9.1 1.4
v -1.2 7.8 1.4
v -1.2 8.2 1.4
v -1.2 8.8 1.4
v -1.2 9.1 1.4
v -1.2 9.3 1.4
v -1.1 7.8 1.4
v -1.1 9.3 1.4
v -1 7.9 1.4
v -1 8 1.4
v -1 8.1 1.4
v -1 8.2 1.4
v -1 8.3 1.4
v -1 8.4 1.4
v -1 8.5 1.4
v -1 8.6 1.4
v -1 8.7 1.4
v -1 8.8 1.4
v -1 8.9 1.4
v -1 9 1.4
v -1 9.1 1.4
v -1 9.2 1.4
v -0.9 7.9 1.4
v -0.9 8 1.4
v -0.9 8.1 1.4
v -0.9 8.2 1.4
v -0.9 8.3 1.4
v -0.9 8.4 1.4
v -0.9 8.5 1.4
v -0.9 8.6 1.4
v -0.9 8.7 1.4
v -0.9 8.8 1.4
v -0.9 8.9 1.4
v -0.9 9 1.4
v -0.9 9.1 1.4
v -0.9 9.2 1.4
v -0.8 7.4 1.4
v -0.8 9.5 1.4
v -2.8 7.3 1.3
v -2.8 9.6 1.3
v -2.7 7.4 1.3
v -2.7 9.5 1.3
v -0.8 7.4 1.3
v -0.8 9.5 1.3
v -0.7 7.3 1.3
v -0.7 9.6 1.3
v 0.6 7.3 1.3
v 0.6 8.8 1.3
v 0.6 9 1.3
v 3.3 7.3 1.3
v 3.3 8.8 1.3
v 3.3 9 1.3
v -2.5 9.2 1.1
v -2.5 9.4 1.1
v -2.3 9.2 1.1
v -2.3 9.4 1.1
v -1.2 9.2 1.1
v -1.2 9.4 1.1
v -1 9.2 1.1
v -1 9.4 1.1
v -2.5 9 1
v -2.5 9.2 1
v -2.3 9 1
v -2.3 9.2 1
v -1.2 9 1
v -1.2 9.2 1
v -1 9 1
v -1 9.2 1
v -2.5 8.8 0.9
v -2.5 9 0.9
v -2.3 8.8 0.9
v -2.3 9 0.9
v -1.2 8.8 0.9
v -1.2 9 0.9
v -1 8.8 0.9
v -1 9 0.9
v -2.5 8.6 0.8
v -2.5 8.8 0.8
v -2.3 8.6 0.8
v -2.3 8.8 0.8
v -1.2 8.6 0.8
v -1.2 8.8 0.8
v -1 8.6 0.8
v -1 8.8 0.8
v -2.5 8.4 0.7
v -2.5 8.6 0.7
v -2.3 8.4 0.7
v -2.3 8.6 0.7
v -1.2 8.4 0.7
v -1.2 8.6 0.7
v -1 8.4 0.7
v -1 8.6 0.7
v -3.6 0.3 0.6
v -3.6 1.2 0.6
v -3.6 1.3 0.6
v -3.6 1.5 0.6
v -3.5 0.3 0.6
v -3.5 1.2 0.6
v -3.5 1.3 0.6
v -3.5 1.5 0.6
v -3.5 3.4 0.6
v -3.5 3.5 0.6
v -3.5 6.6 0.6
v -3.5 6.7 0.6
v -3.4 1.2 0.6
v -3.4 1.3 0.6
v -3.4 3.4 0.6
v -3.4 3.5 0.6
v -3.4 6.6 0.6
v -3.4 6.7 0.6
v -2.5 8.2 0.6
v -2.5 8.4 0.6
v -2.3 8.2 0.6
v -2.3 8.4 0.6
v -1.2 8.2 0.6
v -1.2 8.4 0.6
v -1 8.2 0.6
v -1 8.4 0.6
v 3.5 0.3 0.6
v 3.5 1.2 0.6
v 3.5 1.3 0.6
v 3.5 1.5 0.6
v 3.6 0.3 0.6
v 3.6 1.2 0.6
v 3.6 1.3 0.6
v 3.6 1.5 0.6
v -3.5 0.2 0.5
v -3.5 0.3 0.5
v -3.5 2.4 0.5
v -3.5 2.5 0.5
v -3.5 5.6 0.5
v -3.5 5.7 0.5
v -3.4 0.2 0.5
v -3.4 0.3 0.5
v -3.4 2.4 0.5
v -3.4 2.5 0.5
v -3.4 5.6 0.5
v -3.4 5.7 0.5
v -2.5 8 0.5
v -2.5 8.2 0.5
v -2.3 8 0.5
v -2.3 8.2 0.5
v -1.2 8 0.5
v -1.2 8.2 0.5
v -1 8 0.5
v -1 8.2 0.5
v -2.5 7.8 0.4
v -2.5 8 0.4
v -2.3 7.8 0.4
v -2.3 8 0.4
v -1.2 7.8 0.4
v -1.2 8 0.4
v -1 7.8 0.4
v -1 8 0.4
v -2.5 7.6 0.3
v -2.5 7.8 0.3
v -2.3 7.6 0.3
v -2.3 7.8 0.3
v -1.2 7.6 0.3
v -1.2 7.8 0.3
v -1 7.6 0.3
v -1 7.8 0.3
v -2.5 7.4 0.2
v -2.5 7.6 0.2
v -2.3 7.4 0.2
v -2.3 7.6 0.2
v -1.2 7.4 0.2
v -1.2 7.6 0.2
v -1 7.4 0.2
v -1 7.6 0.2
v -2.5 7.3 0.0999999
v -2.5 7.4 0.0999999
v -2.3 7.3 0.0999999
v -2.3 7.4 0.0999999
v -1.2 7.3 0.0999999
v -1.2 7.4 0.0999999
v -1 7.3 0.0999999
v -1 7.4 0.0999999
v -3.6 0.3 -0.7
v -3.6 1.2 -0.7
v -3.6 1.3 -0.7
v -3.6 1.5 -0.7
v -3.5 0.2 -0.7
v -3.5 0.3 -0.7
v -3.5 1.2 -0.7
v -3.5 1.3 -0.7
v -3.5 1.5 -0.7
v -3.5 2.4 -0.7
v -3.5 2.5 -0.7
v -3.5 5.6 -0.7
v -3.5 5.7 -0.7
v -3.4 0.2 -0.7
v -3.4 0.3 -0.7
v -3.4 2.4 -0.7
v -3.4 2.5 -0.7
v -3.4 5.6 -0.7
v -3.4 5.7 -0.7
v 3.5 0.3 -0.7
v 3.5 1.2 -0.7
v 3.5 1.3 -0.7
v 3.5 1.5 -0.7
v 3.6 0.3 -0.7
v 3.6 1.2 -0.7
v 3.6 1.3 -0.7
v 3.6 1.5 -0.7
v -3.5 1.2 -0.8
v -3.5 1.3 -0.8
v -3.5 3.4 -0.8
v -3.5 3.5 -0.8
v -3.5 6.6 -0.8
v -3.5 6.7 -0.8
v -3.4 1.2 -0.8
v -3.4 1.3 -0.8
v -3.4 3.4 -0.8
v -3.4 3.5 -0.8
v -3.4 6.6 -0.8
v -3.4 6.7 -0.8
v -2.1 3.4 -2
v -2.1 3.5 -2
v -2.1 6.6 -2
v -2.1 6.7 -2
v -2 3.4 -2
v -2 3.5 -2
v -2 6.6 -2
v -2 6.7 -2
v -1 3.4 -2
v -1 3.5 -2
v -1 6.6 -2
v -1 6.7 -2
v -0.9 3.4 -2
v -0.9 3.5 -2
v -0.9 6.6 -2
v -0.9 6.7 -2
v 0.1 6.6 -2
v 0.1 6.7 -2
v 0.2 6.6 -2
v 0.2 6.7 -2
v 1.2 6.6 -2
v 1.2 6.7 -2
v 1.3 6.6 -2
v 1.3 6.7 -2
v 2.2 3.4 -2
v 2.2 3.5 -2
v 2.2 6.6 -2
v 2.2 6.7 -2
v 2.3 3.4 -2
v 2.3 3.5 -2
v 2.3 6.6 -2
v 2.3 6.7 -2
v -2.8 7.3 1.2
v -2.8 9.6 1.2
v -2.5 9.4 1.2
v -2.5 9.5 1.2
v -2.3 9.4 1.2
v -2.3 9.5 1.2
v -1.2 9.4 1.2
v -1.2 9.5 1.2
v -1 9.4 1.2
v -1 9.5 1.2
v -0.7 7.3 1.2
v -0.7 9.6 1.2
v -2.5 9.3 1
v -2.5 9.5 1
v -2.3 9.3 1
v -2.3 9.5 1
v -1.2 9.3 1
v -1.2 9.5 1
v -1 9.3 1
v -1 9.5 1
v -2.5 9.1 0.9
v -2.5 9.3 0.9
v -2.3 9.1 0.9
v -2.3 9.3 0.9
v -1.2 9.1 0.9
v -1.2 9.3 0.9
v -1 9.1 0.9
v -1 9.3 0.9
v -2.5 8.9 0.8
v -2.5 9.1 0.8
v -2.3 8.9 0.8
v -2.3 9.1 0.8
v -1.2 8.9 0.8
v -1.2 9.1 0.8
v -1 8.9 0.8
v -1 9.1 0.8
v -3.6 0.3 0.7
v -3.6 1.2 0.7
v -3.6 1.3 0.7
v -3.6 1.5 0.7
v -3.5 0.3 0.7
v -3.5 1.2 0.7
v -3.5 1.3 0.7
v -3.5 1.5 0.7
v -3.5 3.4 0.7
v -3.5 3.5 0.7
v -3.5 6.6 0.7
v -3.5 6.7 0.7
v -3.4 1.2 0.7
v -3.4 1.3 0.7
v -3.4 3.4 0.7
v -3.4 3.5 0.7
v -3.4 6.6 0.7
v -3.4 6.7 0.7
v -2.5 8.7 0.7
v -2.5 8.9 0.7
v -2.3 8.7 0.7
v -2.3 8.9 0.7
v -1.2 8.7 0.7
v -1.2 8.9 0.7
v -1 8.7 0.7
v -1 8.9 0.7
v 3.5 0.3 0.7
v 3.5 1.2 0.7
v 3.5 1.3 0.7
v 3.5 1.5 0.7
v 3.6 0.3 0.7
v 3.6 1.2 0.7
v 3.6 1.3 0.7
v 3.6 1.5 0.7
v -3.5 0.2 0.6
v -3.5 0.3 0.6
v -3.5 2.4 0.6
v -3.5 2.5 0.6
v -3.5 5.6 0.6
v -3.5 5.7 0.6
v -3.4 0.2 0.6
v -3.4 0.3 0.6
v -3.4 2.4 0.6
v -3.4 2.5 0.6
v -3.4 5.6 0.6
v -3.4 5.7 0.6
v -2.5 8.5 0.6
v -2.5 8.7 0.6
v -2.3 8.5 0.6
v -2.3 8.7 0.6
v -1.2 8.5 0.6
v -1.2 8.7 0.6
v -1 8.5 0.6
v -1 8.7 0.6
v -2.5 8.3 0.5
v -2.5 8.5 0.5
v -2.3 8.3 0.5
v -2.3 8.5 0.5
v -1.2 8.3 0.5
v -1.2 8.5 0.5
v -1 8.3 0.5
v -1 8.5 0.5
v -2.5 8.1 0.4
v -2.5 8.3 0.4
v -2.3 8.1 0.4
v -2.3 8.3 0.4
v -1.2 8.1 0.4
v -1.2 8.3 0.4
v -1 8.1 0.4
v -1 8.3 0.4
v -2.5 7.9 0.3
v -2.5 8.1 0.3
v -2.3 7.9 0.3
v -2.3 8.1 0.3
v -1.2 7.9 0.3
v -1.2 8.1 0.3
v -1 7.9 0.3
v -1 8.1 0.3
v -2.5 7.7 0.2
v -2.5 7.9 0.2
v -2.3 7.7 0.2
v -2.3 7.9 0.2
v -1.2 7.7 0.2
v -1.2 7.9 0.2
v -1 7.7 0.2
v -1 7.9 0.2
v -2.5 7.5 0.0999999
v -2.5 7.7 0.0999999
v -2.3 7.5 0.0999999
v -2.3 7.7 0.0999999
v -1.2 7.5 0.0999999
v -1.2 7.7 0.0999999
v -1 7.5 0.0999999
v -1 7.7 0.0999999
v -2.5 7.3 0
v -2.5 7.5 0
v -2.3 7.3 0
v -2.3 7.5 0
v -1.2 7.3 0
v -1.2 7.5 0
v -1 7.3 0
v -1 7.5 0
v -3.6 0.3 -0.6
v -3.6 1.2 -0.6
v -3.6 1.3 -0.6
v -3.6 1.5 -0.6
v -3.5 0.2 -0.6
v -3.5 0.3 -0.6
v -3.5 1.2 -0.6
v -3.5 1.3 -0.6
v -3.5 1.5 -0.6
v -3.5 2.4 -0.6
v -3.5 2.5 -0.6
v -3.5 3.4 -0.6
v -3.5 3.5 -0.6
v -3.5 5.6 -0.6
v -3.5 5.7 -0.6
v -3.5 6.6 -0.6
v -3.5 6.7 -0.6
v -3.4 0.2 -0.6
v -3.4 0.3 -0.6
v -3.4 1.2 -0.6
v -3.4 1.3 -0.6
v -3.4 2.4 -0.6
v -3.4 2.5 -0.6
v -3.4 3.4 -0.6
v -3.4 3.5 -0.6
v -3.4 5.6 -0.6
v -3.4 5.7 -0.6
v -3.4 6.6 -0.6
v -3.4 6.7 -0.6
v 3.5 0.3 -0.6
v 3.5 1.2 -0.6
v 3.5 1.3 -0.6
v 3.5 1.5 -0.6
v 3.6 0.3 -0.6
v 3.6 1.2 -0.6
v 3.6 1.3 -0.6
v 3.6 1.5 -0.6
v 0.6 7.3 -1.4
v 0.6 8.8 -1.4
v 0.6 9 -1.4
v 3.3 7.3 -1.4
v 3.3 8.8 -1.4
v 3.3 9 -1.4
v -3 1.8 -1.5
v -3 2.2 -1.5
v -3 5.1 -1.5
v -3 5.5 -1.5
v 2.9 1.8 -1.5
v 2.9 2.2 -1.5
v 2.9 5.1 -1.5
v 2.9 5.5 -1.5
v -3.6 0.3 -1.7
v -3.6 1.2 -1.7
v -3.6 1.3 -1.7
v -3.6 1.5 -1.7
v -3.5 0.3 -1.7
v -3.5 1.2 -1.7
v -3.5 1.3 -1.7
v -3.5 1.5 -1.7
v 3.5 0.3 -1.7
v 3.5 1.2 -1.7
v 3.5 1.3 -1.7
v 3.5 1.5 -1.7
v 3.6 0.3 -1.7
v 3.6 1.2 -1.7
v 3.6 1.3 -1.7
v 3.6 1.5 -1.7
v -2.1 1.2 -1.9
v -2.1 1.3 -1.9
v -2.1 3.4 -1.9
v -2.1 3.5 -1.9
v -2.1 6.6 -1.9
v -2.1 6.7 -1.9
v -2 1.2 -1.9
v -2 1.3 -1.9
v -2 3.4 -1.9
v -2 3.5 -1.9
v -2 6.6 -1.9
v -2 6.7 -1.9
v -1 1.2 -1.9
v -1 1.3 -1.9
v -1 3.4 -1.9
v -1 3.5 -1.9
v -1 6.6 -1.9
v -1 6.7 -1.9
v -0.9 1.2 -1.9
v -0.9 1.3 -1.9
v -0.9 3.4 -1.9
v -0.9 3.5 -1.9
v -0.9 6.6 -1.9
v -0.9 6.7 -1.9
v 0.1 1.2 -1.9
v 0.1 1.3 -1.9
v 0.1 3.4 -1.9
v 0.1 3.5 -1.9
v 0.1 6.6 -1.9
v 0.1 6.7 -1.9
v 0.2 1.2 -1.9
v 0.2 1.3 -1.9
v 0.2 3.4 -1.9
v 0.2 3.5 -1.9
v 0.2 6.6 -1.9
v 0.2 6.7 -1.9
v 1.2 0.2 -1.9
v 1.2 0.3 -1.9
v 1.2 1.2 -1.9
v 1.2 1.3 -1.9
v 1.2 2.4 -1.9
v 1.2 2.5 -1.9
v 1.2 5.6 -1.9
v 1.2 5.7 -1.9
v 1.2 6.6 -1.9
v 1.2 6.7 -1.9
v 1.3 0.2 -1.9
v 1.3 0.3 -1.9
v 1.3 1.2 -1.9
v 1.3 1.3 -1.9
v 1.3 2.4 -1.9
v 1.3 2.5 -1.9
v 1.3 5.6 -1.9
v 1.3 5.7 -1.9
v 1.3 6.6 -1.9
v 1.3 6.7 -1.9
v 2.2 1.2 -1.9
v 2.2 1.3 -1.9
v 2.2 3.4 -1.9
v 2.2 3.5 -1.9
v 2.2 6.6 -1.9
v 2.2 6.7 -1.9
v 2.3 1.2 -1.9
v 2.3 1.3 -1.9
v 2.3 3.4 -1.9
v 2.3 3.5 -1.9
v 2.3 6.6 -1.9
v 2.3 6.7 -1.9
v -3.5 0 -2
v -3.5 1.8 -2
v -3.5 2.2 -2
v -3.5 5.1 -2
v -3.5 5.5 -2
v -3.5 5.8 -2
v -3.5 7 -2
v -3.5 7.3 -2
v -3.1 0.3 -2
v -3.1 1.2 -2
v -3.1 1.3 -2
v -3.1 1.5 -2
v -2.8 2.7 -2
v -2.8 4.6 -2
v -2.5 2.7 -2
v -2.5 4.6 -2
v -2.4 2.7 -2
v -2.4 4.6 -2
v -2.3 2.7 -2
v -2.3 4.6 -2
v -2.2 2.7 -2
v -2.2 4.6 -2
v -2.1 0.3 -2
v -2.1 1.2 -2
v -2.1 1.3 -2
v -2.1 1.5 -2
v -2 0.3 -2
v -2 1.2 -2
v -2 1.3 -2
v -2 1.5 -2
v -1.9 2.7 -2
v -1.9 4.6 -2
v -1.8 2.7 -2
v -1.8 4.6 -2
v -1.7 2.7 -2
v -1.7 4.6 -2
v -1.6 2.7 -2
v -1.6 4.6 -2
v -1.3 2.7 -2
v -1.3 4.6 -2
v -1.2 2.7 -2
v -1.2 4.6 -2
v -1.1 2.7 -2
v -1.1 4.6 -2
v -1 0.3 -2
v -1 1.2 -2
v -1 1.3 -2
v -1 1.5 -2
v -1 2.7 -2
v -1 4.6 -2
v -0.9 0.3 -2
v -0.9 1.2 -2
v -0.9 1.3 -2
v -0.9 1.5 -2
v -0.7 2.7 -2
v -0.7 4.6 -2
v -0.6 2.7 -2
v -0.6 4.6 -2
v -0.5 2.7 -2
v -0.5 4.6 -2
v -0.4 2.7 -2
v -0.4 4.6 -2
v -0.0999999 2.7 -2
v -0.0999999 4.6 -2
v 0 2.7 -2
v 0 4.6 -2
v 0.1 0.3 -2
v 0.1 1.2 -2
v 0.1 1.3 -2
v 0.1 1.5 -2
v 0.1 2.7 -2
v 0.1 3.4 -2
v 0.1 3.5 -2
v 0.1 4.6 -2
v 0.2 0.3 -2
v 0.2 1.2 -2
v 0.2 1.3 -2
v 0.2 1.5 -2
v 0.2 2.7 -2
v 0.2 3.4 -2
v 0.2 3.5 -2
v 0.2 4.6 -2
v 0.5 2.7 -2
v 0.5 4.6 -2
v 0.6 2.7 -2
v 0.6 4.6 -2
v 0.7 2.7 -2
v 0.7 4.6 -2
v 0.8 2.7 -2
v 0.8 4.6 -2
v 1.1 2.7 -2
v 1.1 4.6 -2
v 1.2 0.2 -2
v 1.2 0.3 -2
v 1.2 1.2 -2
v 1.2 1.3 -2
v 1.2 1.5 -2
v 1.2 2.4 -2
v 1.2 2.5 -2
v 1.2 2.7 -2
v 1.2 4.6 -2
v 1.2 5.6 -2
v 1.2 5.7 -2
v 1.3 0.2 -2
v 1.3 0.3 -2
v 1.3 1.2 -2
v 1.3 1.3 -2
v 1.3 1.5 -2
v 1.3 2.4 -2
v 1.3 2.5 -2
v 1.3 2.7 -2
v 1.3 4.6 -2
v 1.3 5.6 -2
v 1.3 5.7 -2
v 1.4 2.7 -2
v 1.4 4.6 -2
v 1.7 2.7 -2
v 1.7 4.6 -2
v 1.8 2.7 -2
v 1.8 4.6 -2
v 1.9 2.7 -2
v 1.9 4.6 -2
v 2 2.7 -2
v 2 4.6 -2
v 2.2 0.3 -2
v 2.2 1.2 -2
v 2.2 1.3 -2
v 2.2 1.5 -2
v 2.3 0.3 -2
v 2.3 1.2 -2
v 2.3 1.3 -2
v 2.3 1.5 -2
v 2.3 2.7 -2
v 2.3 4.6 -2
v 2.4 2.7 -2
v 2.4 4.6 -2
v 2.5 2.7 -2
v 2.5 4.6 -2
v 2.6 2.7 -2
v 2.6 4.6 -2
v 2.9 2.7 -2
v 2.9 4.6 -2
v 3.2 0.3 -2
v 3.2 1.2 -2
v 3.2 1.3 -2
v 3.2 1.5 -2
v 3.5 0 -2
v 3.5 1.8 -2
v 3.5 2.2 -2
v 3.5 5.1 -2
v 3.5 5.5 -2
v 3.5 5.8 -2
v 3.5 7 -2
v 3.5 7.3 -2
v -3.1 0.3 -2.1
v -3.1 1.2 -2.1
v -3.1 1.3 -2.1
v -3.1 1.5 -2.1
v -2.8 2.7 -2.1
v -2.8 4.6 -2.1
v -2.5 2.7 -2.1
v -2.5 4.6 -2.1
v -2.2 2.7 -2.1
v -2.2 4.6 -2.1
v -2.1 0.3 -2.1
v -2.1 1.2 -2.1
v -2.1 1.3 -2.1
v -2.1 1.5 -2.1
v -2 0.3 -2.1
v -2 1.2 -2.1
v -2 1.3 -2.1
v -2 1.5 -2.1
v -1.9 2.7 -2.1
v -1.9 4.6 -2.1
v -1.6 2.7 -2.1
v -1.6 4.6 -2.1
v -1.3 2.7 -2.1
v -1.3 4.6 -2.1
v -1 0.3 -2.1
v -1 1.2 -2.1
v -1 1.3 -2.1
v -1 1.5 -2.1
v -1 2.7 -2.1
v -1 4.6 -2.1
v -0.9 0.3 -2.1
v -0.9 1.2 -2.1
v -0.9 1.3 -2.1
v -0.9 1.5 -2.1
v -0.7 2.7 -2.1
v -0.7 4.6 -2.1
v -0.4 2.7 -2.1
v -0.4 4.6 -2.1
v -0.0999999 2.7 -2.1
v -0.0999999 4.6 -2.1
v 0.1 0.3 -2.1
v 0.1 1.2 -2.1
v 0.1 1.3 -2.1
v 0.1 1.5 -2.1
v 0.2 0.3 -2.1
v 0.2 1.2 -2.1
v 0.2 1.3 -2.1
v 0.2 1.5 -2.1
v 0.2 2.7 -2.1
v 0.2 4.6 -2.1
v 0.5 2.7 -2.1
v 0.5 4.6 -2.1
v 0.8 2.7 -2.1
v 0.8 4.6 -2.1
v 1.1 2.7 -2.1
v 1.1 4.6 -2.1
v 1.2 0.3 -2.1
v 1.2 1.2 -2.1
v 1.2 1.3 -2.1
v 1.2 1.5 -2.1
v 1.3 0.3 -2.1
v 1.3 1.2 -2.1
v 1.3 1.3 -2.1
v 1.3 1.5 -2.1
v 1.4 2.7 -2.1
v 1.4 4.6 -2.1
v 1.7 2.7 -2.1
v 1.7 4.6 -2.1
v 2 2.7 -2.1
v 2 4.6 -2.1
v 2.2 0.3 -2.1
v 2.2 1.2 -2.1
v 2.2 1.3 -2.1
v 2.2 1.5 -2.1
v 2.3 0.3 -2.1
v 2.3 1.2 -2.1
v 2.3 1.3 -2.1
v 2.3 1.5 -2.1
v 2.3 2.7 -2.1
v 2.3 4.6 -2.1
v 2.6 2.7 -2.1
v 2.6 4.6 -2.1
v 2.9 2.7 -2.1
v 2.9 4.6 -2.1
v 3.2 0.3 -2.1
v 3.2 1.2 -2.1
v 3.2 1.3 -2.1
v 3.2 1.5 -2.1
v -3.7 5.8 -2.2
v -3.7 7 -2.2
v 3.7 5.8 -2.2
v 3.7 7 -2.2
v -3.5 0 2
v 3.5 0 2
v -3.5 0 -2
v 3.5 0 -2
v -3.1 0.3 2.1
v -2.1 0.3 2.1
v -2 0.3 2.1
v -1 0.3 2.1
v -0.9 0.3 2.1
v 0.1 0.3 2.1
v 0.2 0.3 2.1
v 1.2 0.3 2.1
v 1.3 0.3 2.1
v 2.2 0.3 2.1
v 2.3 0.3 2.1
v 3.2 0.3 2.1
v -3.1 0.3 2
v -2.1 0.3 2
v -2 0.3 2
v -1 0.3 2
v -0.9 0.3 2
v 0.1 0.3 2
v 0.2 0.3 2
v 1.2 0.3 2
v 1.3 0.3 2
v 2.2 0.3 2
v 2.3 0.3 2
v 3.2 0.3 2
v -3.6 0.3 1.7
v -3.5 0.3 1.7
v 3.5 0.3 1.7
v 3.6 0.3 1.7
v -3.6 0.3 0.7
v -3.5 0.3 0.7
v 3.5 0.3 0.7
v 3.6 0.3 0.7
v -3.6 0.3 0.6
v -3.5 0.3 0.6
v -3.4 0.3 0.6
v 3.5 0.3 0.6
v 3.6 0.3 0.6
v -3.5 0.3 0.5
v -3.4 0.3 0.5
v -3.6 0.3 -0.6
v -3.5 0.3 -0.6
v -3.4 0.3 -0.6
v 3.5 0.3 -0.6
v 3.6 0.3 -0.6
v -3.6 0.3 -0.7
v -3.5 0.3 -0.7
v -3.4 0.3 -0.7
v 3.5 0.3 -0.7
v 3.6 0.3 -0.7
v -3.6 0.3 -1.7
v -3.5 0.3 -1.7
v 3.5 0.3 -1.7
v 3.6 0.3 -1.7
v 1.2 0.3 -1.9
v 1.3 0.3 -1.9
v -3.1 0.3 -2
v -2.1 0.3 -2
v -2 0.3 -2
v -1 0.3 -2
v -0.9 0.3 -2
v 0.1 0.3 -2
v 0.2 0.3 -2
v 1.2 0.3 -2
v 1.3 0.3 -2
v 2.2 0.3 -2
v 2.3 0.3 -2
v 3.2 0.3 -2
v -3.1 0.3 -2.1
v -2.1 0.3 -2.1
v -2 0.3 -2.1
v -1 0.3 -2.1
v -0.9 0.3 -2.1
v 0.1 0.3 -2.1
v 0.2 0.3 -2.1
v 1.2 0.3 -2.1
v 1.3 0.3 -2.1
v 2.2 0.3 -2.1
v 2.3 0.3 -2.1
v 3.2 0.3 -2.1
v -3.1 1.3 2.1
v -2.1 1.3 2.1
v -2 1.3 2.1
v -1 1.3 2.1
v -0.9 1.3 2.1
v 0.1 1.3 2.1
v 0.2 1.3 2.1
v 1.2 1.3 2.1
v 1.3 1.3 2.1
v 2.2 1.3 2.1
v 2.3 1.3 2.1
v 3.2 1.3 2.1
v -3.1 1.3 2
v -2.1 1.3 2
v -2 1.3 2
v -1 1.3 2
v -0.9 1.3 2
v 0.1 1.3 2
v 0.2 1.3 2
v 1.2 1.3 2
v 1.3 1.3 2
v 2.2 1.3 2
v 2.3 1.3 2
v 3.2 1.3 2
v -3.6 1.3 1.7
v -3.5 1.3 1.7
v 3.5 1.3 1.7
v 3.6 1.3 1.7
v -3.6 1.3 0.7
v -3.5 1.3 0.7
v -3.4 1.3 0.7
v 3.5 1.3 0.7
v 3.6 1.3 0.7
v -3.6 1.3 0.6
v -3.5 1.3 0.6
v -3.4 1.3 0.6
v 3.5 1.3 0.6
v 3.6 1.3 0.6
v -3.6 1.3 -0.6
v -3.5 1.3 -0.6
v -3.4 1.3 -0.6
v 3.5 1.3 -0.6
v 3.6 1.3 -0.6
v -3.6 1.3 -0.7
v -3.5 1.3 -0.7
v 3.5 1.3 -0.7
v 3.6 1.3 -0.7
v -3.5 1.3 -0.8
v -3.4 1.3 -0.8
v -3.6 1.3 -1.7
v -3.5 1.3 -1.7
v 3.5 1.3 -1.7
v 3.6 1.3 -1.7
v -2.1 1.3 -1.9
v -2 1.3 -1.9
v -1 1.3 -1.9
v -0.9 1.3 -1.9
v 0.1 1.3 -1.9
v 0.2 1.3 -1.9
v 1.2 1.3 -1.9
v 1.3 1.3 -1.9
v 2.2 1.3 -1.9
v 2.3 1.3 -1.9
v -3.1 1.3 -2
v -2.1 1.3 -2
v -2 1.3 -2
v -1 1.3 -2
v -0.9 1.3 -2
v 0.1 1.3 -2
v 0.2 1.3 -2
v 1.2 1.3 -2
v 1.3 1.3 -2
v 2.2 1.3 -2
v 2.3 1.3 -2
v 3.2 1.3 -2
v -3.1 1.3 -2.1
v -2.1 1.3 -2.1
v -2 1.3 -2.1
v -1 1.3 -2.1
v -0.9 1.3 -2.1
v 0.1 1.3 -2.1
v 0.2 1.3 -2.1
v 1.2 1.3 -2.1
v 1.3 1.3 -2.1
v 2.2 1.3 -2.1
v 2.3 1.3 -2.1
v 3.2 1.3 -2.1
v -3.5 2.2 2
v 3.5 2.2 2
v -3 2.2 1.5
v 2.9 2.2 1.5
v -3 2.2 -1.5
v 2.9 2.2 -1.5
v -3.5 2.2 -2
v 3.5 2.2 -2
v -3.5 2.5 0.6
v -3.4 2.5 0.6
v -3.5 2.5 0.5
v -3.4 2.5 0.5
v -3.5 2.5 -0.6
v -3.4 2.5 -0.6
v -3.5 2.5 -0.7
v -3.4 2.5 -0.7
v 1.2 2.5 -1.9
v 1.3 2.5 -1.9
v 1.2 2.5 -2
v 1.3 2.5 -2
v -2.8 2.7 2.1
v -2.5 2.7 2.1
v -2.2 2.7 2.1
v -1.9 2.7 2.1
v -1.6 2.7 2.1
v -1.3 2.7 2.1
v -1 2.7 2.1
v -0.7 2.7 2.1
v -0.4 2.7 2.1
v -0.0999999 2.7 2.1
v 0.2 2.7 2.1
v 0.5 2.7 2.1
v 0.8 2.7 2.1
v 1.1 2.7 2.1
v 1.4 2.7 2.1
v 1.7 2.7 2.1
v 2 2.7 2.1
v 2.3 2.7 2.1
v 2.6 2.7 2.1
v 2.9 2.7 2.1
v -3 2.7 2
v -2.9 2.7 2
v -2.8 2.7 2
v -2.5 2.7 2
v -2.4 2.7 2
v -2.3 2.7 2
v -2.2 2.7 2
v -1.9 2.7 2
v -1.6 2.7 2
v -1.3 2.7 2
v -1.2 2.7 2
v -1.1 2.7 2
v -1 2.7 2
v -0.7 2.7 2
v -0.6 2.7 2
v -0.5 2.7 2
v -0.4 2.7 2
v -0.0999999 2.7 2
v 0.2 2.7 2
v 0.5 2.7 2
v 0.8 2.7 2
v 1.1 2.7 2
v 1.4 2.7 2
v 1.7 2.7 2
v 2 2.7 2
v 2.3 2.7 2
v 2.6 2.7 2
v 2.9 2.7 2
v -3 2.7 1.9
v -2.9 2.7 1.9
v -2.4 2.7 1.9
v -2.3 2.7 1.9
v -1.2 2.7 1.9
v -1.1 2.7 1.9
v -0.6 2.7 1.9
v -0.5 2.7 1.9
v -0.4 2.7 1.9
v -2.8 2.7 -2
v -2.5 2.7 -2
v -2.2 2.7 -2
v -1.9 2.7 -2
v -1.6 2.7 -2
v -1.3 2.7 -2
v -1 2.7 -2
v -0.7 2.7 -2
v -0.4 2.7 -2
v -0.0999999 2.7 -2
v 0.2 2.7 -2
v 0.5 2.7 -2
v 0.8 2.7 -2
v 1.1 2.7 -2
v 1.4 2.7 -2
v 1.7 2.7 -2
v 2 2.7 -2
v 2.3 2.7 -2
v 2.6 2.7 -2
v 2.9 2.7 -2
v -2.8 2.7 -2.1
v -2.5 2.7 -2.1
v -2.2 2.7 -2.1
v -1.9 2.7 -2.1
v -1.6 2.7 -2.1
v -1.3 2.7 -2.1
v -1 2.7 -2.1
v -0.7 2.7 -2.1
v -0.4 2.7 -2.1
v -0.0999999 2.7 -2.1
v 0.2 2.7 -2.1
v 0.5 2.7 -2.1
v 0.8 2.7 -2.1
v 1.1 2.7 -2.1
v 1.4 2.7 -2.1
v 1.7 2.7 -2.1
v 2 2.7 -2.1
v 2.3 2.7 -2.1
v 2.6 2.7 -2.1
v 2.9 2.7 -2.1
v -3.5 3.5 0.7
v -3.4 3.5 0.7
v -3.5 3.5 0.6
v -3.4 3.5 0.6
v -3.5 3.5 -0.6
v -3.4 3.5 -0.6
v -3.5 3.5 -0.8
v -3.4 3.5 -0.8
v -2.1 3.5 -1.9
v -2 3.5 -1.9
v -1 3.5 -1.9
v -0.9 3.5 -1.9
v 0.1 3.5 -1.9
v 0.2 3.5 -1.9
v 2.2 3.5 -1.9
v 2.3 3.5 -1.9
v -2.1 3.5 -2
v -2 3.5 -2
v -1 3.5 -2
v -0.9 3.5 -2
v 0.1 3.5 -2
v 0.2 3.5 -2
v 2.2 3.5 -2
v 2.3 3.5 -2
v 0 4.7 2
v 0.1 4.7 2
v 0 4.7 1.9
v 0.1 4.7 1.9
v -3.5 5.5 2
v 3.5 5.5 2
v -3 5.5 1.5
v 2.9 5.5 1.5
v -3 5.5 -1.5
v 2.9 5.5 -1.5
v -3.5 5.5 -2
v 3.5 5.5 -2
v -3.5 5.7 0.6
v -3.4 5.7 0.6
v -3.5 5.7 0.5
v -3.4 5.7 0.5
v -3.5 5.7 -0.6
v -3.4 5.7 -0.6
v -3.5 5.7 -0.7
v -3.4 5.7 -0.7
v 1.2 5.7 -1.9
v 1.3 5.7 -1.9
v 1.2 5.7 -2
v 1.3 5.7 -2
v -3.7 5.8 2.2
v 3.7 5.8 2.2
v -3.5 5.8 2
v 3.5 5.8 2
v -3.5 5.8 -2
v 3.5 5.8 -2
v -3.7 5.8 -2.2
v 3.7 5.8 -2.2
v -3.5 6.7 0.7
v -3.4 6.7 0.7
v -3.5 6.7 0.6
v -3.4 6.7 0.6
v -3.5 6.7 -0.6
v -3.4 6.7 -0.6
v -3.5 6.7 -0.8
v -3.4 6.7 -0.8
v -2.1 6.7 -1.9
v -2 6.7 -1.9
v -1 6.7 -1.9
v -0.9 6.7 -1.9
v 0.1 6.7 -1.9
v 0.2 6.7 -1.9
v 1.2 6.7 -1.9
v 1.3 6.7 -1.9
v 2.2 6.7 -1.9
v 2.3 6.7 -1.9
v -2.1 6.7 -2
v -2 6.7 -2
v -1 6.7 -2
v -0.9 6.7 -2
v 0.1 6.7 -2
v 0.2 6.7 -2
v 1.2 6.7 -2
v 1.3 6.7 -2
v 2.2 6.7 -2
v 2.3 6.7 -2
v -2.7 7.4 1.4
v -0.8 7.4 1.4
v -2.7 7.4 1.3
v -0.8 7.4 1.3
v -2.5 7.4 0.2
v -2.3 7.4 0.2
v -1.2 7.4 0.2
v -1 7.4 0.2
v -2.5 7.4 0.0999999
v -2.3 7.4 0.0999999
v -1.2 7.4 0.0999999
v -1 7.4 0.0999999
v -2.5 7.6 0.3
v -2.3 7.6 0.3
v -1.2 7.6 0.3
v -1 7.6 0.3
v -2.5 7.6 0.2
v -2.3 7.6 0.2
v -1.2 7.6 0.2
v -1 7.6 0.2
v -2.5 7.8 0.4
v -2.3 7.8 0.4
v -1.2 7.8 0.4
v -1 7.8 0.4
v -2.5 7.8 0.3
v -2.3 7.8 0.3
v -1.2 7.8 0.3
v -1 7.8 0.3
v -2.5 8 0.5
v -2.3 8 0.5
v -1.2 8 0.5
v -1 8 0.5
v -2.5 8 0.4
v -2.3 8 0.4
v -1.2 8 0.4
v -1 8 0.4
v -2.5 8.2 0.6
v -2.3 8.2 0.6
v -1.2 8.2 0.6
v -1 8.2 0.6
v -2.5 8.2 0.5
v -2.3 8.2 0.5
v -1.2 8.2 0.5
v -1 8.2 0.5
v -2.5 8.4 0.7
v -2.3 8.4 0.7
v -1.2 8.4 0.7
v -1 8.4 0.7
v -2.5 8.4 0.6
v -2.3 8.4 0.6
v -1.2 8.4 0.6
v -1 8.4 0.6
v -2.5 8.6 0.8
v -2.3 8.6 0.8
v -1.2 8.6 0.8
v -1 8.6 0.8
v -2.5 8.6 0.7
v -2.3 8.6 0.7
v -1.2 8.6 0.7
v -1 8.6 0.7
v -2.5 8.8 0.9
v -2.3 8.8 0.9
v -1.2 8.8 0.9
v -1 8.8 0.9
v -2.5 8.8 0.8
v -2.3 8.8 0.8
v -1.2 8.8 0.8
v -1 8.8 0.8
v -2.5 9 1
v -2.3 9 1
v -1.2 9 1
v -1 9 1
v -2.5 9 0.9
v -2.3 9 0.9
v -1.2 9 0.9
v -1 9 0.9
v -2.5 9.2 1.1
v -2.3 9.2 1.1
v -1.2 9.2 1.1
v -1 9.2 1.1
v -2.5 9.2 1
v -2.3 9.2 1
v -1.2 9.2 1
v -1 9.2 1
v -2.5 9.4 1.2
v -2.3 9.4 1.2
v -1.2 9.4 1.2
v -1 9.4 1.2
v -2.5 9.4 1.1
v -2.3 9.4 1.1
v -1.2 9.4 1.1
v -1 9.4 1.1
v -3.5 0.2 0.6
v -3.4 0.2 0.6
v -3.5 0.2 0.5
v -3.4 0.2 0.5
v -3.5 0.2 -0.6
v -3.4 0.2 -0.6
v -3.5 0.2 -0.7
v -3.4 0.2 -0.7
v 1.2 0.2 -1.9
v 1.3 0.2 -1.9
v 1.2 0.2 -2
v 1.3 0.2 -2
v -3.1 1.2 2.1
v -2.1 1.2 2.1
v -2 1.2 2.1
v -1 1.2 2.1
v -0.9 1.2 2.1
v 0.1 1.2 2.1
v 0.2 1.2 2.1
v 1.2 1.2 2.1
v 1.3 1.2 2.1
v 2.2 1.2 2.1
v 2.3 1.2 2.1
v 3.2 1.2 2.1
v -3.1 1.2 2
v -2.1 1.2 2
v -2 1.2 2
v -1 1.2 2
v -0.9 1.2 2
v 0.1 1.2 2
v 0.2 1.2 2
v 1.2 1.2 2
v 1.3 1.2 2
v 2.2 1.2 2
v 2.3 1.2 2
v 3.2 1.2 2
v -3.6 1.2 1.7
v -3.5 1.2 1.7
v 3.5 1.2 1.7
v 3.6 1.2 1.7
v -3.6 1.2 0.7
v -3.5 1.2 0.7
v -3.4 1.2 0.7
v 3.5 1.2 0.7
v 3.6 1.2 0.7
v -3.6 1.2 0.6
v -3.5 1.2 0.6
v -3.4 1.2 0.6
v 3.5 1.2 0.6
v 3.6 1.2 0.6
v -3.6 1.2 -0.6
v -3.5 1.2 -0.6
v -3.4 1.2 -0.6
v 3.5 1.2 -0.6
v 3.6 1.2 -0.6
v -3.6 1.2 -0.7
v -3.5 1.2 -0.7
v 3.5 1.2 -0.7
v 3.6 1.2 -0.7
v -3.5 1.2 -0.8
v -3.4 1.2 -0.8
v -3.6 1.2 -1.7
v -3.5 1.2 -1.7
v 3.5 1.2 -1.7
v 3.6 1.2 -1.7
v -2.1 1.2 -1.9
v -2 1.2 -1.9
v -1 1.2 -1.9
v -0.9 1.2 -1.9
v 0.1 1.2 -1.9
v 0.2 1.2 -1.9
v 1.2 1.2 -1.9
v 1.3 1.2 -1.9
v 2.2 1.2 -1.9
v 2.3 1.2 -1.9
v -3.1 1.2 -2
v -2.1 1.2 -2
v -2 1.2 -2
v -1 1.2 -2
v -0.9 1.2 -2
v 0.1 1.2 -2
v 0.2 1.2 -2
v 1.2 1.2 -2
v 1.3 1.2 -2
v 2.2 1.2 -2
v 2.3 1.2 -2
v 3.2 1.2 -2
v -3.1 1.2 -2.1
v -2.1 1.2 -2.1
v -2 1.2 -2.1
v -1 1.2 -2.1
v -0.9 1.2 -2.1
v 0.1 1.2 -2.1
v 0.2 1.2 -2.1
v 1.2 1.2 -2.1
v 1.3 1.2 -2.1
v 2.2 1.2 -2.1
v 2.3 1.2 -2.1
v 3.2 1.2 -2.1
v -3.1 1.5 2.1
v -2.1 1.5 2.1
v -2 1.5 2.1
v -1 1.5 2.1
v -0.9 1.5 2.1
v 0.1 1.5 2.1
v 0.2 1.5 2.1
v 1.2 1.5 2.1
v 1.3 1.5 2.1
v 2.2 1.5 2.1
v 2.3 1.5 2.1
v 3.2 1.5 2.1
v -3.1 1.5 2
v -2.1 1.5 2
v -2 1.5 2
v -1 1.5 2
v -0.9 1.5 2
v 0.1 1.5 2
v 0.2 1.5 2
v 1.2 1.5 2
v 1.3 1.5 2
v 2.2 1.5 2
v 2.3 1.5 2
v 3.2 1.5 2
v -3.6 1.5 1.7
v -3.5 1.5 1.7
v 3.5 1.5 1.7
v 3.6 1.5 1.7
v -3.6 1.5 0.7
v -3.5 1.5 0.7
v 3.5 1.5 0.7
v 3.6 1.5 0.7
v -3.6 1.5 0.6
v -3.5 1.5 0.6
v 3.5 1.5 0.6
v 3.6 1.5 0.6
v -3.6 1.5 -0.6
v -3.5 1.5 -0.6
v 3.5 1.5 -0.6
v 3.6 1.5 -0.6
v -3.6 1.5 -0.7
v -3.5 1.5 -0.7
v 3.5 1.5 -0.7
v 3.6 1.5 -0.7
v -3.6 1.5 -1.7
v -3.5 1.5 -1.7
v 3.5 1.5 -1.7
v 3.6 1.5 -1.7
v -3.1 1.5 -2
v -2.1 1.5 -2
v -2 1.5 -2
v -1 1.5 -2
v -0.9 1.5 -2
v 0.1 1.5 -2
v 0.2 1.5 -2
v 1.2 1.5 -2
v 1.3 1.5 -2
v 2.2 1.5 -2
v 2.3 1.5 -2
v 3.2 1.5 -2
v -3.1 1.5 -2.1
v -2.1 1.5 -2.1
v -2 1.5 -2.1
v -1 1.5 -2.1
v -0.9 1.5 -2.1
v 0.1 1.5 -2.1
v 0.2 1.5 -2.1
v 1.2 1.5 -2.1
v 1.3 1.5 -2.1
v 2.2 1.5 -2.1
v 2.3 1.5 -2.1
v 3.2 1.5 -2.1
v -3.5 1.8 2
v 3.5 1.8 2
v -3 1.8 1.5
v 2.9 1.8 1.5
v -3 1.8 -1.5
v 2.9 1.8 -1.5
v -3.5 1.8 -2
v 3.5 1.8 -2
v -3.5 2.4 0.6
v -3.4 2.4 0.6
v -3.5 2.4 0.5
v -3.4 2.4 0.5
v -3.5 2.4 -0.6
v -3.4 2.4 -0.6
v -3.5 2.4 -0.7
v -3.4 2.4 -0.7
v 1.2 2.4 -1.9
v 1.3 2.4 -1.9
v 1.2 2.4 -2
v 1.3 2.4 -2
v -3 2.6 2
v -2.9 2.6 2
v -2.4 2.6 2
v -2.3 2.6 2
v -1.2 2.6 2
v -1.1 2.6 2
v -0.6 2.6 2
v -0.4 2.6 2
v -3 2.6 1.9
v -2.9 2.6 1.9
v -2.4 2.6 1.9
v -2.3 2.6 1.9
v -1.2 2.6 1.9
v -1.1 2.6 1.9
v -0.6 2.6 1.9
v -0.4 2.6 1.9
v -3.5 3.4 0.7
v -3.4 3.4 0.7
v -3.5 3.4 0.6
v -3.4 3.4 0.6
v -3.5 3.4 -0.6
v -3.4 3.4 -0.6
v -3.5 3.4 -0.8
v -3.4 3.4 -0.8
v -2.1 3.4 -1.9
v -2 3.4 -1.9
v -1 3.4 -1.9
v -0.9 3.4 -1.9
v 0.1 3.4 -1.9
v 0.2 3.4 -1.9
v 2.2 3.4 -1.9
v 2.3 3.4 -1.9
v -2.1 3.4 -2
v -2 3.4 -2
v -1 3.4 -2
v -0.9 3.4 -2
v 0.1 3.4 -2
v 0.2 3.4 -2
v 2.2 3.4 -2
v 2.3 3.4 -2
v -2.8 4.6 2.1
v -2.5 4.6 2.1
v -2.2 4.6 2.1
v -1.9 4.6 2.1
v -1.6 4.6 2.1
v -1.3 4.6 2.1
v -1 4.6 2.1
v -0.7 4.6 2.1
v -0.4 4.6 2.1
v -0.0999999 4.6 2.1
v 0.2 4.6 2.1
v 0.5 4.6 2.1
v 0.8 4.6 2.1
v 1.1 4.6 2.1
v 1.4 4.6 2.1
v 1.7 4.6 2.1
v 2 4.6 2.1
v 2.3 4.6 2.1
v 2.6 4.6 2.1
v 2.9 4.6 2.1
v -2.8 4.6 2
v -2.5 4.6 2
v -2.2 4.6 2
v -1.9 4.6 2
v -1.6 4.6 2
v -1.3 4.6 2
v -1 4.6 2
v -0.7 4.6 2
v -0.4 4.6 2
v -0.0999999 4.6 2
v 0 4.6 2
v 0.1 4.6 2
v 0.2 4.6 2
v 0.5 4.6 2
v 0.8 4.6 2
v 1.1 4.6 2
v 1.4 4.6 2
v 1.7 4.6 2
v 2 4.6 2
v 2.3 4.6 2
v 2.6 4.6 2
v 2.9 4.6 2
v 0 4.6 1.9
v 0.1 4.6 1.9
v -2.8 4.6 -2
v -2.5 4.6 -2
v -2.2 4.6 -2
v -1.9 4.6 -2
v -1.6 4.6 -2
v -1.3 4.6 -2
v -1 4.6 -2
v -0.7 4.6 -2
v -0.4 4.6 -2
v -0.0999999 4.6 -2
v 0.2 4.6 -2
v 0.5 4.6 -2
v 0.8 4.6 -2
v 1.1 4.6 -2
v 1.4 4.6 -2
v 1.7 4.6 -2
v 2 4.6 -2
v 2.3 4.6 -2
v 2.6 4.6 -2
v 2.9 4.6 -2
v -2.8 4.6 -2.1
v -2.5 4.6 -2.1
v -2.2 4.6 -2.1
v -1.9 4.6 -2.1
v -1.6 4.6 -2.1
v -1.3 4.6 -2.1
v -1 4.6 -2.1
v -0.7 4.6 -2.1
v -0.4 4.6 -2.1
v -0.0999999 4.6 -2.1
v 0.2 4.6 -2.1
v 0.5 4.6 -2.1
v 0.8 4.6 -2.1
v 1.1 4.6 -2.1
v 1.4 4.6 -2.1
v 1.7 4.6 -2.1
v 2 4.6 -2.1
v 2.3 4.6 -2.1
v 2.6 4.6 -2.1
v 2.9 4.6 -2.1
v -3.5 5.1 2
v 3.5 5.1 2
v -3 5.1 1.5
v 2.9 5.1 1.5
v -3 5.1 -1.5
v 2.9 5.1 -1.5
v -3.5 5.1 -2
v 3.5 5.1 -2
v -3.5 5.6 0.6
v -3.4 5.6 0.6
v -3.5 5.6 0.5
v -3.4 5.6 0.5
v -3.5 5.6 -0.6
v -3.4 5.6 -0.6
v -3.5 5.6 -0.7
v -3.4 5.6 -0.7
v 1.2 5.6 -1.9
v 1.3 5.6 -1.9
v 1.2 5.6 -2
v 1.3 5.6 -2
v -3.5 6.6 0.7
v -3.4 6.6 0.7
v -3.5 6.6 0.6
v -3.4 6.6 0.6
v -3.5 6.6 -0.6
v -3.4 6.6 -0.6
v -3.5 6.6 -0.8
v -3.4 6.6 -0.8
v -2.1 6.6 -1.9
v -2 6.6 -1.9
v -1 6.6 -1.9
v -0.9 6.6 -1.9
v 0.1 6.6 -1.9
v 0.2 6.6 -1.9
v 1.2 6.6 -1.9
v 1.3 6.6 -1.9
v 2.2 6.6 -1.9
v 2.3 6.6 -1.9
v -2.1 6.6 -2
v -2 6.6 -2
v -1 6.6 -2
v -0.9 6.6 -2
v 0.1 6.6 -2
v 0.2 6.6 -2
v 1.2 6.6 -2
v 1.3 6.6 -2
v 2.2 6.6 -2
v 2.3 6.6 -2
v -3.7 7 2.2
v 3.7 7 2.2
v -3.5 7 2
v 3.5 7 2
v -3.5 7 -2
v 3.5 7 -2
v -3.7 7 -2.2
v 3.7 7 -2.2
v -3.5 7.3 2
v 3.5 7.3 2
v -2.8 7.3 1.3
v -0.7 7.3 1.3
v 0.6 7.3 1.3
v 3.3 7.3 1.3
v -2.8 7.3 1.2
v -0.7 7.3 1.2
v -2.5 7.3 0.0999999
v -2.3 7.3 0.0999999
v -1.2 7.3 0.0999999
v -1 7.3 0.0999999
v -2.5 7.3 0
v -2.3 7.3 0
v -1.2 7.3 0
v -1 7.3 0
v 0.6 7.3 -1.4
v 3.3 7.3 -1.4
v -3.5 7.3 -2
v 3.5 7.3 -2
v -2.5 7.5 0.0999999
v -2.3 7.5 0.0999999
v -1.2 7.5 0.0999999
v -1 7.5 0.0999999
v -2.5 7.5 0
v -2.3 7.5 0
v -1.2 7.5 0
v -1 7.5 0
v -2.5 7.7 0.2
v -2.3 7.7 0.2
v -1.2 7.7 0.2
v -1 7.7 0.2
v -2.5 7.7 0.0999999
v -2.3 7.7 0.0999999
v -1.2 7.7 0.0999999
v -1 7.7 0.0999999
v -2.5 7.9 0.3
v -2.3 7.9 0.3
v -1.2 7.9 0.3
v -1 7.9 0.3
v -2.5 7.9 0.2
v -2.3 7.9 0.2
v -1.2 7.9 0.2
v -1 7.9 0.2
v -2.5 8.1 0.4
v -2.3 8.1 0.4
v -1.2 8.1 0.4
v -1 8.1 0.4
v -2.5 8.1 0.3
v -2.3 8.1 0.3
v -1.2 8.1 0.3
v -1 8.1 0.3
v -2.5 8.3 0.5
v -2.3 8.3 0.5
v -1.2 8.3 0.5
v -1 8.3 0.5
v -2.5 8.3 0.4
v -2.3 8.3 0.4
v -1.2 8.3 0.4
v -1 8.3 0.4
v -2.5 8.5 0.6
v -2.3 8.5 0.6
v -1.2 8.5 0.6
v -1 8.5 0.6
v -2.5 8.5 0.5
v -2.3 8.5 0.5
v -1.2 8.5 0.5
v -1 8.5 0.5
v -2.5 8.7 0.7
v -2.3 8.7 0.7
v -1.2 8.7 0.7
v -1 8.7 0.7
v -2.5 8.7 0.6
v -2.3 8.7 0.6
v -1.2 8.7 0.6
v -1 8.7 0.6
v -2.5 8.9 0.8
v -2.3 8.9 0.8
v -1.2 8.9 0.8
v -1 8.9 0.8
v -2.5 8.9 0.7
v -2.3 8.9 0.7
v -1.2 8.9 0.7
v -1 8.9 0.7
v 0.6 9 1.3
v 3.3 9 1.3
v 0.6 9 -1.4
v 3.3 9 -1.4
v -2.5 9.1 0.9
v -2.3 9.1 0.9
v -1.2 9.1 0.9
v -1 9.1 0.9
v -2.5 9.1 0.8
v -2.3 9.1 0.8
v -1.2 9.1 0.8
v -1 9.1 0.8
v -2.5 9.3 1
v -2.3 9.3 1
v -1.2 9.3 1
v -1 9.3 1
v -2.5 9.3 0.9
v -2.3 9.3 0.9
v -1.2 9.3 0.9
v -1 9.3 0.9
v -2.7 9.5 1.4
v -0.8 9.5 1.4
v -2.7 9.5 1.3
v -0.8 9.5 1.3
v -2.5 9.5 1.2
v -2.3 9.5 1.2
v -1.2 9.5 1.2
v -1 9.5 1.2
v -2.5 9.5 1
v -2.3 9.5 1
v -1.2 9.5 1
v -1 9.5 1
v -2.8 9.6 1.3
v -0.7 9.6 1.3
v -2.8 9.6 1.2
v -0.7 9.6 1.2

# faces
f 3/2/1 2/2/1 1/2/1
f 4/2/1 2/2/1 3/2/1
f 11/1/1 6/1/1 5/1/1
f 12/1/1 6/1/1 11/1/1
f 13/1/1 8/1/1 7/1/1
f 14/1/1 8/1/1 13/1/1
f 15/1/1 10/1/1 9/1/1
f 16/1/1 10/1/1 15/1/1
f 23/1/1 18/1/1 17/1/1
f 24/1/1 18/1/1 23/1/1
f 25/1/1 20/1/1 19/1/1
f 26/1/1 20/1/1 25/1/1
f 27/1/1 22/1/1 21/1/1
f 28/1/1 22/1/1 27/1/1
f 31/9/1 30/9/1 29/9/1
f 32/9/1 30/9/1 31/9/1
f 33/9/1 30/9/1 32/9/1
f 34/9/1 30/9/1 33/9/1
f 35/9/1 31/9/1 29/9/1
f 36/9/1 31/9/1 35/9/1
f 37/9/1 31/9/1 36/9/1
f 38/9/1 33/9/1 32/9/1
f 39/9/1 33/9/1 38/9/1
f 40/9/1 30/9/1 34/9/1
f 41/9/1 30/9/1 40/9/1
f 42/9/1 35/9/1 29/9/1
f 43/9/1 37/9/1 36/9/1
f 44/9/1 37/9/1 43/9/1
f 45/9/1 40/9/1 39/9/1
f 46/9/1 40/9/1 45/9/1
f 48/9/1 30/9/1 41/9/1
f 49/9/1 42/9/1 29/9/1
f 49/9/1 43/9/1 42/9/1
f 50/9/1 43/9/1 49/9/1
f 51/9/1 45/9/1 44/9/1
f 52/9/1 45/9/1 51/9/1
f 54/9/1 48/9/1 47/9/1
f 55/9/1 30/9/1 48/9/1
f 55/9/1 48/9/1 54/9/1
f 56/9/1 49/9/1 29/9/1
f 57/9/1 51/9/1 50/9/1
f 58/9/1 51/9/1 57/9/1
f 59/9/1 53/9/1 52/9/1
f 60/9/1 53/9/1 59/9/1
f 61/9/1 30/9/1 55/9/1
f 62/9/1 58/9/1 57/9/1
f 62/9/1 61/9/1 60/9/1
f 62/9/1 60/9/1 59/9/1
f 62/9/1 56/9/1 29/9/1
f 62/9/1 59/9/1 58/9/1
f 62/9/1 57/9/1 56/9/1
f 63/9/1 30/9/1 61/9/1
f 63/9/1 61/9/1 62/9/1
f 66/9/1 65/9/1 64/9/1
f 67/9/1 65/9/1 66/9/1
f 68/9/1 65/9/1 67/9/1
f 69/9/1 65/9/1 68/9/1
f 70/9/1 66/9/1 64/9/1
f 71/9/1 68/9/1 67/9/1
f 72/9/1 68/9/1 71/9/1
f 73/9/1 65/9/1 69/9/1
f 74/9/1 72/9/1 71/9/1
f 74/9/1 73/9/1 72/9/1
f 74/9/1 70/9/1 64/9/1
f 74/9/1 71/9/1 70/9/1
f 75/9/1 73/9/1 74/9/1
f 76/9/1 73/9/1 75/9/1
f 77/9/1 65/9/1 73/9/1
f 77/9/1 73/9/1 76/9/1
f 78/9/1 74/9/1 64/9/1
f 79/9/1 76/9/1 75/9/1
f 80/9/1 76/9/1 79/9/1
f 81/9/1 65/9/1 77/9/1
f 82/9/1 78/9/1 64/9/1
f 82/9/1 81/9/1 80/9/1
f 82/9/1 80/9/1 79/9/1
f 82/9/1 79/9/1 78/9/1
f 83/9/1 65/9/1 81/9/1
f 83/9/1 81/9/1 82/9/1
f 86/9/1 85/9/1 84/9/1
f 87/9/1 85/9/1 86/9/1
f 88/9/1 85/9/1 87/9/1
f 89/9/1 85/9/1 88/9/1
f 90/9/1 86/9/1 84/9/1
f 91/9/1 88/9/1 87/9/1
f 92/9/1 88/9/1 91/9/1
f 93/9/1 85/9/1 89/9/1
f 94/9/1 92/9/1 91/9/1
f 94/9/1 93/9/1 92/9/1
f 94/9/1 90/9/1 84/9/1
f 94/9/1 91/9/1 90/9/1
f 95/9/1 85/9/1 93/9/1
f 95/9/1 93/9/1 94/9/1
f 98/9/1 97/9/1 96/9/1
f 99/9/1 97/9/1 98/9/1
f 104/9/1 101/9/1 100/9/1
f 105/9/1 101/9/1 104/9/1
f 106/9/1 103/9/1 102/9/1
f 107/9/1 103/9/1 106/9/1
f 112/9/1 109/9/1 108/9/1
f 113/9/1 109/9/1 112/9/1
f 114/9/1 111/9/1 110/9/1
f 115/9/1 111/9/1 114/9/1
f 120/9/1 117/9/1 116/9/1
f 121/9/1 117/9/1 120/9/1
f 122/9/1 119/9/1 118/9/1
f 123/9/1 119/9/1 122/9/1
f 128/9/1 125/9/1 124/9/1
f 129/9/1 125/9/1 128/9/1
f 130/9/1 127/9/1 126/9/1
f 131/9/1 127/9/1 130/9/1
f 136/9/1 133/9/1 132/9/1
f 137/9/1 133/9/1 136/9/1
f 138/9/1 135/9/1 134/9/1
f 139/9/1 135/9/1 138/9/1
f 144/9/1 141/9/1 140/9/1
f 145/9/1 141/9/1 144/9/1
f 146/9/1 143/9/1 142/9/1
f 147/9/1 143/9/1 146/9/1
f 152/1/1 149/1/1 148/1/1
f 153/1/1 149/1/1 152/1/1
f 154/1/1 151/1/1 150/1/1
f 155/1/1 151/1/1 154/1/1
f 160/1/1 157/1/1 156/1/1
f 161/1/1 157/1/1 160/1/1
f 162/1/1 159/1/1 158/1/1
f 163/1/1 159/1/1 162/1/1
f 166/6/1 165/6/1 164/6/1
f 167/6/1 165/6/1 166/6/1
f 170/6/1 169/6/1 168/6/1
f 171/6/1 169/6/1 170/6/1
f 174/9/1 173/9/1 172/9/1
f 175/9/1 173/9/1 174/9/1
f 180/3/1 177/3/1 176/3/1
f 181/3/1 177/3/1 180/3/1
f 182/3/1 179/3/1 178/3/1
f 183/3/1 179/3/1 182/3/1
f 186/5/1 185/5/1 184/5/1
f 187/5/1 185/5/1 186/5/1
f 190/4/1 189/4/1 188/4/1
f 191/4/1 189/4/1 190/4/1
f 195/7/1 193/7/1 192/7/1
f 196/7/1 193/7/1 195/7/1
f 196/7/1 195/7/1 194/7/1
f 197/7/1 193/7/1 196/7/1
f 199/7/1 196/7/1 194/7/1
f 200/7/1 196/7/1 199/7/1
f 200/7/1 199/7/1 198/7/1
f 201/7/1 196/7/1 200/7/1
f 203/7/1 200/7/1 198/7/1
f 204/7/1 200/7/1 203/7/1
f 204/7/1 203/7/1 202/7/1
f 205/7/1 200/7/1 204/7/1
f 207/7/1 204/7/1 202/7/1
f 208/7/1 204/7/1 207/7/1
f 208/7/1 207/7/1 206/7/1
f 209/7/1 204/7/1 208/7/1
f 211/7/1 208/7/1 206/7/1
f 212/7/1 208/7/1 211/7/1
f 212/7/1 211/7/1 210/7/1
f 213/7/1 208/7/1 212/7/1
f 215/7/1 212/7/1 210/7/1
f 216/7/1 212/7/1 215/7/1
f 216/7/1 215/7/1 214/7/1
f 217/7/1 212/7/1 216/7/1
f 219/7/1 216/7/1 214/7/1
f 220/7/1 216/7/1 219/7/1
f 220/7/1 219/7/1 218/7/1
f 221/7/1 216/7/1 220/7/1
f 223/7/1 220/7/1 218/7/1
f 224/7/1 220/7/1 223/7/1
f 224/7/1 223/7/1 222/7/1
f 225/7/1 220/7/1 224/7/1
f 227/7/1 224/7/1 222/7/1
f 228/7/1 224/7/1 227/7/1
f 228/7/1 227/7/1 226/7/1
f 229/7/1 224/7/1 228/7/1
f 231/7/1 228/7/1 226/7/1
f 232/7/1 228/7/1 231/7/1
f 232/7/1 231/7/1 230/7/1
f 233/7/1 228/7/1 232/7/1
f 235/7/1 232/7/1 230/7/1
f 236/7/1 235/7/1 234/7/1
f 237/7/1 232/7/1 235/7/1
f 237/7/1 235/7/1 236/7/1
f 240/9/1 239/9/1 238/9/1
f 241/9/1 239/9/1 240/9/1
f 246/3/1 243/3/1 242/3/1
f 247/3/1 243/3/1 246/3/1
f 248/3/1 245/3/1 244/3/1
f 249/3/1 245/3/1 248/3/1
f 254/1/1 251/1/1 250/1/1
f 255/1/1 251/1/1 254/1/1
f 257/1/1 253/1/1 252/1/1
f 258/1/1 253/1/1 257/1/1
f 261/9/1 257/9/1 256/9/1
f 262/9/1 257/9/1 261/9/1
f 264/1/1 260/1/1 259/1/1
f 265/1/1 260/1/1 264/1/1
f 266/1/1 263/1/1 262/1/1
f 267/1/1 263/1/1 266/1/1
f 270/9/1 269/9/1 268/9/1
f 271/9/1 269/9/1 270/9/1
f 274/9/1 273/9/1 272/9/1
f 275/9/1 273/9/1 274/9/1
f 280/3/1 277/3/1 276/3/1
f 281/3/1 277/3/1 280/3/1
f 282/3/1 279/3/1 278/3/1
f 283/3/1 279/3/1 282/3/1
f 287/7/1 285/7/1 284/7/1
f 288/7/1 285/7/1 287/7/1
f 288/7/1 287/7/1 286/7/1
f 289/7/1 285/7/1 288/7/1
f 291/7/1 288/7/1 286/7/1
f 292/7/1 288/7/1 291/7/1
f 292/7/1 291/7/1 290/7/1
f 293/7/1 288/7/1 292/7/1
f 295/7/1 292/7/1 290/7/1
f 296/7/1 292/7/1 295/7/1
f 296/7/1 295/7/1 294/7/1
f 297/7/1 292/7/1 296/7/1
f 299/7/1 296/7/1 294/7/1
f 300/7/1 296/7/1 299/7/1
f 300/7/1 299/7/1 298/7/1
f 301/7/1 296/7/1 300/7/1
f 303/7/1 300/7/1 298/7/1
f 304/7/1 300/7/1 303/7/1
f 304/7/1 303/7/1 302/7/1
f 305/7/1 300/7/1 304/7/1
f 307/7/1 304/7/1 302/7/1
f 308/7/1 304/7/1 307/7/1
f 308/7/1 307/7/1 306/7/1
f 309/7/1 304/7/1 308/7/1
f 311/7/1 308/7/1 306/7/1
f 312/7/1 308/7/1 311/7/1
f 312/7/1 311/7/1 310/7/1
f 313/7/1 308/7/1 312/7/1
f 315/7/1 312/7/1 310/7/1
f 316/7/1 312/7/1 315/7/1
f 316/7/1 315/7/1 314/7/1
f 317/7/1 312/7/1 316/7/1
f 319/7/1 316/7/1 314/7/1
f 320/7/1 316/7/1 319/7/1
f 320/7/1 319/7/1 318/7/1
f 321/7/1 316/7/1 320/7/1
f 323/7/1 320/7/1 318/7/1
f 324/7/1 320/7/1 323/7/1
f 324/7/1 323/7/1 322/7/1
f 325/7/1 320/7/1 324/7/1
f 327/7/1 324/7/1 322/7/1
f 328/7/1 327/7/1 326/7/1
f 329/7/1 324/7/1 327/7/1
f 329/7/1 327/7/1 328/7/1
f 332/9/1 331/9/1 330/9/1
f 333/9/1 331/9/1 332/9/1
f 338/3/1 335/3/1 334/3/1
f 339/3/1 335/3/1 338/3/1
f 340/3/1 337/3/1 336/3/1
f 341/3/1 337/3/1 340/3/1
f 346/1/1 343/1/1 342/1/1
f 347/1/1 343/1/1 346/1/1
f 349/1/1 345/1/1 344/1/1
f 350/1/1 345/1/1 349/1/1
f 353/9/1 349/9/1 348/9/1
f 354/9/1 349/9/1 353/9/1
f 356/1/1 352/1/1 351/1/1
f 357/1/1 352/1/1 356/1/1
f 358/1/1 355/1/1 354/1/1
f 359/1/1 355/1/1 358/1/1
f 362/9/1 361/9/1 360/9/1
f 363/9/1 361/9/1 362/9/1
f 366/9/1 365/9/1 364/9/1
f 367/9/1 365/9/1 366/9/1
f 371/9/1 369/9/1 368/9/1
f 372/9/1 369/9/1 371/9/1
f 375/3/1 371/3/1 370/3/1
f 376/3/1 371/3/1 375/3/1
f 377/3/1 374/3/1 373/3/1
f 378/3/1 374/3/1 377/3/1
f 381/9/1 380/9/1 379/9/1
f 382/9/1 380/9/1 381/9/1
f 387/1/1 384/1/1 383/1/1
f 388/1/1 384/1/1 387/1/1
f 390/1/1 386/1/1 385/1/1
f 391/1/1 386/1/1 390/1/1
f 394/9/1 390/9/1 389/9/1
f 395/9/1 390/9/1 394/9/1
f 397/1/1 393/1/1 392/1/1
f 398/1/1 393/1/1 397/1/1
f 399/1/1 396/1/1 395/1/1
f 400/1/1 396/1/1 399/1/1
f 406/3/1 404/3/1 403/3/1
f 407/9/1 406/9/1 405/9/1
f 408/3/1 404/3/1 406/3/1
f 408/9/1 406/9/1 407/9/1
f 409/3/1 402/3/1 401/3/1
f 410/3/1 402/3/1 409/3/1
f 411/3/1 404/3/1 408/3/1
f 412/3/1 404/3/1 411/3/1
f 415/9/1 414/9/1 413/9/1
f 416/9/1 414/9/1 415/9/1
f 419/9/1 418/9/1 417/9/1
f 420/9/1 418/9/1 419/9/1
f 421/1/1 420/1/1 419/1/1
f 422/1/1 420/1/1 421/1/1
f 427/3/1 424/3/1 423/3/1
f 428/3/1 424/3/1 427/3/1
f 429/3/1 426/3/1 425/3/1
f 430/3/1 426/3/1 429/3/1
f 435/9/1 432/9/1 431/9/1
f 436/9/1 432/9/1 435/9/1
f 438/1/1 434/1/1 433/1/1
f 439/1/1 434/1/1 438/1/1
f 441/1/1 437/1/1 436/1/1
f 442/1/1 437/1/1 441/1/1
f 445/9/1 441/9/1 440/9/1
f 446/9/1 441/9/1 445/9/1
f 448/1/1 444/1/1 443/1/1
f 449/1/1 444/1/1 448/1/1
f 450/1/1 447/1/1 446/1/1
f 451/1/1 447/1/1 450/1/1
f 454/9/1 453/9/1 452/9/1
f 455/9/1 453/9/1 454/9/1
f 458/9/1 457/9/1 456/9/1
f 459/9/1 457/9/1 458/9/1
f 462/9/1 461/9/1 460/9/1
f 463/9/1 461/9/1 462/9/1
f 468/3/1 465/3/1 464/3/1
f 469/3/1 465/3/1 468/3/1
f 470/3/1 467/3/1 466/3/1
f 471/3/1 467/3/1 470/3/1
f 476/3/1 473/3/1 472/3/1
f 477/3/1 473/3/1 476/3/1
f 478/3/1 475/3/1 474/3/1
f 479/3/1 475/3/1 478/3/1
f 484/1/1 481/1/1 480/1/1
f 485/1/1 481/1/1 484/1/1
f 487/1/1 483/1/1 482/1/1
f 488/1/1 483/1/1 487/1/1
f 491/9/1 487/9/1 486/9/1
f 492/9/1 487/9/1 491/9/1
f 494/1/1 490/1/1 489/1/1
f 495/1/1 490/1/1 494/1/1
f 496/1/1 493/1/1 492/1/1
f 497/1/1 493/1/1 496/1/1
f 500/9/1 499/9/1 498/9/1
f 501/9/1 499/9/1 500/9/1
f 504/9/1 503/9/1 502/9/1
f 505/9/1 503/9/1 504/9/1
f 510/3/1 507/3/1 506/3/1
f 511/3/1 507/3/1 510/3/1
f 512/3/1 509/3/1 508/3/1
f 513/3/1 509/3/1 512/3/1
f 514/2/2 515/2/2 518/2/2
f 518/2/2 515/2/2 519/2/2
f 516/2/2 517/2/2 520/2/2
f 520/2/2 517/2/2 521/2/2
f 522/9/2 523/9/2 524/9/2
f 524/9/2 523/9/2 525/9/2
f 526/3/2 527/3/2 530/3/2
f 530/3/2 527/3/2 531/3/2
f 528/3/2 529/3/2 532/3/2
f 532/3/2 529/3/2 533/3/2
f 534/9/2 535/9/2 536/9/2
f 536/9/2 535/9/2 537/9/2
f 538/7/2 539/7/2 541/7/2
f 541/7/2 539/7/2 542/7/2
f 540/7/2 541/7/2 542/7/2
f 542/7/2 539/7/2 543/7/2
f 540/7/2 542/7/2 545/7/2
f 545/7/2 542/7/2 546/7/2
f 544/7/2 545/7/2 546/7/2
f 546/7/2 542/7/2 547/7/2
f 544/7/2 546/7/2 549/7/2
f 549/7/2 546/7/2 550/7/2
f 548/7/2 549/7/2 550/7/2
f 550/7/2 546/7/2 551/7/2
f 548/7/2 550/7/2 553/7/2
f 553/7/2 550/7/2 554/7/2
f 552/7/2 553/7/2 554/7/2
f 554/7/2 550/7/2 555/7/2
f 552/7/2 554/7/2 557/7/2
f 557/7/2 554/7/2 558/7/2
f 556/7/2 557/7/2 558/7/2
f 558/7/2 554/7/2 559/7/2
f 556/7/2 558/7/2 561/7/2
f 561/7/2 558/7/2 562/7/2
f 560/7/2 561/7/2 562/7/2
f 562/7/2 558/7/2 563/7/2
f 560/7/2 562/7/2 565/7/2
f 565/7/2 562/7/2 566/7/2
f 564/7/2 565/7/2 566/7/2
f 566/7/2 562/7/2 567/7/2
f 564/7/2 566/7/2 569/7/2
f 569/7/2 566/7/2 570/7/2
f 568/7/2 569/7/2 570/7/2
f 570/7/2 566/7/2 571/7/2
f 568/7/2 570/7/2 573/7/2
f 573/7/2 570/7/2 574/7/2
f 572/7/2 573/7/2 574/7/2
f 574/7/2 570/7/2 575/7/2
f 572/7/2 574/7/2 577/7/2
f 577/7/2 574/7/2 578/7/2
f 576/7/2 577/7/2 578/7/2
f 578/7/2 574/7/2 579/7/2
f 576/7/2 578/7/2 581/7/2
f 580/7/2 581/7/2 582/7/2
f 581/7/2 578/7/2 583/7/2
f 582/7/2 581/7/2 583/7/2
f 584/1/2 585/1/2 588/1/2
f 588/1/2 585/1/2 589/1/2
f 586/1/2 587/1/2 591/1/2
f 591/1/2 587/1/2 592/1/2
f 590/9/2 591/9/2 595/9/2
f 595/9/2 591/9/2 596/9/2
f 593/1/2 594/1/2 598/1/2
f 598/1/2 594/1/2 599/1/2
f 596/1/2 597/1/2 600/1/2
f 600/1/2 597/1/2 601/1/2
f 602/9/2 603/9/2 604/9/2
f 604/9/2 603/9/2 605/9/2
f 606/9/2 607/9/2 608/9/2
f 608/9/2 607/9/2 609/9/2
f 610/3/2 611/3/2 614/3/2
f 614/3/2 611/3/2 615/3/2
f 612/3/2 613/3/2 616/3/2
f 616/3/2 613/3/2 617/3/2
f 618/3/2 619/3/2 622/3/2
f 622/3/2 619/3/2 623/3/2
f 620/3/2 621/3/2 624/3/2
f 624/3/2 621/3/2 625/3/2
f 626/9/2 627/9/2 628/9/2
f 628/9/2 627/9/2 629/9/2
f 630/1/2 631/1/2 634/1/2
f 634/1/2 631/1/2 635/1/2
f 632/1/2 633/1/2 637/1/2
f 637/1/2 633/1/2 638/1/2
f 636/9/2 637/9/2 641/9/2
f 641/9/2 637/9/2 642/9/2
f 639/1/2 640/1/2 644/1/2
f 644/1/2 640/1/2 645/1/2
f 642/1/2 643/1/2 646/1/2
f 646/1/2 643/1/2 647/1/2
f 648/9/2 649/9/2 650/9/2
f 650/9/2 649/9/2 651/9/2
f 652/9/2 653/9/2 654/9/2
f 654/9/2 653/9/2 655/9/2
f 656/7/2 657/7/2 659/7/2
f 659/7/2 657/7/2 660/7/2
f 658/7/2 659/7/2 660/7/2
f 660/7/2 657/7/2 661/7/2
f 658/7/2 660/7/2 663/7/2
f 663/7/2 660/7/2 664/7/2
f 662/7/2 663/7/2 664/7/2
f 664/7/2 660/7/2 665/7/2
f 662/7/2 664/7/2 667/7/2
f 667/7/2 664/7/2 668/7/2
f 666/7/2 667/7/2 668/7/2
f 668/7/2 664/7/2 669/7/2
f 666/7/2 668/7/2 671/7/2
f 671/7/2 668/7/2 672/7/2
f 670/7/2 671/7/2 672/7/2
f 672/7/2 668/7/2 673/7/2
f 670/7/2 672/7/2 675/7/2
f 675/7/2 672/7/2 676/7/2
f 674/7/2 675/7/2 676/7/2
f 676/7/2 672/7/2 677/7/2
f 674/7/2 676/7/2 679/7/2
f 679/7/2 676/7/2 680/7/2
f 678/7/2 679/7/2 680/7/2
f 680/7/2 676/7/2 681/7/2
f 678/7/2 680/7/2 683/7/2
f 683/7/2 680/7/2 684/7/2
f 682/7/2 683/7/2 684/7/2
f 684/7/2 680/7/2 685/7/2
f 682/7/2 684/7/2 687/7/2
f 687/7/2 684/7/2 688/7/2
f 686/7/2 687/7/2 688/7/2
f 688/7/2 684/7/2 689/7/2
f 686/7/2 688/7/2 691/7/2
f 691/7/2 688/7/2 692/7/2
f 690/7/2 691/7/2 692/7/2
f 692/7/2 688/7/2 693/7/2
f 690/7/2 692/7/2 695/7/2
f 695/7/2 692/7/2 696/7/2
f 694/7/2 695/7/2 696/7/2
f 696/7/2 692/7/2 697/7/2
f 694/7/2 696/7/2 699/7/2
f 698/7/2 699/7/2 700/7/2
f 699/7/2 696/7/2 701/7/2
f 700/7/2 699/7/2 701/7/2
f 702/4/2 703/4/2 704/4/2
f 704/4/2 703/4/2 705/4/2
f 706/3/2 707/3/2 710/3/2
f 710/3/2 707/3/2 711/3/2
f 708/3/2 709/3/2 712/3/2
f 712/3/2 709/3/2 713/3/2
f 714/5/2 715/5/2 716/5/2
f 716/5/2 715/5/2 717/5/2
f 718/9/2 719/9/2 720/9/2
f 720/9/2 719/9/2 721/9/2
f 722/3/2 723/3/2 726/3/2
f 726/3/2 723/3/2 727/3/2
f 724/3/2 725/3/2 728/3/2
f 728/3/2 725/3/2 729/3/2
f 730/9/2 731/9/2 732/9/2
f 732/9/2 731/9/2 733/9/2
f 734/1/2 735/1/2 738/1/2
f 738/1/2 735/1/2 739/1/2
f 736/1/2 737/1/2 741/1/2
f 741/1/2 737/1/2 742/1/2
f 740/9/2 741/9/2 745/9/2
f 745/9/2 741/9/2 746/9/2
f 743/1/2 744/1/2 748/1/2
f 748/1/2 744/1/2 749/1/2
f 746/1/2 747/1/2 750/1/2
f 750/1/2 747/1/2 751/1/2
f 752/3/2 753/3/2 754/3/2
f 754/3/2 753/3/2 755/3/2
f 756/9/2 757/9/2 758/9/2
f 758/9/2 757/9/2 759/9/2
f 760/3/2 761/3/2 764/3/2
f 764/3/2 761/3/2 765/3/2
f 762/3/2 763/3/2 766/3/2
f 766/3/2 763/3/2 767/3/2
f 768/3/2 769/3/2 772/3/2
f 772/3/2 769/3/2 773/3/2
f 770/3/2 771/3/2 774/3/2
f 774/3/2 771/3/2 775/3/2
f 776/9/2 777/9/2 780/9/2
f 780/9/2 777/9/2 781/9/2
f 778/1/2 779/1/2 783/1/2
f 783/1/2 779/1/2 784/1/2
f 781/1/2 782/1/2 786/1/2
f 786/1/2 782/1/2 787/1/2
f 785/9/2 786/9/2 790/9/2
f 790/9/2 786/9/2 791/9/2
f 788/1/2 789/1/2 793/1/2
f 793/1/2 789/1/2 794/1/2
f 791/1/2 792/1/2 795/1/2
f 795/1/2 792/1/2 796/1/2
f 797/9/2 798/9/2 799/9/2
f 799/9/2 798/9/2 800/9/2
f 801/9/2 802/9/2 803/9/2
f 803/9/2 802/9/2 804/9/2
f 805/9/2 806/9/2 807/9/2
f 807/9/2 806/9/2 808/9/2
f 809/3/2 810/3/2 813/3/2
f 813/3/2 810/3/2 814/3/2
f 811/3/2 812/3/2 815/3/2
f 815/3/2 812/3/2 816/3/2
f 817/1/2 818/1/2 821/1/2
f 821/1/2 818/1/2 822/1/2
f 819/1/2 820/1/2 824/1/2
f 824/1/2 820/1/2 825/1/2
f 823/9/2 824/9/2 828/9/2
f 828/9/2 824/9/2 829/9/2
f 826/1/2 827/1/2 831/1/2
f 831/1/2 827/1/2 832/1/2
f 829/1/2 830/1/2 833/1/2
f 833/1/2 830/1/2 834/1/2
f 835/9/2 836/9/2 837/9/2
f 837/9/2 836/9/2 838/9/2
f 839/9/2 840/9/2 841/9/2
f 841/9/2 840/9/2 842/9/2
f 843/3/2 844/3/2 847/3/2
f 847/3/2 844/3/2 848/3/2
f 845/3/2 846/3/2 849/3/2
f 849/3/2 846/3/2 850/3/2
f 851/6/2 852/6/2 853/6/2
f 853/6/2 852/6/2 854/6/2
f 855/3/2 856/3/2 859/3/2
f 859/3/2 856/3/2 860/3/2
f 857/3/2 858/3/2 861/3/2
f 861/3/2 858/3/2 862/3/2
f 863/6/2 864/6/2 865/6/2
f 865/6/2 864/6/2 866/6/2
f 867/1/2 868/1/2 871/1/2
f 871/1/2 868/1/2 872/1/2
f 869/1/2 870/1/2 873/1/2
f 873/1/2 870/1/2 874/1/2
f 875/1/2 876/1/2 879/1/2
f 879/1/2 876/1/2 880/1/2
f 877/1/2 878/1/2 881/1/2
f 881/1/2 878/1/2 882/1/2
f 883/9/2 884/9/2 885/9/2
f 885/9/2 884/9/2 886/9/2
f 885/1/2 886/1/2 887/1/2
f 887/1/2 886/1/2 888/1/2
f 889/9/2 890/9/2 891/9/2
f 891/9/2 890/9/2 892/9/2
f 892/9/2 890/9/2 893/9/2
f 893/9/2 890/9/2 894/9/2
f 894/9/2 890/9/2 895/9/2
f 895/9/2 890/9/2 896/9/2
f 889/9/2 891/9/2 897/9/2
f 892/9/2 893/9/2 898/9/2
f 898/9/2 893/9/2 899/9/2
f 894/9/2 895/9/2 900/9/2
f 900/9/2 895/9/2 901/9/2
f 896/9/2 890/9/2 902/9/2
f 900/9/2 901/9/2 903/9/2
f 901/9/2 902/9/2 903/9/2
f 898/9/2 899/9/2 903/9/2
f 889/9/2 897/9/2 903/9/2
f 899/9/2 900/9/2 903/9/2
f 897/9/2 898/9/2 903/9/2
f 903/9/2 902/9/2 904/9/2
f 904/9/2 902/9/2 905/9/2
f 905/9/2 902/9/2 906/9/2
f 906/9/2 902/9/2 907/9/2
f 902/9/2 890/9/2 908/9/2
f 907/9/2 902/9/2 908/9/2
f 889/9/2 903/9/2 909/9/2
f 904/9/2 905/9/2 910/9/2
f 910/9/2 905/9/2 911/9/2
f 906/9/2 907/9/2 912/9/2
f 912/9/2 907/9/2 913/9/2
f 908/9/2 890/9/2 914/9/2
f 910/9/2 911/9/2 915/9/2
f 913/9/2 914/9/2 915/9/2
f 912/9/2 913/9/2 915/9/2
f 889/9/2 909/9/2 915/9/2
f 911/9/2 912/9/2 915/9/2
f 909/9/2 910/9/2 915/9/2
f 914/9/2 890/9/2 916/9/2
f 915/9/2 914/9/2 916/9/2
f 917/9/2 918/9/2 919/9/2
f 919/9/2 918/9/2 920/9/2
f 921/9/2 922/9/2 923/9/2
f 923/9/2 922/9/2 924/9/2
f 925/9/2 926/9/2 927/9/2
f 927/9/2 926/9/2 928/9/2
f 929/1/2 930/1/2 935/1/2
f 935/1/2 930/1/2 936/1/2
f 931/1/2 932/1/2 937/1/2
f 937/1/2 932/1/2 938/1/2
f 933/1/2 934/1/2 939/1/2
f 939/1/2 934/1/2 940/1/2
f 941/1/2 942/1/2 947/1/2
f 947/1/2 942/1/2 948/1/2
f 943/1/2 944/1/2 949/1/2
f 949/1/2 944/1/2 950/1/2
f 945/1/2 946/1/2 951/1/2
f 951/1/2 946/1/2 952/1/2
f 953/2/2 954/2/2 955/2/2
f 955/2/2 954/2/2 956/2/2
f 959/2/3 958/2/3 957/2/3
f 960/2/3 958/2/3 959/2/3
f 967/3/3 966/3/3 965/3/3
f 968/3/3 966/3/3 967/3/3
f 971/1/3 962/1/3 961/1/3
f 972/1/3 962/1/3 971/1/3
f 973/1/3 964/1/3 963/1/3
f 974/1/3 964/1/3 973/1/3
f 979/3/3 970/3/3 969/3/3
f 980/3/3 970/3/3 979/3/3
f 983/3/3 982/3/3 981/3/3
f 984/3/3 982/3/3 983/3/3
f 985/1/3 976/1/3 975/1/3
f 986/1/3 976/1/3 985/1/3
f 987/1/3 978/1/3 977/1/3
f 988/1/3 978/1/3 987/1/3
f 995/3/3 990/3/3 989/3/3
f 996/3/3 990/3/3 995/3/3
f 999/3/3 998/3/3 997/3/3
f 1000/3/3 998/3/3 999/3/3
f 1001/1/3 992/1/3 991/1/3
f 1002/1/3 992/1/3 1001/1/3
f 1003/1/3 994/1/3 993/1/3
f 1004/1/3 994/1/3 1003/1/3
f 1011/3/3 1010/3/3 1009/3/3
f 1012/3/3 1010/3/3 1011/3/3
f 1015/3/3 1014/3/3 1013/3/3
f 1016/3/3 1014/3/3 1015/3/3
f 1017/1/3 1006/1/3 1005/1/3
f 1018/1/3 1006/1/3 1017/1/3
f 1019/1/3 1008/1/3 1007/1/3
f 1020/1/3 1008/1/3 1019/1/3
f 1027/3/3 1026/3/3 1025/3/3
f 1028/3/3 1026/3/3 1027/3/3
f 1031/1/3 1022/1/3 1021/1/3
f 1032/1/3 1022/1/3 1031/1/3
f 1033/1/3 1024/1/3 1023/1/3
f 1034/1/3 1024/1/3 1033/1/3
f 1039/3/3 1030/3/3 1029/3/3
f 1040/3/3 1030/3/3 1039/3/3
f 1043/3/3 1042/3/3 1041/3/3
f 1044/3/3 1042/3/3 1043/3/3
f 1045/1/3 1036/1/3 1035/1/3
f 1046/1/3 1036/1/3 1045/1/3
f 1047/1/3 1038/1/3 1037/1/3
f 1048/1/3 1038/1/3 1047/1/3
f 1057/9/3 1050/9/3 1049/9/3
f 1058/9/3 1050/9/3 1057/9/3
f 1059/9/3 1050/9/3 1058/9/3
f 1060/9/3 1050/9/3 1059/9/3
f 1061/9/3 1052/9/3 1051/9/3
f 1062/9/3 1052/9/3 1061/9/3
f 1063/9/3 1061/9/3 1051/9/3
f 1064/9/3 1052/9/3 1062/9/3
f 1065/9/3 1052/9/3 1064/9/3
f 1065/9/3 1064/9/3 1063/9/3
f 1066/9/3 1052/9/3 1065/9/3
f 1067/9/3 1065/9/3 1063/9/3
f 1068/9/3 1052/9/3 1066/9/3
f 1069/9/3 1063/9/3 1051/9/3
f 1069/9/3 1068/9/3 1067/9/3
f 1069/9/3 1067/9/3 1063/9/3
f 1070/9/3 1068/9/3 1069/9/3
f 1071/9/3 1052/9/3 1068/9/3
f 1071/9/3 1068/9/3 1070/9/3
f 1072/9/3 1069/9/3 1051/9/3
f 1073/3/3 1071/3/3 1070/3/3
f 1074/9/3 1052/9/3 1071/9/3
f 1074/3/3 1071/3/3 1073/3/3
f 1075/9/3 1073/9/3 1072/9/3
f 1075/9/3 1074/9/3 1073/9/3
f 1076/9/3 1052/9/3 1074/9/3
f 1076/9/3 1074/9/3 1075/9/3
f 1077/9/3 1057/9/3 1049/9/3
f 1078/9/3 1059/9/3 1058/9/3
f 1079/9/3 1059/9/3 1078/9/3
f 1080/9/3 1050/9/3 1060/9/3
f 1081/9/3 1079/9/3 1078/9/3
f 1081/9/3 1080/9/3 1079/9/3
f 1081/9/3 1077/9/3 1049/9/3
f 1081/9/3 1078/9/3 1077/9/3
f 1082/9/3 1080/9/3 1081/9/3
f 1083/9/3 1080/9/3 1082/9/3
f 1084/9/3 1050/9/3 1080/9/3
f 1084/9/3 1080/9/3 1083/9/3
f 1085/9/3 1075/9/3 1072/9/3
f 1086/9/3 1052/9/3 1076/9/3
f 1087/9/3 1085/9/3 1072/9/3
f 1087/9/3 1086/9/3 1085/9/3
f 1088/9/3 1052/9/3 1086/9/3
f 1088/9/3 1086/9/3 1087/9/3
f 1089/9/3 1087/9/3 1072/9/3
f 1089/3/3 1088/3/3 1087/3/3
f 1090/9/3 1052/9/3 1088/9/3
f 1090/3/3 1088/3/3 1089/3/3
f 1091/9/3 1089/9/3 1072/9/3
f 1091/9/3 1090/9/3 1089/9/3
f 1092/9/3 1052/9/3 1090/9/3
f 1092/9/3 1090/9/3 1091/9/3
f 1093/9/3 1091/9/3 1072/9/3
f 1094/9/3 1052/9/3 1092/9/3
f 1095/9/3 1093/9/3 1072/9/3
f 1095/9/3 1094/9/3 1093/9/3
f 1095/9/3 1072/9/3 1051/9/3
f 1096/9/3 1094/9/3 1095/9/3
f 1097/9/3 1052/9/3 1094/9/3
f 1097/9/3 1094/9/3 1096/9/3
f 1098/9/3 1095/9/3 1051/9/3
f 1099/3/3 1097/3/3 1096/3/3
f 1100/9/3 1052/9/3 1097/9/3
f 1100/3/3 1097/3/3 1099/3/3
f 1101/9/3 1081/9/3 1049/9/3
f 1102/9/3 1083/9/3 1082/9/3
f 1103/9/3 1083/9/3 1102/9/3
f 1104/9/3 1050/9/3 1084/9/3
f 1105/9/3 1099/9/3 1098/9/3
f 1105/9/3 1100/9/3 1099/9/3
f 1106/9/3 1052/9/3 1100/9/3
f 1106/9/3 1100/9/3 1105/9/3
f 1107/9/3 1101/9/3 1049/9/3
f 1107/9/3 1104/9/3 1103/9/3
f 1107/9/3 1103/9/3 1102/9/3
f 1107/9/3 1102/9/3 1101/9/3
f 1108/9/3 1104/9/3 1107/9/3
f 1109/9/3 1104/9/3 1108/9/3
f 1110/9/3 1050/9/3 1104/9/3
f 1110/9/3 1104/9/3 1109/9/3
f 1111/9/3 1105/9/3 1098/9/3
f 1112/9/3 1052/9/3 1106/9/3
f 1113/9/3 1111/9/3 1098/9/3
f 1113/9/3 1112/9/3 1111/9/3
f 1113/9/3 1098/9/3 1051/9/3
f 1114/9/3 1112/9/3 1113/9/3
f 1115/9/3 1052/9/3 1112/9/3
f 1115/9/3 1112/9/3 1114/9/3
f 1116/3/3 1115/3/3 1114/3/3
f 1117/9/3 1052/9/3 1115/9/3
f 1117/3/3 1115/3/3 1116/3/3
f 1118/9/3 1113/9/3 1051/9/3
f 1119/9/3 1117/9/3 1116/9/3
f 1120/9/3 1052/9/3 1117/9/3
f 1120/9/3 1117/9/3 1119/9/3
f 1121/9/3 1119/9/3 1118/9/3
f 1122/9/3 1052/9/3 1120/9/3
f 1123/9/3 1121/9/3 1118/9/3
f 1123/9/3 1122/9/3 1121/9/3
f 1124/9/3 1052/9/3 1122/9/3
f 1124/9/3 1122/9/3 1123/9/3
f 1125/9/3 1052/9/3 1124/9/3
f 1126/9/3 1107/9/3 1049/9/3
f 1127/9/3 1109/9/3 1108/9/3
f 1128/9/3 1109/9/3 1127/9/3
f 1129/9/3 1050/9/3 1110/9/3
f 1130/9/3 1123/9/3 1118/9/3
f 1130/3/3 1124/3/3 1123/3/3
f 1131/3/3 1124/3/3 1130/3/3
f 1132/9/3 1052/9/3 1125/9/3
f 1133/9/3 1128/9/3 1127/9/3
f 1133/9/3 1126/9/3 1049/9/3
f 1133/9/3 1129/9/3 1128/9/3
f 1133/9/3 1127/9/3 1126/9/3
f 1134/9/3 1129/9/3 1133/9/3
f 1135/9/3 1129/9/3 1134/9/3
f 1136/9/3 1050/9/3 1129/9/3
f 1136/9/3 1129/9/3 1135/9/3
f 1137/9/3 1132/9/3 1131/9/3
f 1137/9/3 1131/9/3 1130/9/3
f 1137/9/3 1130/9/3 1118/9/3
f 1138/9/3 1132/9/3 1137/9/3
f 1139/9/3 1137/9/3 1118/9/3
f 1140/9/3 1132/9/3 1138/9/3
f 1141/9/3 1139/9/3 1118/9/3
f 1141/9/3 1140/9/3 1139/9/3
f 1142/9/3 1132/9/3 1140/9/3
f 1142/9/3 1140/9/3 1141/9/3
f 1143/9/3 1141/9/3 1118/9/3
f 1143/3/3 1142/3/3 1141/3/3
f 1144/9/3 1132/9/3 1142/9/3
f 1144/3/3 1142/3/3 1143/3/3
f 1145/9/3 1143/9/3 1118/9/3
f 1145/9/3 1144/9/3 1143/9/3
f 1146/9/3 1132/9/3 1144/9/3
f 1146/9/3 1144/9/3 1145/9/3
f 1147/9/3 1145/9/3 1118/9/3
f 1148/9/3 1132/9/3 1146/9/3
f 1149/9/3 1133/9/3 1049/9/3
f 1150/9/3 1135/9/3 1134/9/3
f 1151/9/3 1135/9/3 1150/9/3
f 1152/9/3 1050/9/3 1136/9/3
f 1153/9/3 1147/9/3 1118/9/3
f 1153/9/3 1148/9/3 1147/9/3
f 1154/9/3 1132/9/3 1148/9/3
f 1154/9/3 1148/9/3 1153/9/3
f 1155/9/3 1151/9/3 1150/9/3
f 1155/9/3 1152/9/3 1151/9/3
f 1155/9/3 1149/9/3 1049/9/3
f 1155/9/3 1150/9/3 1149/9/3
f 1156/9/3 1152/9/3 1155/9/3
f 1157/9/3 1152/9/3 1156/9/3
f 1158/9/3 1050/9/3 1152/9/3
f 1158/9/3 1152/9/3 1157/9/3
f 1159/3/3 1154/3/3 1153/3/3
f 1159/9/3 1153/9/3 1118/9/3
f 1160/9/3 1132/9/3 1154/9/3
f 1160/3/3 1154/3/3 1159/3/3
f 1161/9/3 1159/9/3 1118/9/3
f 1161/9/3 1160/9/3 1159/9/3
f 1162/9/3 1132/9/3 1160/9/3
f 1162/9/3 1160/9/3 1161/9/3
f 1163/9/3 1161/9/3 1118/9/3
f 1164/9/3 1132/9/3 1162/9/3
f 1165/9/3 1163/9/3 1118/9/3
f 1165/9/3 1164/9/3 1163/9/3
f 1166/9/3 1132/9/3 1164/9/3
f 1166/9/3 1164/9/3 1165/9/3
f 1167/9/3 1165/9/3 1118/9/3
f 1167/3/3 1166/3/3 1165/3/3
f 1168/9/3 1132/9/3 1166/9/3
f 1168/3/3 1166/3/3 1167/3/3
f 1169/9/3 1167/9/3 1118/9/3
f 1169/9/3 1168/9/3 1167/9/3
f 1170/9/3 1132/9/3 1168/9/3
f 1170/9/3 1168/9/3 1169/9/3
f 1171/9/3 1155/9/3 1049/9/3
f 1172/9/3 1157/9/3 1156/9/3
f 1173/9/3 1157/9/3 1172/9/3
f 1174/9/3 1050/9/3 1158/9/3
f 1175/9/3 1173/9/3 1172/9/3
f 1175/9/3 1174/9/3 1173/9/3
f 1175/9/3 1171/9/3 1049/9/3
f 1175/9/3 1172/9/3 1171/9/3
f 1176/9/3 1174/9/3 1175/9/3
f 1177/9/3 1174/9/3 1176/9/3
f 1178/9/3 1050/9/3 1174/9/3
f 1178/9/3 1174/9/3 1177/9/3
f 1179/9/3 1169/9/3 1118/9/3
f 1180/9/3 1132/9/3 1170/9/3
f 1181/9/3 1179/9/3 1118/9/3
f 1181/9/3 1180/9/3 1179/9/3
f 1182/9/3 1132/9/3 1180/9/3
f 1182/9/3 1180/9/3 1181/9/3
f 1183/9/3 1181/9/3 1118/9/3
f 1183/3/3 1182/3/3 1181/3/3
f 1184/9/3 1132/9/3 1182/9/3
f 1184/3/3 1182/3/3 1183/3/3
f 1185/9/3 1183/9/3 1118/9/3
f 1185/9/3 1184/9/3 1183/9/3
f 1186/9/3 1132/9/3 1184/9/3
f 1186/9/3 1184/9/3 1185/9/3
f 1187/9/3 1185/9/3 1118/9/3
f 1188/9/3 1132/9/3 1186/9/3
f 1189/9/3 1175/9/3 1049/9/3
f 1190/9/3 1177/9/3 1176/9/3
f 1191/9/3 1177/9/3 1190/9/3
f 1192/9/3 1050/9/3 1178/9/3
f 1193/9/3 1191/9/3 1190/9/3
f 1193/9/3 1192/9/3 1191/9/3
f 1193/9/3 1189/9/3 1049/9/3
f 1193/9/3 1190/9/3 1189/9/3
f 1194/9/3 1050/9/3 1192/9/3
f 1194/9/3 1192/9/3 1193/9/3
f 1195/9/3 1118/9/3 1051/9/3
f 1195/9/3 1187/9/3 1118/9/3
f 1195/9/3 1188/9/3 1187/9/3
f 1196/9/3 1052/9/3 1132/9/3
f 1196/9/3 1188/9/3 1195/9/3
f 1196/9/3 1132/9/3 1188/9/3
f 1197/9/3 1054/9/3 1053/9/3
f 1198/9/3 1054/9/3 1197/9/3
f 1199/9/3 1056/9/3 1055/9/3
f 1200/9/3 1056/9/3 1199/9/3
f 1203/9/3 1202/9/3 1201/9/3
f 1204/9/3 1202/9/3 1203/9/3
f 1207/9/3 1206/9/3 1205/9/3
f 1208/9/3 1206/9/3 1207/9/3
f 1211/9/3 1210/9/3 1209/9/3
f 1212/9/3 1210/9/3 1211/9/3
f 1215/9/3 1214/9/3 1213/9/3
f 1216/9/3 1215/9/3 1213/9/3
f 1217/9/3 1215/9/3 1216/9/3
f 1220/9/3 1219/9/3 1218/9/3
f 1221/9/3 1219/9/3 1220/9/3
f 1226/1/3 1223/1/3 1222/1/3
f 1227/1/3 1223/1/3 1226/1/3
f 1228/1/3 1225/1/3 1224/1/3
f 1229/1/3 1225/1/3 1228/1/3
f 1234/1/3 1231/1/3 1230/1/3
f 1235/1/3 1231/1/3 1234/1/3
f 1236/1/3 1233/1/3 1232/1/3
f 1237/1/3 1233/1/3 1236/1/3
f 1242/6/3 1239/6/3 1238/6/3
f 1243/6/3 1239/6/3 1242/6/3
f 1244/6/3 1241/6/3 1240/6/3
f 1245/6/3 1241/6/3 1244/6/3
f 1248/4/3 1247/4/3 1246/4/3
f 1249/4/3 1247/4/3 1248/4/3
f 1250/4/3 1247/4/3 1249/4/3
f 1251/4/3 1247/4/3 1250/4/3
f 1252/4/3 1247/4/3 1251/4/3
f 1253/4/3 1247/4/3 1252/4/3
f 1254/4/3 1248/4/3 1246/4/3
f 1255/8/3 1249/8/3 1248/8/3
f 1255/4/3 1248/4/3 1254/4/3
f 1256/8/3 1249/8/3 1255/8/3
f 1257/4/3 1250/4/3 1249/4/3
f 1257/8/3 1249/8/3 1256/8/3
f 1258/4/3 1250/4/3 1257/4/3
f 1259/4/3 1250/4/3 1258/4/3
f 1260/8/3 1251/8/3 1250/8/3
f 1260/4/3 1250/4/3 1259/4/3
f 1261/8/3 1251/8/3 1260/8/3
f 1262/4/3 1252/4/3 1251/4/3
f 1262/8/3 1251/8/3 1261/8/3
f 1263/4/3 1252/4/3 1262/4/3
f 1264/4/3 1252/4/3 1263/4/3
f 1265/8/3 1253/8/3 1252/8/3
f 1265/4/3 1252/4/3 1264/4/3
f 1266/8/3 1253/8/3 1265/8/3
f 1267/4/3 1247/4/3 1253/4/3
f 1267/8/3 1253/8/3 1266/8/3
f 1268/4/3 1247/4/3 1267/4/3
f 1269/8/3 1256/8/3 1255/8/3
f 1269/8/3 1255/8/3 1254/8/3
f 1270/5/3 1257/5/3 1256/5/3
f 1270/8/3 1256/8/3 1269/8/3
f 1271/8/3 1258/8/3 1257/8/3
f 1271/5/3 1257/5/3 1270/5/3
f 1272/5/3 1261/5/3 1260/5/3
f 1272/8/3 1260/8/3 1259/8/3
f 1273/8/3 1262/8/3 1261/8/3
f 1273/5/3 1261/5/3 1272/5/3
f 1273/8/3 1263/8/3 1262/8/3
f 1274/8/3 1263/8/3 1273/8/3
f 1275/8/3 1266/8/3 1265/8/3
f 1275/8/3 1265/8/3 1264/8/3
f 1276/5/3 1267/5/3 1266/5/3
f 1276/8/3 1266/8/3 1275/8/3
f 1277/8/3 1268/8/3 1267/8/3
f 1277/5/3 1267/5/3 1276/5/3
f 1278/8/3 1269/8/3 1254/8/3
f 1279/5/3 1270/5/3 1269/5/3
f 1279/8/3 1269/8/3 1278/8/3
f 1280/8/3 1271/8/3 1270/8/3
f 1280/5/3 1270/5/3 1279/5/3
f 1281/5/3 1274/5/3 1273/5/3
f 1281/8/3 1273/8/3 1272/8/3
f 1282/8/3 1263/8/3 1274/8/3
f 1282/5/3 1274/5/3 1281/5/3
f 1283/8/3 1263/8/3 1282/8/3
f 1284/8/3 1275/8/3 1264/8/3
f 1285/5/3 1276/5/3 1275/5/3
f 1285/8/3 1275/8/3 1284/8/3
f 1286/8/3 1277/8/3 1276/8/3
f 1286/5/3 1276/5/3 1285/5/3
f 1287/4/3 1254/4/3 1246/4/3
f 1287/8/3 1278/8/3 1254/8/3
f 1288/5/3 1279/5/3 1278/5/3
f 1288/8/3 1278/8/3 1287/8/3
f 1289/8/3 1280/8/3 1279/8/3
f 1289/5/3 1279/5/3 1288/5/3
f 1290/8/3 1258/8/3 1271/8/3
f 1290/8/3 1280/8/3 1289/8/3
f 1290/8/3 1271/8/3 1280/8/3
f 1291/4/3 1259/4/3 1258/4/3
f 1291/8/3 1258/8/3 1290/8/3
f 1292/8/3 1281/8/3 1272/8/3
f 1292/4/3 1259/4/3 1291/4/3
f 1292/8/3 1272/8/3 1259/8/3
f 1292/8/3 1282/8/3 1281/8/3
f 1293/8/3 1282/8/3 1292/8/3
f 1294/5/3 1283/5/3 1282/5/3
f 1294/8/3 1282/8/3 1293/8/3
f 1295/8/3 1263/8/3 1283/8/3
f 1295/5/3 1283/5/3 1294/5/3
f 1296/4/3 1264/4/3 1263/4/3
f 1296/8/3 1263/8/3 1295/8/3
f 1297/8/3 1284/8/3 1264/8/3
f 1297/4/3 1264/4/3 1296/4/3
f 1298/5/3 1285/5/3 1284/5/3
f 1298/8/3 1284/8/3 1297/8/3
f 1299/8/3 1286/8/3 1285/8/3
f 1299/5/3 1285/5/3 1298/5/3
f 1300/8/3 1277/8/3 1286/8/3
f 1300/8/3 1286/8/3 1299/8/3
f 1300/8/3 1268/8/3 1277/8/3
f 1301/4/3 1247/4/3 1268/4/3
f 1301/8/3 1268/8/3 1300/8/3
f 1302/8/3 1290/8/3 1289/8/3
f 1302/8/3 1289/8/3 1288/8/3
f 1302/4/3 1288/4/3 1287/4/3
f 1303/4/3 1291/4/3 1290/4/3
f 1303/8/3 1290/8/3 1302/8/3
f 1303/4/3 1292/4/3 1291/4/3
f 1303/4/3 1293/4/3 1292/4/3
f 1304/8/3 1295/8/3 1294/8/3
f 1304/4/3 1293/4/3 1303/4/3
f 1304/8/3 1294/8/3 1293/8/3
f 1305/4/3 1296/4/3 1295/4/3
f 1305/8/3 1295/8/3 1304/8/3
f 1305/4/3 1297/4/3 1296/4/3
f 1305/4/3 1298/4/3 1297/4/3
f 1306/8/3 1299/8/3 1298/8/3
f 1306/4/3 1298/4/3 1305/4/3
f 1306/8/3 1300/8/3 1299/8/3
f 1307/4/3 1301/4/3 1300/4/3
f 1307/8/3 1300/8/3 1306/8/3
f 1308/4/3 1305/4/3 1304/4/3
f 1308/4/3 1306/4/3 1305/4/3
f 1308/4/3 1307/4/3 1306/4/3
f 1308/4/3 1304/4/3 1303/4/3
f 1308/4/3 1303/4/3 1302/4/3
f 1309/4/3 1307/4/3 1308/4/3
f 1310/4/3 1308/4/3 1302/4/3
f 1311/8/3 1309/8/3 1308/8/3
f 1311/4/3 1308/4/3 1310/4/3
f 1312/8/3 1309/8/3 1311/8/3
f 1313/4/3 1307/4/3 1309/4/3
f 1313/8/3 1309/8/3 1312/8/3
f 1314/4/3 1307/4/3 1313/4/3
f 1315/4/3 1310/4/3 1302/4/3
f 1316/5/3 1312/5/3 1311/5/3
f 1316/4/3 1310/4/3 1315/4/3
f 1316/5/3 1311/5/3 1310/5/3
f 1317/8/3 1314/8/3 1313/8/3
f 1317/5/3 1312/5/3 1316/5/3
f 1317/8/3 1313/8/3 1312/8/3
f 1318/8/3 1314/8/3 1317/8/3
f 1319/4/3 1307/4/3 1314/4/3
f 1319/8/3 1314/8/3 1318/8/3
f 1320/4/3 1307/4/3 1319/4/3
f 1321/4/3 1315/4/3 1302/4/3
f 1322/5/3 1318/5/3 1317/5/3
f 1322/4/3 1315/4/3 1321/4/3
f 1322/5/3 1316/5/3 1315/5/3
f 1322/5/3 1317/5/3 1316/5/3
f 1323/8/3 1320/8/3 1319/8/3
f 1323/5/3 1318/5/3 1322/5/3
f 1323/8/3 1319/8/3 1318/8/3
f 1324/4/3 1307/4/3 1320/4/3
f 1324/8/3 1320/8/3 1323/8/3
f 1325/4/3 1301/4/3 1307/4/3
f 1325/4/3 1307/4/3 1324/4/3
f 1326/8/3 1324/8/3 1323/8/3
f 1326/8/3 1323/8/3 1322/8/3
f 1326/8/3 1325/8/3 1324/8/3
f 1326/8/3 1322/8/3 1321/8/3
f 1326/4/3 1321/4/3 1302/4/3
f 1327/4/3 1301/4/3 1325/4/3
f 1327/8/3 1325/8/3 1326/8/3
f 1328/4/3 1327/4/3 1326/4/3
f 1329/4/3 1327/4/3 1328/4/3
f 1330/4/3 1327/4/3 1329/4/3
f 1331/4/3 1327/4/3 1330/4/3
f 1332/4/3 1327/4/3 1331/4/3
f 1333/4/3 1327/4/3 1332/4/3
f 1334/4/3 1327/4/3 1333/4/3
f 1335/4/3 1327/4/3 1334/4/3
f 1336/4/3 1327/4/3 1335/4/3
f 1337/4/3 1327/4/3 1336/4/3
f 1338/4/3 1327/4/3 1337/4/3
f 1339/4/3 1327/4/3 1338/4/3
f 1340/4/3 1327/4/3 1339/4/3
f 1341/4/3 1327/4/3 1340/4/3
f 1342/4/3 1328/4/3 1326/4/3
f 1342/5/3 1329/5/3 1328/5/3
f 1343/4/3 1330/4/3 1329/4/3
f 1343/5/3 1329/5/3 1342/5/3
f 1344/5/3 1331/5/3 1330/5/3
f 1344/4/3 1330/4/3 1343/4/3
f 1345/4/3 1332/4/3 1331/4/3
f 1345/5/3 1331/5/3 1344/5/3
f 1346/5/3 1333/5/3 1332/5/3
f 1346/4/3 1332/4/3 1345/4/3
f 1347/4/3 1334/4/3 1333/4/3
f 1347/5/3 1333/5/3 1346/5/3
f 1348/8/3 1335/8/3 1334/8/3
f 1348/4/3 1334/4/3 1347/4/3
f 1349/4/3 1336/4/3 1335/4/3
f 1349/8/3 1335/8/3 1348/8/3
f 1350/8/3 1337/8/3 1336/8/3
f 1350/4/3 1336/4/3 1349/4/3
f 1351/4/3 1338/4/3 1337/4/3
f 1351/8/3 1337/8/3 1350/8/3
f 1352/8/3 1339/8/3 1338/8/3
f 1352/4/3 1338/4/3 1351/4/3
f 1353/4/3 1340/4/3 1339/4/3
f 1353/8/3 1339/8/3 1352/8/3
f 1354/8/3 1341/8/3 1340/8/3
f 1354/4/3 1340/4/3 1353/4/3
f 1355/4/3 1327/4/3 1341/4/3
f 1355/8/3 1341/8/3 1354/8/3
f 1356/4/3 1302/4/3 1287/4/3
f 1356/4/3 1326/4/3 1302/4/3
f 1356/4/3 1355/4/3 1354/4/3
f 1356/4/3 1352/4/3 1351/4/3
f 1356/4/3 1351/4/3 1350/4/3
f 1356/4/3 1350/4/3 1349/4/3
f 1356/4/3 1349/4/3 1348/4/3
f 1356/4/3 1348/4/3 1347/4/3
f 1356/4/3 1347/4/3 1346/4/3
f 1356/4/3 1346/4/3 1345/4/3
f 1356/4/3 1345/4/3 1344/4/3
f 1356/4/3 1344/4/3 1343/4/3
f 1356/4/3 1343/4/3 1342/4/3
f 1356/4/3 1342/4/3 1326/4/3
f 1356/4/3 1353/4/3 1352/4/3
f 1356/4/3 1354/4/3 1353/4/3
f 1356/4/3 1287/4/3 1246/4/3
f 1357/4/3 1327/4/3 1355/4/3
f 1357/4/3 1355/4/3 1356/4/3
f 1357/4/3 1301/4/3 1327/4/3
f 1357/4/3 1247/4/3 1301/4/3
f 1360/5/3 1359/5/3 1358/5/3
f 1361/5/3 1359/5/3 1360/5/3
f 1362/5/3 1360/5/3 1358/5/3
f 1363/5/3 1359/5/3 1361/5/3
f 1364/5/3 1362/5/3 1358/5/3
f 1364/5/3 1363/5/3 1362/5/3
f 1365/5/3 1359/5/3 1363/5/3
f 1365/5/3 1363/5/3 1364/5/3
f 1369/9/3 1367/9/3 1366/9/3
f 1370/1/3 1368/1/3 1367/1/3
f 1370/9/3 1367/9/3 1369/9/3
f 1371/1/3 1368/1/3 1370/1/3
f 1374/7/3 1373/7/3 1372/7/3
f 1375/7/3 1373/7/3 1374/7/3
f 1378/7/3 1377/7/3 1376/7/3
f 1379/7/3 1377/7/3 1378/7/3
f 1382/7/3 1381/7/3 1380/7/3
f 1383/7/3 1381/7/3 1382/7/3
f 1386/7/3 1385/7/3 1384/7/3
f 1387/7/3 1385/7/3 1386/7/3
f 1390/7/3 1389/7/3 1388/7/3
f 1391/7/3 1389/7/3 1390/7/3
f 1394/7/3 1393/7/3 1392/7/3
f 1395/7/3 1393/7/3 1394/7/3
f 1398/7/3 1397/7/3 1396/7/3
f 1399/7/3 1397/7/3 1398/7/3
f 1402/7/3 1401/7/3 1400/7/3
f 1403/7/3 1401/7/3 1402/7/3
f 1406/7/3 1405/7/3 1404/7/3
f 1407/7/3 1405/7/3 1406/7/3
f 1410/7/3 1409/7/3 1408/7/3
f 1411/7/3 1409/7/3 1410/7/3
f 1416/1/3 1413/1/3 1412/1/3
f 1417/1/3 1413/1/3 1416/1/3
f 1418/1/3 1415/1/3 1414/1/3
f 1419/1/3 1415/1/3 1418/1/3
f 1424/9/3 1418/9/3 1417/9/3
f 1425/9/3 1418/9/3 1424/9/3
f 1426/9/3 1421/9/3 1420/9/3
f 1427/9/3 1421/9/3 1426/9/3
f 1428/9/3 1423/9/3 1422/9/3
f 1429/9/3 1423/9/3 1428/9/3
f 1432/7/3 1431/7/3 1430/7/3
f 1433/7/3 1431/7/3 1432/7/3
f 1436/7/3 1435/7/3 1434/7/3
f 1437/7/3 1435/7/3 1436/7/3
f 1442/1/3 1439/1/3 1438/1/3
f 1443/1/3 1439/1/3 1442/1/3
f 1444/1/3 1441/1/3 1440/1/3
f 1445/1/3 1441/1/3 1444/1/3
f 1452/9/3 1447/9/3 1446/9/3
f 1453/9/3 1447/9/3 1452/9/3
f 1454/9/3 1449/9/3 1448/9/3
f 1455/9/3 1449/9/3 1454/9/3
f 1456/9/3 1451/9/3 1450/9/3
f 1457/9/3 1451/9/3 1456/9/3
f 1460/7/3 1459/7/3 1458/7/3
f 1461/7/3 1459/7/3 1460/7/3
f 1464/7/3 1463/7/3 1462/7/3
f 1465/7/3 1463/7/3 1464/7/3
f 1468/7/3 1467/7/3 1466/7/3
f 1469/7/3 1467/7/3 1468/7/3
f 1472/7/3 1471/7/3 1470/7/3
f 1473/7/3 1471/7/3 1472/7/3
f 1476/7/3 1475/7/3 1474/7/3
f 1477/7/3 1475/7/3 1476/7/3
f 1480/7/3 1479/7/3 1478/7/3
f 1481/7/3 1479/7/3 1480/7/3
f 1484/7/3 1483/7/3 1482/7/3
f 1485/7/3 1483/7/3 1484/7/3
f 1488/7/3 1487/7/3 1486/7/3
f 1489/7/3 1487/7/3 1488/7/3
f 1492/7/3 1491/7/3 1490/7/3
f 1493/7/3 1491/7/3 1492/7/3
f 1496/7/3 1495/7/3 1494/7/3
f 1497/7/3 1495/7/3 1496/7/3
f 1503/1/3 1499/1/3 1498/1/3
f 1504/1/3 1499/1/3 1503/1/3
f 1505/1/3 1501/1/3 1500/1/3
f 1506/1/3 1501/1/3 1505/1/3
f 1511/9/3 1503/9/3 1502/9/3
f 1512/9/3 1503/9/3 1511/9/3
f 1513/9/3 1508/9/3 1507/9/3
f 1514/9/3 1508/9/3 1513/9/3
f 1515/9/3 1510/9/3 1509/9/3
f 1516/9/3 1510/9/3 1515/9/3
f 1521/1/3 1518/1/3 1517/1/3
f 1522/1/3 1518/1/3 1521/1/3
f 1523/1/3 1520/1/3 1519/1/3
f 1524/1/3 1520/1/3 1523/1/3
f 1531/9/3 1526/9/3 1525/9/3
f 1532/9/3 1526/9/3 1531/9/3
f 1533/9/3 1528/9/3 1527/9/3
f 1534/9/3 1528/9/3 1533/9/3
f 1535/9/3 1530/9/3 1529/9/3
f 1536/9/3 1530/9/3 1535/9/3
f 1541/3/3 1538/3/3 1537/3/3
f 1542/3/3 1538/3/3 1541/3/3
f 1543/2/3 1540/2/3 1539/2/3
f 1544/2/3 1540/2/3 1543/2/3
f 1549/3/3 1546/3/3 1545/3/3
f 1550/3/3 1546/3/3 1549/3/3
f 1551/2/3 1548/2/3 1547/2/3
f 1552/2/3 1548/2/3 1551/2/3
f 1555/2/3 1554/2/3 1553/2/3
f 1556/2/3 1554/2/3 1555/2/3
f 1559/2/3 1558/2/3 1557/2/3
f 1560/2/3 1558/2/3 1559/2/3
f 1565/3/3 1562/3/3 1561/3/3
f 1566/3/3 1562/3/3 1565/3/3
f 1567/2/3 1564/2/3 1563/2/3
f 1568/2/3 1564/2/3 1567/2/3
f 1569/5/4 1570/5/4 1571/5/4
f 1571/5/4 1570/5/4 1572/5/4
f 1569/5/4 1571/5/4 1573/5/4
f 1572/5/4 1570/5/4 1574/5/4
f 1569/5/4 1573/5/4 1575/5/4
f 1573/5/4 1574/5/4 1575/5/4
f 1574/5/4 1570/5/4 1576/5/4
f 1575/5/4 1574/5/4 1576/5/4
f 1569/5/4 1575/5/4 1577/5/4
f 1576/5/4 1570/5/4 1578/5/4
f 1569/5/4 1577/5/4 1579/5/4
f 1577/5/4 1578/5/4 1579/5/4
f 1578/5/4 1570/5/4 1580/5/4
f 1579/5/4 1578/5/4 1580/5/4
f 1581/7/4 1582/7/4 1583/7/4
f 1583/7/4 1582/7/4 1584/7/4
f 1585/7/4 1586/7/4 1587/7/4
f 1587/7/4 1586/7/4 1588/7/4
f 1589/7/4 1590/7/4 1591/7/4
f 1591/7/4 1590/7/4 1592/7/4
f 1593/7/4 1594/7/4 1595/7/4
f 1595/7/4 1594/7/4 1596/7/4
f 1597/7/4 1598/7/4 1599/7/4
f 1599/7/4 1598/7/4 1600/7/4
f 1601/7/4 1602/7/4 1603/7/4
f 1603/7/4 1602/7/4 1604/7/4
f 1605/1/4 1606/1/4 1609/1/4
f 1609/1/4 1606/1/4 1610/1/4
f 1607/1/4 1608/1/4 1611/1/4
f 1611/1/4 1608/1/4 1612/1/4
f 1610/9/4 1611/9/4 1617/9/4
f 1617/9/4 1611/9/4 1618/9/4
f 1613/9/4 1614/9/4 1619/9/4
f 1619/9/4 1614/9/4 1620/9/4
f 1615/9/4 1616/9/4 1621/9/4
f 1621/9/4 1616/9/4 1622/9/4
f 1623/7/4 1624/7/4 1625/7/4
f 1625/7/4 1624/7/4 1626/7/4
f 1627/7/4 1628/7/4 1629/7/4
f 1629/7/4 1628/7/4 1630/7/4
f 1631/1/4 1632/1/4 1635/1/4
f 1635/1/4 1632/1/4 1636/1/4
f 1633/1/4 1634/1/4 1637/1/4
f 1637/1/4 1634/1/4 1638/1/4
f 1639/9/4 1640/9/4 1645/9/4
f 1645/9/4 1640/9/4 1646/9/4
f 1641/9/4 1642/9/4 1647/9/4
f 1647/9/4 1642/9/4 1648/9/4
f 1643/9/4 1644/9/4 1649/9/4
f 1649/9/4 1644/9/4 1650/9/4
f 1651/7/4 1652/7/4 1653/7/4
f 1653/7/4 1652/7/4 1654/7/4
f 1655/7/4 1656/7/4 1657/7/4
f 1657/7/4 1656/7/4 1658/7/4
f 1659/7/4 1660/7/4 1661/7/4
f 1661/7/4 1660/7/4 1662/7/4
f 1663/7/4 1664/7/4 1665/7/4
f 1665/7/4 1664/7/4 1666/7/4
f 1667/7/4 1668/7/4 1669/7/4
f 1669/7/4 1668/7/4 1670/7/4
f 1671/7/4 1672/7/4 1673/7/4
f 1673/7/4 1672/7/4 1674/7/4
f 1675/7/4 1676/7/4 1677/7/4
f 1677/7/4 1676/7/4 1678/7/4
f 1679/7/4 1680/7/4 1681/7/4
f 1681/7/4 1680/7/4 1682/7/4
f 1683/7/4 1684/7/4 1685/7/4
f 1685/7/4 1684/7/4 1686/7/4
f 1687/7/4 1688/7/4 1689/7/4
f 1689/7/4 1688/7/4 1690/7/4
f 1691/7/4 1692/7/4 1693/7/4
f 1693/7/4 1692/7/4 1694/7/4
f 1695/7/4 1696/7/4 1697/7/4
f 1697/7/4 1696/7/4 1698/7/4
f 1699/7/4 1700/7/4 1701/7/4
f 1701/7/4 1700/7/4 1702/7/4
f 1703/7/4 1704/7/4 1705/7/4
f 1705/7/4 1704/7/4 1706/7/4
f 1707/1/4 1708/1/4 1712/1/4
f 1712/1/4 1708/1/4 1713/1/4
f 1709/1/4 1710/1/4 1714/1/4
f 1714/1/4 1710/1/4 1715/1/4
f 1711/9/4 1712/9/4 1724/9/4
f 1724/9/4 1712/9/4 1725/9/4
f 1713/9/4 1714/9/4 1726/9/4
f 1726/9/4 1714/9/4 1727/9/4
f 1716/9/4 1717/9/4 1728/9/4
f 1728/9/4 1717/9/4 1729/9/4
f 1718/9/4 1719/9/4 1730/9/4
f 1730/9/4 1719/9/4 1731/9/4
f 1720/9/4 1721/9/4 1732/9/4
f 1732/9/4 1721/9/4 1733/9/4
f 1722/9/4 1723/9/4 1734/9/4
f 1734/9/4 1723/9/4 1735/9/4
f 1736/1/4 1737/1/4 1740/1/4
f 1740/1/4 1737/1/4 1741/1/4
f 1738/1/4 1739/1/4 1742/1/4
f 1742/1/4 1739/1/4 1743/1/4
f 1744/9/4 1745/9/4 1747/9/4
f 1745/1/4 1746/1/4 1748/1/4
f 1747/9/4 1745/9/4 1748/9/4
f 1748/1/4 1746/1/4 1749/1/4
f 1750/6/4 1751/6/4 1754/6/4
f 1754/6/4 1751/6/4 1755/6/4
f 1752/6/4 1753/6/4 1756/6/4
f 1756/6/4 1753/6/4 1757/6/4
f 1758/1/4 1759/1/4 1762/1/4
f 1762/1/4 1759/1/4 1763/1/4
f 1760/1/4 1761/1/4 1764/1/4
f 1764/1/4 1761/1/4 1765/1/4
f 1766/1/4 1767/1/4 1770/1/4
f 1770/1/4 1767/1/4 1771/1/4
f 1768/1/4 1769/1/4 1772/1/4
f 1772/1/4 1769/1/4 1773/1/4
f 1774/9/4 1775/9/4 1780/9/4
f 1780/9/4 1775/9/4 1781/9/4
f 1776/9/4 1777/9/4 1782/9/4
f 1782/9/4 1777/9/4 1783/9/4
f 1778/9/4 1779/9/4 1784/9/4
f 1784/9/4 1779/9/4 1785/9/4
f 1786/9/4 1787/9/4 1792/9/4
f 1792/9/4 1787/9/4 1793/9/4
f 1788/9/4 1789/9/4 1794/9/4
f 1794/9/4 1789/9/4 1795/9/4
f 1790/9/4 1791/9/4 1796/9/4
f 1796/9/4 1791/9/4 1797/9/4
f 1798/9/4 1799/9/4 1804/9/4
f 1804/9/4 1799/9/4 1805/9/4
f 1800/9/4 1801/9/4 1806/9/4
f 1806/9/4 1801/9/4 1807/9/4
f 1802/9/4 1803/9/4 1808/9/4
f 1808/9/4 1803/9/4 1809/9/4
f 1810/9/4 1811/9/4 1820/9/4
f 1820/9/4 1811/9/4 1821/9/4
f 1812/9/4 1813/9/4 1822/9/4
f 1822/9/4 1813/9/4 1823/9/4
f 1814/9/4 1815/9/4 1824/9/4
f 1824/9/4 1815/9/4 1825/9/4
f 1816/9/4 1817/9/4 1826/9/4
f 1826/9/4 1817/9/4 1827/9/4
f 1818/9/4 1819/9/4 1828/9/4
f 1828/9/4 1819/9/4 1829/9/4
f 1830/9/4 1831/9/4 1836/9/4
f 1836/9/4 1831/9/4 1837/9/4
f 1832/9/4 1833/9/4 1838/9/4
f 1838/9/4 1833/9/4 1839/9/4
f 1834/9/4 1835/9/4 1840/9/4
f 1840/9/4 1835/9/4 1841/9/4
f 1842/9/4 1843/9/4 1850/9/4
f 1850/9/4 1843/9/4 1851/9/4
f 1851/9/4 1843/9/4 1852/9/4
f 1852/9/4 1843/9/4 1853/9/4
f 1844/9/4 1845/9/4 1854/9/4
f 1854/9/4 1845/9/4 1855/9/4
f 1844/9/4 1854/9/4 1856/9/4
f 1855/9/4 1845/9/4 1857/9/4
f 1844/9/4 1856/9/4 1858/9/4
f 1856/9/4 1857/9/4 1858/9/4
f 1857/9/4 1845/9/4 1859/9/4
f 1858/9/4 1857/9/4 1859/9/4
f 1844/9/4 1858/9/4 1860/9/4
f 1858/3/4 1859/3/4 1860/3/4
f 1859/9/4 1845/9/4 1861/9/4
f 1860/3/4 1859/3/4 1861/3/4
f 1844/9/4 1860/9/4 1862/9/4
f 1860/9/4 1861/9/4 1862/9/4
f 1861/9/4 1845/9/4 1863/9/4
f 1862/9/4 1861/9/4 1863/9/4
f 1842/9/4 1850/9/4 1864/9/4
f 1851/9/4 1852/9/4 1865/9/4
f 1865/9/4 1852/9/4 1866/9/4
f 1853/9/4 1843/9/4 1867/9/4
f 1842/9/4 1864/9/4 1868/9/4
f 1864/9/4 1865/9/4 1868/9/4
f 1868/9/4 1865/9/4 1869/9/4
f 1866/9/4 1867/9/4 1870/9/4
f 1867/9/4 1843/9/4 1871/9/4
f 1870/9/4 1867/9/4 1871/9/4
f 1844/9/4 1862/9/4 1872/9/4
f 1863/9/4 1845/9/4 1873/9/4
f 1844/9/4 1872/9/4 1874/9/4
f 1872/9/4 1873/9/4 1874/9/4
f 1873/9/4 1845/9/4 1875/9/4
f 1874/9/4 1873/9/4 1875/9/4
f 1844/9/4 1874/9/4 1876/9/4
f 1874/3/4 1875/3/4 1876/3/4
f 1875/9/4 1845/9/4 1877/9/4
f 1876/3/4 1875/3/4 1877/3/4
f 1844/9/4 1876/9/4 1878/9/4
f 1876/9/4 1877/9/4 1878/9/4
f 1877/9/4 1845/9/4 1879/9/4
f 1878/9/4 1877/9/4 1879/9/4
f 1844/9/4 1878/9/4 1880/9/4
f 1879/9/4 1845/9/4 1881/9/4
f 1844/9/4 1880/9/4 1882/9/4
f 1880/9/4 1881/9/4 1882/9/4
f 1881/9/4 1845/9/4 1883/9/4
f 1882/9/4 1881/9/4 1883/9/4
f 1844/9/4 1882/9/4 1884/9/4
f 1882/3/4 1883/3/4 1884/3/4
f 1883/9/4 1845/9/4 1885/9/4
f 1884/3/4 1883/3/4 1885/3/4
f 1842/9/4 1868/9/4 1886/9/4
f 1869/9/4 1870/9/4 1887/9/4
f 1887/9/4 1870/9/4 1888/9/4
f 1871/9/4 1843/9/4 1889/9/4
f 1844/9/4 1884/9/4 1890/9/4
f 1884/9/4 1885/9/4 1890/9/4
f 1885/9/4 1845/9/4 1891/9/4
f 1890/9/4 1885/9/4 1891/9/4
f 1842/9/4 1886/9/4 1892/9/4
f 1886/9/4 1887/9/4 1892/9/4
f 1892/9/4 1887/9/4 1893/9/4
f 1888/9/4 1889/9/4 1894/9/4
f 1889/9/4 1843/9/4 1895/9/4
f 1894/9/4 1889/9/4 1895/9/4
f 1844/9/4 1890/9/4 1896/9/4
f 1891/9/4 1845/9/4 1897/9/4
f 1844/9/4 1896/9/4 1898/9/4
f 1896/9/4 1897/9/4 1898/9/4
f 1897/9/4 1845/9/4 1899/9/4
f 1898/9/4 1897/9/4 1899/9/4
f 1844/9/4 1898/9/4 1900/9/4
f 1898/3/4 1899/3/4 1900/3/4
f 1899/9/4 1845/9/4 1901/9/4
f 1900/3/4 1899/3/4 1901/3/4
f 1844/9/4 1900/9/4 1902/9/4
f 1900/9/4 1901/9/4 1902/9/4
f 1901/9/4 1845/9/4 1903/9/4
f 1902/9/4 1901/9/4 1903/9/4
f 1844/9/4 1902/9/4 1904/9/4
f 1903/9/4 1845/9/4 1905/9/4
f 1844/9/4 1904/9/4 1906/9/4
f 1904/9/4 1905/9/4 1906/9/4
f 1905/9/4 1845/9/4 1907/9/4
f 1906/9/4 1905/9/4 1907/9/4
f 1842/9/4 1892/9/4 1908/9/4
f 1893/9/4 1894/9/4 1909/9/4
f 1909/9/4 1894/9/4 1910/9/4
f 1895/9/4 1843/9/4 1911/9/4
f 1844/9/4 1906/9/4 1912/9/4
f 1906/3/4 1907/3/4 1912/3/4
f 1912/3/4 1907/3/4 1913/3/4
f 1913/3/4 1907/3/4 1914/3/4
f 1907/9/4 1845/9/4 1915/9/4
f 1914/3/4 1907/3/4 1915/3/4
f 1842/9/4 1908/9/4 1916/9/4
f 1908/9/4 1909/9/4 1916/9/4
f 1916/9/4 1909/9/4 1917/9/4
f 1910/9/4 1911/9/4 1918/9/4
f 1911/9/4 1843/9/4 1919/9/4
f 1918/9/4 1911/9/4 1919/9/4
f 1912/9/4 1913/9/4 1920/9/4
f 1844/9/4 1912/9/4 1920/9/4
f 1920/9/4 1913/9/4 1921/9/4
f 1914/9/4 1915/9/4 1922/9/4
f 1915/9/4 1845/9/4 1923/9/4
f 1922/9/4 1915/9/4 1923/9/4
f 1844/9/4 1920/9/4 1924/9/4
f 1923/9/4 1845/9/4 1925/9/4
f 1844/9/4 1924/9/4 1926/9/4
f 1924/9/4 1925/9/4 1926/9/4
f 1925/9/4 1845/9/4 1927/9/4
f 1926/9/4 1925/9/4 1927/9/4
f 1844/9/4 1926/9/4 1928/9/4
f 1926/3/4 1927/3/4 1928/3/4
f 1927/9/4 1845/9/4 1929/9/4
f 1928/3/4 1927/3/4 1929/3/4
f 1844/9/4 1928/9/4 1930/9/4
f 1928/9/4 1929/9/4 1930/9/4
f 1929/9/4 1845/9/4 1931/9/4
f 1930/9/4 1929/9/4 1931/9/4
f 1844/9/4 1930/9/4 1932/9/4
f 1931/9/4 1845/9/4 1933/9/4
f 1842/9/4 1916/9/4 1934/9/4
f 1934/9/4 1916/9/4 1935/9/4
f 1917/9/4 1918/9/4 1936/9/4
f 1936/9/4 1918/9/4 1937/9/4
f 1919/9/4 1843/9/4 1938/9/4
f 1844/9/4 1932/9/4 1939/9/4
f 1932/9/4 1933/9/4 1939/9/4
f 1939/9/4 1933/9/4 1940/9/4
f 1940/9/4 1933/9/4 1941/9/4
f 1933/9/4 1845/9/4 1942/9/4
f 1941/9/4 1933/9/4 1942/9/4
f 1846/9/4 1847/9/4 1943/9/4
f 1943/9/4 1847/9/4 1944/9/4
f 1842/9/4 1934/9/4 1945/9/4
f 1935/9/4 1936/9/4 1946/9/4
f 1946/9/4 1936/9/4 1947/9/4
f 1937/9/4 1938/9/4 1948/9/4
f 1938/9/4 1843/9/4 1949/9/4
f 1948/9/4 1938/9/4 1949/9/4
f 1844/9/4 1939/9/4 1950/9/4
f 1940/9/4 1941/9/4 1951/9/4
f 1941/3/4 1942/3/4 1952/3/4
f 1951/9/4 1941/9/4 1952/9/4
f 1942/9/4 1845/9/4 1953/9/4
f 1952/3/4 1942/3/4 1953/3/4
f 1846/9/4 1943/9/4 1954/9/4
f 1944/9/4 1847/9/4 1955/9/4
f 1951/9/4 1952/9/4 1956/9/4
f 1950/9/4 1951/9/4 1956/9/4
f 1952/9/4 1953/9/4 1956/9/4
f 1953/9/4 1845/9/4 1957/9/4
f 1956/9/4 1953/9/4 1957/9/4
f 1950/9/4 1956/9/4 1958/9/4
f 1957/9/4 1845/9/4 1959/9/4
f 1950/9/4 1958/9/4 1960/9/4
f 1958/9/4 1959/9/4 1960/9/4
f 1959/9/4 1845/9/4 1961/9/4
f 1960/9/4 1959/9/4 1961/9/4
f 1950/9/4 1960/9/4 1962/9/4
f 1960/3/4 1961/3/4 1962/3/4
f 1961/9/4 1845/9/4 1963/9/4
f 1962/3/4 1961/3/4 1963/3/4
f 1950/9/4 1962/9/4 1964/9/4
f 1962/9/4 1963/9/4 1964/9/4
f 1963/9/4 1845/9/4 1965/9/4
f 1964/9/4 1963/9/4 1965/9/4
f 1945/9/4 1946/9/4 1966/9/4
f 1947/9/4 1948/9/4 1967/9/4
f 1967/9/4 1948/9/4 1968/9/4
f 1949/9/4 1843/9/4 1969/9/4
f 1945/9/4 1966/9/4 1970/9/4
f 1966/9/4 1967/9/4 1970/9/4
f 1970/9/4 1967/9/4 1971/9/4
f 1968/9/4 1969/9/4 1972/9/4
f 1969/9/4 1843/9/4 1973/9/4
f 1972/9/4 1969/9/4 1973/9/4
f 1950/9/4 1964/9/4 1974/9/4
f 1965/9/4 1845/9/4 1975/9/4
f 1974/9/4 1975/9/4 1976/9/4
f 1950/9/4 1974/9/4 1976/9/4
f 1975/9/4 1845/9/4 1977/9/4
f 1976/9/4 1975/9/4 1977/9/4
f 1950/9/4 1976/9/4 1978/9/4
f 1976/3/4 1977/3/4 1978/3/4
f 1977/9/4 1845/9/4 1979/9/4
f 1978/3/4 1977/3/4 1979/3/4
f 1950/9/4 1978/9/4 1980/9/4
f 1978/9/4 1979/9/4 1980/9/4
f 1979/9/4 1845/9/4 1981/9/4
f 1980/9/4 1979/9/4 1981/9/4
f 1950/9/4 1980/9/4 1982/9/4
f 1981/9/4 1845/9/4 1983/9/4
f 1945/9/4 1970/9/4 1984/9/4
f 1971/9/4 1972/9/4 1985/9/4
f 1985/9/4 1972/9/4 1986/9/4
f 1973/9/4 1843/9/4 1987/9/4
f 1985/9/4 1986/9/4 1988/9/4
f 1986/9/4 1987/9/4 1988/9/4
f 1842/9/4 1945/9/4 1988/9/4
f 1945/9/4 1984/9/4 1988/9/4
f 1984/9/4 1985/9/4 1988/9/4
f 1987/9/4 1843/9/4 1989/9/4
f 1988/9/4 1987/9/4 1989/9/4
f 1950/9/4 1982/9/4 1990/9/4
f 1844/9/4 1950/9/4 1990/9/4
f 1982/9/4 1983/9/4 1990/9/4
f 1983/9/4 1845/9/4 1991/9/4
f 1990/9/4 1983/9/4 1991/9/4
f 1954/9/4 1955/9/4 1992/9/4
f 1846/9/4 1954/9/4 1992/9/4
f 1955/9/4 1847/9/4 1993/9/4
f 1992/9/4 1955/9/4 1993/9/4
f 1848/9/4 1849/9/4 1994/9/4
f 1994/9/4 1849/9/4 1995/9/4
f 2000/3/4 2001/3/4 2002/3/4
f 2002/3/4 2001/3/4 2003/3/4
f 1996/1/4 1997/1/4 2006/1/4
f 2006/1/4 1997/1/4 2007/1/4
f 1998/1/4 1999/1/4 2008/1/4
f 2008/1/4 1999/1/4 2009/1/4
f 2004/3/4 2005/3/4 2014/3/4
f 2014/3/4 2005/3/4 2015/3/4
f 2016/3/4 2017/3/4 2018/3/4
f 2018/3/4 2017/3/4 2019/3/4
f 2010/1/4 2011/1/4 2020/1/4
f 2020/1/4 2011/1/4 2021/1/4
f 2012/1/4 2013/1/4 2022/1/4
f 2022/1/4 2013/1/4 2023/1/4
f 2024/3/4 2025/3/4 2030/3/4
f 2030/3/4 2025/3/4 2031/3/4
f 2032/3/4 2033/3/4 2034/3/4
f 2034/3/4 2033/3/4 2035/3/4
f 2026/1/4 2027/1/4 2036/1/4
f 2036/1/4 2027/1/4 2037/1/4
f 2028/1/4 2029/1/4 2038/1/4
f 2038/1/4 2029/1/4 2039/1/4
f 2044/3/4 2045/3/4 2046/3/4
f 2046/3/4 2045/3/4 2047/3/4
f 2048/3/4 2049/3/4 2050/3/4
f 2050/3/4 2049/3/4 2051/3/4
f 2040/1/4 2041/1/4 2052/1/4
f 2052/1/4 2041/1/4 2053/1/4
f 2042/1/4 2043/1/4 2054/1/4
f 2054/1/4 2043/1/4 2055/1/4
f 2060/3/4 2061/3/4 2062/3/4
f 2062/3/4 2061/3/4 2063/3/4
f 2056/1/4 2057/1/4 2066/1/4
f 2066/1/4 2057/1/4 2067/1/4
f 2058/1/4 2059/1/4 2068/1/4
f 2068/1/4 2059/1/4 2069/1/4
f 2064/3/4 2065/3/4 2074/3/4
f 2074/3/4 2065/3/4 2075/3/4
f 2076/3/4 2077/3/4 2078/3/4
f 2078/3/4 2077/3/4 2079/3/4
f 2070/1/4 2071/1/4 2080/1/4
f 2080/1/4 2071/1/4 2081/1/4
f 2072/1/4 2073/1/4 2082/1/4
f 2082/1/4 2073/1/4 2083/1/4
f 2084/2/4 2085/2/4 2086/2/4
f 2086/2/4 2085/2/4 2087/2/4
f 2090/9/5 2089/9/5 2088/9/5
f 2091/9/5 2089/9/5 2090/9/5
f 2104/1/5 2093/1/5 2092/1/5
f 2105/1/5 2093/1/5 2104/1/5
f 2106/1/5 2095/1/5 2094/1/5
f 2107/1/5 2095/1/5 2106/1/5
f 2108/1/5 2097/1/5 2096/1/5
f 2109/1/5 2097/1/5 2108/1/5
f 2110/1/5 2099/1/5 2098/1/5
f 2111/1/5 2099/1/5 2110/1/5
f 2112/1/5 2101/1/5 2100/1/5
f 2113/1/5 2101/1/5 2112/1/5
f 2114/1/5 2103/1/5 2102/1/5
f 2115/1/5 2103/1/5 2114/1/5
f 2120/1/5 2117/1/5 2116/1/5
f 2121/1/5 2117/1/5 2120/1/5
f 2122/1/5 2119/1/5 2118/1/5
f 2123/1/5 2119/1/5 2122/1/5
f 2129/1/5 2125/1/5 2124/1/5
f 2129/9/5 2126/9/5 2125/9/5
f 2130/9/5 2126/9/5 2129/9/5
f 2131/1/5 2129/1/5 2124/1/5
f 2132/1/5 2129/1/5 2131/1/5
f 2134/1/5 2128/1/5 2127/1/5
f 2135/1/5 2128/1/5 2134/1/5
f 2137/9/5 2133/9/5 2132/9/5
f 2138/9/5 2133/9/5 2137/9/5
f 2141/1/5 2137/1/5 2136/1/5
f 2142/1/5 2137/1/5 2141/1/5
f 2143/1/5 2140/1/5 2139/1/5
f 2144/1/5 2140/1/5 2143/1/5
f 2154/9/5 2146/9/5 2145/9/5
f 2155/9/5 2146/9/5 2154/9/5
f 2159/1/5 2148/1/5 2147/1/5
f 2160/1/5 2148/1/5 2159/1/5
f 2161/1/5 2150/1/5 2149/1/5
f 2162/1/5 2150/1/5 2161/1/5
f 2163/1/5 2152/1/5 2151/1/5
f 2164/1/5 2152/1/5 2163/1/5
f 2165/1/5 2154/1/5 2153/1/5
f 2166/1/5 2154/1/5 2165/1/5
f 2167/1/5 2156/1/5 2155/1/5
f 2168/1/5 2156/1/5 2167/1/5
f 2169/1/5 2158/1/5 2157/1/5
f 2170/1/5 2158/1/5 2169/1/5
f 2183/1/5 2172/1/5 2171/1/5
f 2184/1/5 2172/1/5 2183/1/5
f 2185/1/5 2174/1/5 2173/1/5
f 2186/1/5 2174/1/5 2185/1/5
f 2187/1/5 2176/1/5 2175/1/5
f 2188/1/5 2176/1/5 2187/1/5
f 2189/1/5 2178/1/5 2177/1/5
f 2190/1/5 2178/1/5 2189/1/5
f 2191/1/5 2180/1/5 2179/1/5
f 2192/1/5 2180/1/5 2191/1/5
f 2193/1/5 2182/1/5 2181/1/5
f 2194/1/5 2182/1/5 2193/1/5
f 2199/1/5 2196/1/5 2195/1/5
f 2200/1/5 2196/1/5 2199/1/5
f 2202/1/5 2198/1/5 2197/1/5
f 2203/1/5 2198/1/5 2202/1/5
f 2205/9/5 2201/9/5 2200/9/5
f 2206/9/5 2201/9/5 2205/9/5
f 2209/1/5 2205/1/5 2204/1/5
f 2210/1/5 2205/1/5 2209/1/5
f 2212/1/5 2208/1/5 2207/1/5
f 2213/1/5 2208/1/5 2212/1/5
f 2215/9/5 2211/9/5 2210/9/5
f 2218/9/5 2211/9/5 2215/9/5
f 2218/1/5 2215/1/5 2214/1/5
f 2219/9/5 2211/9/5 2218/9/5
f 2220/1/5 2218/1/5 2214/1/5
f 2221/1/5 2218/1/5 2220/1/5
f 2222/1/5 2217/1/5 2216/1/5
f 2223/1/5 2217/1/5 2222/1/5
f 2235/9/5 2225/9/5 2224/9/5
f 2236/9/5 2225/9/5 2235/9/5
f 2237/9/5 2227/9/5 2226/9/5
f 2238/9/5 2227/9/5 2237/9/5
f 2239/9/5 2229/9/5 2228/9/5
f 2240/9/5 2229/9/5 2239/9/5
f 2241/9/5 2231/9/5 2230/9/5
f 2242/9/5 2231/9/5 2241/9/5
f 2243/9/5 2233/9/5 2232/9/5
f 2244/9/5 2233/9/5 2243/9/5
f 2246/1/5 2235/1/5 2234/1/5
f 2247/1/5 2235/1/5 2246/1/5
f 2248/1/5 2237/1/5 2236/1/5
f 2249/1/5 2237/1/5 2248/1/5
f 2250/1/5 2239/1/5 2238/1/5
f 2251/1/5 2239/1/5 2250/1/5
f 2252/1/5 2241/1/5 2240/1/5
f 2253/1/5 2241/1/5 2252/1/5
f 2254/1/5 2243/1/5 2242/1/5
f 2255/1/5 2243/1/5 2254/1/5
f 2256/1/5 2245/1/5 2244/1/5
f 2257/1/5 2245/1/5 2256/1/5
f 2260/9/5 2259/9/5 2258/9/5
f 2261/9/5 2259/9/5 2260/9/5
f 2262/9/5 2260/9/5 2258/9/5
f 2263/9/5 2259/9/5 2261/9/5
f 2264/9/5 2262/9/5 2258/9/5
f 2264/9/5 2263/9/5 2262/9/5
f 2265/9/5 2259/9/5 2263/9/5
f 2265/9/5 2263/9/5 2264/9/5
f 2268/9/5 2267/9/5 2266/9/5
f 2269/9/5 2267/9/5 2268/9/5
f 2272/9/5 2271/9/5 2270/9/5
f 2273/9/5 2271/9/5 2272/9/5
f 2276/9/5 2275/9/5 2274/9/5
f 2277/9/5 2275/9/5 2276/9/5
f 2300/3/5 2279/3/5 2278/3/5
f 2301/3/5 2279/3/5 2300/3/5
f 2304/3/5 2281/3/5 2280/3/5
f 2305/3/5 2281/3/5 2304/3/5
f 2306/3/5 2283/3/5 2282/3/5
f 2307/3/5 2283/3/5 2306/3/5
f 2310/3/5 2285/3/5 2284/3/5
f 2311/3/5 2285/3/5 2310/3/5
f 2314/3/5 2287/3/5 2286/3/5
f 2315/3/5 2287/3/5 2314/3/5
f 2316/3/5 2289/3/5 2288/3/5
f 2317/3/5 2289/3/5 2316/3/5
f 2318/3/5 2291/3/5 2290/3/5
f 2319/3/5 2291/3/5 2318/3/5
f 2320/3/5 2293/3/5 2292/3/5
f 2321/3/5 2293/3/5 2320/3/5
f 2322/3/5 2295/3/5 2294/3/5
f 2323/3/5 2295/3/5 2322/3/5
f 2324/3/5 2297/3/5 2296/3/5
f 2325/3/5 2297/3/5 2324/3/5
f 2326/9/5 2299/9/5 2298/9/5
f 2327/9/5 2299/9/5 2326/9/5
f 2328/3/5 2303/3/5 2302/3/5
f 2329/3/5 2303/3/5 2328/3/5
f 2330/3/5 2309/3/5 2308/3/5
f 2331/3/5 2309/3/5 2330/3/5
f 2332/3/5 2313/3/5 2312/3/5
f 2333/9/5 2314/9/5 2313/9/5
f 2333/3/5 2313/3/5 2332/3/5
f 2334/9/5 2314/9/5 2333/9/5
f 2355/3/5 2336/3/5 2335/3/5
f 2356/3/5 2336/3/5 2355/3/5
f 2357/3/5 2338/3/5 2337/3/5
f 2358/3/5 2338/3/5 2357/3/5
f 2359/3/5 2340/3/5 2339/3/5
f 2360/3/5 2340/3/5 2359/3/5
f 2361/3/5 2342/3/5 2341/3/5
f 2362/3/5 2342/3/5 2361/3/5
f 2363/3/5 2344/3/5 2343/3/5
f 2364/3/5 2344/3/5 2363/3/5
f 2365/3/5 2346/3/5 2345/3/5
f 2366/3/5 2346/3/5 2365/3/5
f 2367/3/5 2348/3/5 2347/3/5
f 2368/3/5 2348/3/5 2367/3/5
f 2369/3/5 2350/3/5 2349/3/5
f 2370/3/5 2350/3/5 2369/3/5
f 2371/3/5 2352/3/5 2351/3/5
f 2372/3/5 2352/3/5 2371/3/5
f 2373/3/5 2354/3/5 2353/3/5
f 2374/3/5 2354/3/5 2373/3/5
f 2377/9/5 2376/9/5 2375/9/5
f 2378/9/5 2376/9/5 2377/9/5
f 2381/9/5 2380/9/5 2379/9/5
f 2382/9/5 2380/9/5 2381/9/5
f 2391/9/5 2384/9/5 2383/9/5
f 2392/9/5 2384/9/5 2391/9/5
f 2393/9/5 2386/9/5 2385/9/5
f 2394/9/5 2386/9/5 2393/9/5
f 2395/9/5 2388/9/5 2387/9/5
f 2396/9/5 2388/9/5 2395/9/5
f 2397/9/5 2390/9/5 2389/9/5
f 2398/9/5 2390/9/5 2397/9/5
f 2401/9/5 2400/9/5 2399/9/5
f 2402/9/5 2400/9/5 2401/9/5
f 2405/9/5 2404/9/5 2403/9/5
f 2406/9/5 2404/9/5 2405/9/5
f 2407/9/5 2405/9/5 2403/9/5
f 2408/9/5 2404/9/5 2406/9/5
f 2409/9/5 2407/9/5 2403/9/5
f 2409/9/5 2408/9/5 2407/9/5
f 2410/9/5 2404/9/5 2408/9/5
f 2410/9/5 2408/9/5 2409/9/5
f 2413/9/5 2412/9/5 2411/9/5
f 2414/9/5 2412/9/5 2413/9/5
f 2417/9/5 2416/9/5 2415/9/5
f 2418/9/5 2416/9/5 2417/9/5
f 2421/9/5 2420/9/5 2419/9/5
f 2422/9/5 2420/9/5 2421/9/5
f 2425/2/5 2424/2/5 2423/2/5
f 2426/2/5 2424/2/5 2425/2/5
f 2427/2/5 2425/2/5 2423/2/5
f 2428/2/5 2424/2/5 2426/2/5
f 2429/2/5 2427/2/5 2423/2/5
f 2429/2/5 2428/2/5 2427/2/5
f 2430/2/5 2424/2/5 2428/2/5
f 2430/2/5 2428/2/5 2429/2/5
f 2433/9/5 2432/9/5 2431/9/5
f 2434/9/5 2432/9/5 2433/9/5
f 2437/9/5 2436/9/5 2435/9/5
f 2438/9/5 2436/9/5 2437/9/5
f 2449/9/5 2440/9/5 2439/9/5
f 2450/9/5 2440/9/5 2449/9/5
f 2451/9/5 2442/9/5 2441/9/5
f 2452/9/5 2442/9/5 2451/9/5
f 2453/9/5 2444/9/5 2443/9/5
f 2454/9/5 2444/9/5 2453/9/5
f 2455/9/5 2446/9/5 2445/9/5
f 2456/9/5 2446/9/5 2455/9/5
f 2457/9/5 2448/9/5 2447/9/5
f 2458/9/5 2448/9/5 2457/9/5
f 2461/4/5 2460/4/5 2459/4/5
f 2462/4/5 2460/4/5 2461/4/5
f 2467/7/5 2464/7/5 2463/7/5
f 2468/7/5 2464/7/5 2467/7/5
f 2469/7/5 2466/7/5 2465/7/5
f 2470/7/5 2466/7/5 2469/7/5
f 2475/7/5 2472/7/5 2471/7/5
f 2476/7/5 2472/7/5 2475/7/5
f 2477/7/5 2474/7/5 2473/7/5
f 2478/7/5 2474/7/5 2477/7/5
f 2483/7/5 2480/7/5 2479/7/5
f 2484/7/5 2480/7/5 2483/7/5
f 2485/7/5 2482/7/5 2481/7/5
f 2486/7/5 2482/7/5 2485/7/5
f 2491/7/5 2488/7/5 2487/7/5
f 2492/7/5 2488/7/5 2491/7/5
f 2493/7/5 2490/7/5 2489/7/5
f 2494/7/5 2490/7/5 2493/7/5
f 2499/7/5 2496/7/5 2495/7/5
f 2500/7/5 2496/7/5 2499/7/5
f 2501/7/5 2498/7/5 2497/7/5
f 2502/7/5 2498/7/5 2501/7/5
f 2507/7/5 2504/7/5 2503/7/5
f 2508/7/5 2504/7/5 2507/7/5
f 2509/7/5 2506/7/5 2505/7/5
f 2510/7/5 2506/7/5 2509/7/5
f 2515/7/5 2512/7/5 2511/7/5
f 2516/7/5 2512/7/5 2515/7/5
f 2517/7/5 2514/7/5 2513/7/5
f 2518/7/5 2514/7/5 2517/7/5
f 2523/7/5 2520/7/5 2519/7/5
f 2524/7/5 2520/7/5 2523/7/5
f 2525/7/5 2522/7/5 2521/7/5
f 2526/7/5 2522/7/5 2525/7/5
f 2531/7/5 2528/7/5 2527/7/5
f 2532/7/5 2528/7/5 2531/7/5
f 2533/7/5 2530/7/5 2529/7/5
f 2534/7/5 2530/7/5 2533/7/5
f 2539/7/5 2536/7/5 2535/7/5
f 2540/7/5 2536/7/5 2539/7/5
f 2541/7/5 2538/7/5 2537/7/5
f 2542/7/5 2538/7/5 2541/7/5
f 2547/7/5 2544/7/5 2543/7/5
f 2548/7/5 2544/7/5 2547/7/5
f 2549/7/5 2546/7/5 2545/7/5
f 2550/7/5 2546/7/5 2549/7/5
f 2551/9/6 2552/9/6 2553/9/6
f 2553/9/6 2552/9/6 2554/9/6
f 2555/9/6 2556/9/6 2557/9/6
f 2557/9/6 2556/9/6 2558/9/6
f 2559/9/6 2560/9/6 2561/9/6
f 2561/9/6 2560/9/6 2562/9/6
f 2563/1/6 2564/1/6 2575/1/6
f 2575/1/6 2564/1/6 2576/1/6
f 2565/1/6 2566/1/6 2577/1/6
f 2577/1/6 2566/1/6 2578/1/6
f 2567/1/6 2568/1/6 2579/1/6
f 2579/1/6 2568/1/6 2580/1/6
f 2569/1/6 2570/1/6 2581/1/6
f 2581/1/6 2570/1/6 2582/1/6
f 2571/1/6 2572/1/6 2583/1/6
f 2583/1/6 2572/1/6 2584/1/6
f 2573/1/6 2574/1/6 2585/1/6
f 2585/1/6 2574/1/6 2586/1/6
f 2587/1/6 2588/1/6 2591/1/6
f 2591/1/6 2588/1/6 2592/1/6
f 2589/1/6 2590/1/6 2594/1/6
f 2594/1/6 2590/1/6 2595/1/6
f 2592/9/6 2593/9/6 2597/9/6
f 2597/9/6 2593/9/6 2598/9/6
f 2596/1/6 2597/1/6 2601/1/6
f 2601/1/6 2597/1/6 2602/1/6
f 2599/1/6 2600/1/6 2604/1/6
f 2604/1/6 2600/1/6 2605/1/6
f 2602/9/6 2603/9/6 2607/9/6
f 2607/9/6 2603/9/6 2610/9/6
f 2606/1/6 2607/1/6 2610/1/6
f 2610/9/6 2603/9/6 2611/9/6
f 2606/1/6 2610/1/6 2612/1/6
f 2612/1/6 2610/1/6 2613/1/6
f 2608/1/6 2609/1/6 2614/1/6
f 2614/1/6 2609/1/6 2615/1/6
f 2616/9/6 2617/9/6 2627/9/6
f 2627/9/6 2617/9/6 2628/9/6
f 2618/9/6 2619/9/6 2629/9/6
f 2629/9/6 2619/9/6 2630/9/6
f 2620/9/6 2621/9/6 2631/9/6
f 2631/9/6 2621/9/6 2632/9/6
f 2622/9/6 2623/9/6 2633/9/6
f 2633/9/6 2623/9/6 2634/9/6
f 2624/9/6 2625/9/6 2635/9/6
f 2635/9/6 2625/9/6 2636/9/6
f 2626/1/6 2627/1/6 2638/1/6
f 2638/1/6 2627/1/6 2639/1/6
f 2628/1/6 2629/1/6 2640/1/6
f 2640/1/6 2629/1/6 2641/1/6
f 2630/1/6 2631/1/6 2642/1/6
f 2642/1/6 2631/1/6 2643/1/6
f 2632/1/6 2633/1/6 2644/1/6
f 2644/1/6 2633/1/6 2645/1/6
f 2634/1/6 2635/1/6 2646/1/6
f 2646/1/6 2635/1/6 2647/1/6
f 2636/1/6 2637/1/6 2648/1/6
f 2648/1/6 2637/1/6 2649/1/6
f 2650/1/6 2651/1/6 2662/1/6
f 2662/1/6 2651/1/6 2663/1/6
f 2652/1/6 2653/1/6 2664/1/6
f 2664/1/6 2653/1/6 2665/1/6
f 2654/1/6 2655/1/6 2666/1/6
f 2666/1/6 2655/1/6 2667/1/6
f 2656/1/6 2657/1/6 2668/1/6
f 2668/1/6 2657/1/6 2669/1/6
f 2658/1/6 2659/1/6 2670/1/6
f 2670/1/6 2659/1/6 2671/1/6
f 2660/1/6 2661/1/6 2672/1/6
f 2672/1/6 2661/1/6 2673/1/6
f 2674/1/6 2675/1/6 2678/1/6
f 2678/1/6 2675/1/6 2679/1/6
f 2676/1/6 2677/1/6 2680/1/6
f 2680/1/6 2677/1/6 2681/1/6
f 2682/1/6 2683/1/6 2686/1/6
f 2686/1/6 2683/1/6 2687/1/6
f 2684/1/6 2685/1/6 2688/1/6
f 2688/1/6 2685/1/6 2689/1/6
f 2690/1/6 2691/1/6 2694/1/6
f 2694/1/6 2691/1/6 2695/1/6
f 2692/1/6 2693/1/6 2696/1/6
f 2696/1/6 2693/1/6 2697/1/6
f 2698/1/6 2699/1/6 2710/1/6
f 2710/1/6 2699/1/6 2711/1/6
f 2700/1/6 2701/1/6 2712/1/6
f 2712/1/6 2701/1/6 2713/1/6
f 2702/1/6 2703/1/6 2714/1/6
f 2714/1/6 2703/1/6 2715/1/6
f 2704/1/6 2705/1/6 2716/1/6
f 2716/1/6 2705/1/6 2717/1/6
f 2706/1/6 2707/1/6 2718/1/6
f 2718/1/6 2707/1/6 2719/1/6
f 2708/1/6 2709/1/6 2720/1/6
f 2720/1/6 2709/1/6 2721/1/6
f 2722/9/6 2723/9/6 2724/9/6
f 2724/9/6 2723/9/6 2725/9/6
f 2722/9/6 2724/9/6 2726/9/6
f 2725/9/6 2723/9/6 2727/9/6
f 2722/9/6 2726/9/6 2728/9/6
f 2726/9/6 2727/9/6 2728/9/6
f 2727/9/6 2723/9/6 2729/9/6
f 2728/9/6 2727/9/6 2729/9/6
f 2730/9/6 2731/9/6 2732/9/6
f 2732/9/6 2731/9/6 2733/9/6
f 2734/9/6 2735/9/6 2736/9/6
f 2736/9/6 2735/9/6 2737/9/6
f 2738/9/6 2739/9/6 2740/9/6
f 2740/9/6 2739/9/6 2741/9/6
f 2742/9/6 2743/9/6 2750/9/6
f 2750/9/6 2743/9/6 2751/9/6
f 2744/9/6 2745/9/6 2752/9/6
f 2752/9/6 2745/9/6 2753/9/6
f 2746/9/6 2747/9/6 2754/9/6
f 2754/9/6 2747/9/6 2755/9/6
f 2748/9/6 2749/9/6 2756/9/6
f 2756/9/6 2749/9/6 2757/9/6
f 2758/9/6 2759/9/6 2760/9/6
f 2760/9/6 2759/9/6 2761/9/6
f 2762/9/6 2763/9/6 2764/9/6
f 2764/9/6 2763/9/6 2765/9/6
f 2766/9/6 2767/9/6 2774/9/6
f 2774/9/6 2767/9/6 2775/9/6
f 2768/9/6 2769/9/6 2776/9/6
f 2776/9/6 2769/9/6 2777/9/6
f 2770/9/6 2771/9/6 2778/9/6
f 2778/9/6 2771/9/6 2779/9/6
f 2772/9/6 2773/9/6 2780/9/6
f 2780/9/6 2773/9/6 2781/9/6
f 2782/3/6 2783/3/6 2802/3/6
f 2802/3/6 2783/3/6 2803/3/6
f 2784/3/6 2785/3/6 2804/3/6
f 2804/3/6 2785/3/6 2805/3/6
f 2786/3/6 2787/3/6 2806/3/6
f 2806/3/6 2787/3/6 2807/3/6
f 2788/3/6 2789/3/6 2808/3/6
f 2808/3/6 2789/3/6 2809/3/6
f 2790/3/6 2791/3/6 2810/3/6
f 2810/3/6 2791/3/6 2811/3/6
f 2792/3/6 2793/3/6 2814/3/6
f 2814/3/6 2793/3/6 2815/3/6
f 2794/3/6 2795/3/6 2816/3/6
f 2816/3/6 2795/3/6 2817/3/6
f 2796/3/6 2797/3/6 2818/3/6
f 2818/3/6 2797/3/6 2819/3/6
f 2798/3/6 2799/3/6 2820/3/6
f 2820/3/6 2799/3/6 2821/3/6
f 2800/3/6 2801/3/6 2822/3/6
f 2822/3/6 2801/3/6 2823/3/6
f 2812/3/6 2813/3/6 2824/3/6
f 2824/3/6 2813/3/6 2825/3/6
f 2826/3/6 2827/3/6 2846/3/6
f 2846/3/6 2827/3/6 2847/3/6
f 2828/3/6 2829/3/6 2848/3/6
f 2848/3/6 2829/3/6 2849/3/6
f 2830/3/6 2831/3/6 2850/3/6
f 2850/3/6 2831/3/6 2851/3/6
f 2832/3/6 2833/3/6 2852/3/6
f 2852/3/6 2833/3/6 2853/3/6
f 2834/3/6 2835/3/6 2854/3/6
f 2854/3/6 2835/3/6 2855/3/6
f 2836/3/6 2837/3/6 2856/3/6
f 2856/3/6 2837/3/6 2857/3/6
f 2838/3/6 2839/3/6 2858/3/6
f 2858/3/6 2839/3/6 2859/3/6
f 2840/3/6 2841/3/6 2860/3/6
f 2860/3/6 2841/3/6 2861/3/6
f 2842/3/6 2843/3/6 2862/3/6
f 2862/3/6 2843/3/6 2863/3/6
f 2844/3/6 2845/3/6 2864/3/6
f 2864/3/6 2845/3/6 2865/3/6
f 2866/9/6 2867/9/6 2868/9/6
f 2868/9/6 2867/9/6 2869/9/6
f 2866/9/6 2868/9/6 2870/9/6
f 2869/9/6 2867/9/6 2871/9/6
f 2866/9/6 2870/9/6 2872/9/6
f 2870/9/6 2871/9/6 2872/9/6
f 2871/9/6 2867/9/6 2873/9/6
f 2872/9/6 2871/9/6 2873/9/6
f 2874/9/6 2875/9/6 2876/9/6
f 2876/9/6 2875/9/6 2877/9/6
f 2878/9/6 2879/9/6 2880/9/6
f 2880/9/6 2879/9/6 2881/9/6
f 2882/9/6 2883/9/6 2884/9/6
f 2884/9/6 2883/9/6 2885/9/6
f 2886/9/6 2887/9/6 2888/9/6
f 2888/9/6 2887/9/6 2889/9/6
f 2890/9/6 2891/9/6 2892/9/6
f 2892/9/6 2891/9/6 2893/9/6
f 2894/9/6 2895/9/6 2904/9/6
f 2904/9/6 2895/9/6 2905/9/6
f 2896/9/6 2897/9/6 2906/9/6
f 2906/9/6 2897/9/6 2907/9/6
f 2898/9/6 2899/9/6 2908/9/6
f 2908/9/6 2899/9/6 2909/9/6
f 2900/9/6 2901/9/6 2910/9/6
f 2910/9/6 2901/9/6 2911/9/6
f 2902/9/6 2903/9/6 2912/9/6
f 2912/9/6 2903/9/6 2913/9/6
f 2914/2/6 2915/2/6 2916/2/6
f 2916/2/6 2915/2/6 2917/2/6
f 2914/2/6 2916/2/6 2918/2/6
f 2917/2/6 2915/2/6 2919/2/6
f 2914/2/6 2918/2/6 2920/2/6
f 2918/2/6 2919/2/6 2920/2/6
f 2919/2/6 2915/2/6 2921/2/6
f 2920/2/6 2919/2/6 2921/2/6
f 2922/9/6 2923/9/6 2924/9/6
f 2924/9/6 2923/9/6 2925/9/6
f 2925/9/6 2923/9/6 2926/9/6
f 2926/9/6 2923/9/6 2927/9/6
f 2922/9/6 2924/9/6 2928/9/6
f 2925/9/6 2926/9/6 2929/9/6
f 2928/9/6 2929/9/6 2930/9/6
f 2930/9/6 2929/9/6 2931/9/6
f 2931/9/6 2929/9/6 2932/9/6
f 2932/9/6 2929/9/6 2933/9/6
f 2928/9/6 2930/9/6 2934/9/6
f 2931/9/6 2932/9/6 2935/9/6
f 2935/9/6 2932/9/6 2936/9/6
f 2933/9/6 2929/9/6 2937/9/6
f 2929/9/6 2926/9/6 2938/9/6
f 2936/9/6 2937/9/6 2938/9/6
f 2937/9/6 2929/9/6 2938/9/6
f 2935/9/6 2936/9/6 2938/9/6
f 2934/9/6 2935/9/6 2938/9/6
f 2927/9/6 2923/9/6 2939/9/6
f 2934/9/6 2938/9/6 2940/9/6
f 2938/9/6 2939/9/6 2940/9/6
f 2922/9/6 2928/9/6 2940/9/6
f 2928/9/6 2934/9/6 2940/9/6
f 2939/9/6 2923/9/6 2941/9/6
f 2940/9/6 2939/9/6 2941/9/6
f 2942/7/6 2943/7/6 2946/7/6
f 2946/7/6 2943/7/6 2947/7/6
f 2944/7/6 2945/7/6 2948/7/6
f 2948/7/6 2945/7/6 2949/7/6
f 2950/7/6 2951/7/6 2954/7/6
f 2954/7/6 2951/7/6 2955/7/6
f 2952/7/6 2953/7/6 2956/7/6
f 2956/7/6 2953/7/6 2957/7/6
f 2958/7/6 2959/7/6 2962/7/6
f 2962/7/6 2959/7/6 2963/7/6
f 2960/7/6 2961/7/6 2964/7/6
f 2964/7/6 2961/7/6 2965/7/6
f 2966/7/6 2967/7/6 2970/7/6
f 2970/7/6 2967/7/6 2971/7/6
f 2968/7/6 2969/7/6 2972/7/6
f 2972/7/6 2969/7/6 2973/7/6
f 2974/7/6 2975/7/6 2978/7/6
f 2978/7/6 2975/7/6 2979/7/6
f 2976/7/6 2977/7/6 2980/7/6
f 2980/7/6 2977/7/6 2981/7/6
f 2982/7/6 2983/7/6 2986/7/6
f 2986/7/6 2983/7/6 2987/7/6
f 2984/7/6 2985/7/6 2988/7/6
f 2988/7/6 2985/7/6 2989/7/6
f 2990/7/6 2991/7/6 2994/7/6
f 2994/7/6 2991/7/6 2995/7/6
f 2992/7/6 2993/7/6 2996/7/6
f 2996/7/6 2993/7/6 2997/7/6
f 2998/7/6 2999/7/6 3002/7/6
f 3002/7/6 2999/7/6 3003/7/6
f 3000/7/6 3001/7/6 3004/7/6
f 3004/7/6 3001/7/6 3005/7/6
f 3006/1/6 3007/1/6 3008/1/6
f 3008/1/6 3007/1/6 3009/1/6
f 3010/7/6 3011/7/6 3014/7/6
f 3014/7/6 3011/7/6 3015/7/6
f 3012/7/6 3013/7/6 3016/7/6
f 3016/7/6 3013/7/6 3017/7/6
f 3018/7/6 3019/7/6 3022/7/6
f 3022/7/6 3019/7/6 3023/7/6
f 3020/7/6 3021/7/6 3024/7/6
f 3024/7/6 3021/7/6 3025/7/6
f 3026/4/6 3027/4/6 3028/4/6
f 3028/4/6 3027/4/6 3029/4/6
f 3030/7/6 3031/7/6 3034/7/6
f 3034/7/6 3031/7/6 3035/7/6
f 3032/7/6 3033/7/6 3036/7/6
f 3036/7/6 3033/7/6 3037/7/6
f 3038/5/6 3039/5/6 3040/5/6
f 3040/5/6 3039/5/6 3041/5/6
