# MagicaVoxel @ Ephtracy

# group
o 

# material
mtllib casa2.mtl
usemtl palette

# normals
vn -1 0 0
vn 1 0 0
vn 0 0 1
vn 0 0 -1
vn 0 -1 0
vn 0 1 0

# texcoords
vt 0.00195312 0.5
vt 0.00585938 0.5
vt 0.00976562 0.5
vt 0.0136719 0.5
vt 0.0175781 0.5
vt 0.0214844 0.5
vt 0.0253906 0.5
vt 0.0292969 0.5
vt 0.0605469 0.5
vt 0.181641 0.5
vt 0.994141 0.5

# verts
v -3.4 1.1 0
v -3.4 1.1 -1.1
v -3.4 1.6 0
v -3.4 1.6 -1.1
v -3.4 1.7 0
v -3.4 1.7 -1.1
v -3.4 2.7 0.9
v -3.4 2.7 -0.2
v -3.4 3.2 0.9
v -3.4 3.2 -0.2
v -3.4 3.3 0.9
v -3.4 3.3 -0.2
v -3.4 4.7 0.6
v -3.4 4.7 -0.5
v -3.4 5.2 0.6
v -3.4 5.2 -0.5
v -3.4 5.3 0.6
v -3.4 5.3 -0.5
v -3.3 6.2 1.5
v -3.3 6.2 -2.2
v -3.3 6.3 1.5
v -3.3 6.3 -2.2
v -3.3 6.4 1.5
v -3.3 6.4 -2.2
v -3.3 6.5 1.5
v -3.3 6.5 -2.2
v -3 0 0.3
v -3 0 -0.9
v -3 1 1.2
v -3 1 0.3
v -3 1.1 0
v -3 1.1 -0.9
v -3 1.2 -0.1
v -3 1.2 -0.9
v -3 1.3 -0.1
v -3 1.3 -0.9
v -3 1.7 0
v -3 1.7 -0.1
v -3 2.2 1.2
v -3 2.2 0.7
v -3 2.2 -0.1
v -3 2.2 -0.9
v -3 2.3 1.2
v -3 2.3 0.7
v -3 2.3 -0.3
v -3 2.4 1.2
v -3 2.4 0.7
v -3 2.4 -0.3
v -3 2.4 -0.9
v -3 2.5 0.7
v -3 2.5 -0.3
v -3 2.5 -0.9
v -3 2.6 -0.3
v -3 2.6 -0.9
v -3 2.7 0.9
v -3 2.7 -0.2
v -3 2.8 0.8
v -3 2.8 -0.1
v -3 2.9 0.8
v -3 2.9 -0.1
v -3 3.2 0.9
v -3 3.2 -0.2
v -3 3.3 0.9
v -3 3.3 0.8
v -3 3.3 -0.1
v -3 3.3 -0.2
v -3 3.8 0.8
v -3 3.8 -0.1
v -3 4.1 1.2
v -3 4.1 0.8
v -3 4.2 1.2
v -3 4.2 0.8
v -3 4.2 0.2
v -3 4.3 1.2
v -3 4.3 0.8
v -3 4.3 0.2
v -3 4.3 -0.5
v -3 4.4 0.8
v -3 4.4 0.2
v -3 4.4 -0.5
v -3 4.4 -0.9
v -3 4.5 0.2
v -3 4.5 -0.5
v -3 4.5 -0.9
v -3 4.6 -0.5
v -3 4.6 -0.9
v -3 4.7 0.6
v -3 4.7 -0.5
v -3 5 -0.9
v -3 5 -1.3
v -3 5 -1.4
v -3 5 -1.5
v -3 5 -1.8
v -3 5.2 0.6
v -3 5.2 -0.5
v -3 5.2 -1.2
v -3 5.2 -1.3
v -3 5.2 -1.4
v -3 5.2 -1.5
v -3 5.3 1.2
v -3 5.3 1.1
v -3 5.3 0.6
v -3 5.3 0.5
v -3 5.3 -0.4
v -3 5.3 -0.5
v -3 5.4 -0.4
v -3 5.4 -0.5
v -3 5.6 -1.1
v -3 5.6 -1.2
v -3 5.6 -1.3
v -3 5.6 -1.4
v -3 5.7 0.5
v -3 5.7 -0.4
v -3 6 -1
v -3 6 -1.1
v -3 6 -1.2
v -3 6 -1.3
v -3 6.2 1.2
v -3 6.2 1.1
v -3 6.2 -1
v -3 6.2 -1.1
v -3 6.2 -1.2
v -3 6.2 -1.8
v -2.9 1.3 -0.1
v -2.9 1.3 -0.9
v -2.9 2.2 -0.1
v -2.9 2.2 -0.9
v -2.9 2.9 0.8
v -2.9 2.9 -0.1
v -2.9 3.8 0.8
v -2.9 3.8 -0.1
v -2.9 4.8 0.5
v -2.9 4.8 -0.4
v -2.9 5.3 -0.4
v -2.9 5.4 -0.4
v -2.9 5.7 0.5
v -2.9 5.7 -0.4
v -2.8 0 1
v -2.8 0 0.4
v -2.8 0 0.3
v -2.8 0.9 1
v -2.8 0.9 0.4
v -2.8 1 1
v -2.8 1 0.3
v -2.7 0 -0.9
v -2.7 0 -1
v -2.7 0 -1.5
v -2.7 4.9 -1
v -2.7 4.9 -1.5
v -2.7 5 -0.9
v -2.7 5 -1.5
v -2.5 1.3 1.6
v -2.5 1.3 1.2
v -2.5 1.9 1.6
v -2.5 1.9 1.2
v -2.5 2 1.6
v -2.5 2 1.2
v -2.5 3.1 1.6
v -2.5 3.1 1.2
v -2.5 3.7 1.6
v -2.5 3.7 1.2
v -2.5 3.8 1.6
v -2.5 3.8 1.2
v -2.5 4.7 1.6
v -2.5 4.7 1.2
v -2.5 5.2 1.6
v -2.5 5.2 1.2
v -2.5 5.3 1.6
v -2.5 5.3 1.2
v -2.1 0 1.2
v -2.1 0 1
v -2.1 1 1.2
v -2.1 1 1
v -2 0 -1.5
v -2 0 -1.8
v -2 5 -1.5
v -2 5 -1.8
v -2 6 -0.6
v -2 6 -0.8
v -2 8.6 -0.6
v -2 8.6 -0.8
v -1.8 0.1 -1.8
v -1.8 0.1 -2.2
v -1.8 0.7 -1.8
v -1.8 0.7 -2.2
v -1.8 0.8 -1.8
v -1.8 0.8 -2.2
v -1.5 3.1 -1.8
v -1.5 3.1 -2.2
v -1.5 3.6 -1.8
v -1.5 3.6 -2.2
v -1.5 3.7 -1.8
v -1.5 3.7 -2.2
v -1.2 4.9 -1.8
v -1.2 4.9 -2.3
v -1.2 5.4 -1.8
v -1.2 5.4 -2.3
v -1.2 5.5 -1.8
v -1.2 5.5 -2.3
v -1.1 1.4 1.5
v -1.1 1.4 1.2
v -1.1 1.4 1.1
v -1.1 1.9 1.5
v -1.1 1.9 1.2
v -1.1 2 1.5
v -1.1 2 1.2
v -1.1 2.7 1.2
v -1.1 2.7 1.1
v -1.1 3.2 1.5
v -1.1 3.2 1.2
v -1.1 3.2 1.1
v -1.1 3.7 1.5
v -1.1 3.8 1.6
v -1.1 3.8 1.5
v -1.1 3.8 1.2
v -1.1 3.9 1.6
v -1.1 3.9 1.2
v -1.1 4.5 1.2
v -1.1 4.5 1.1
v -1.1 4.8 1.5
v -1.1 4.8 1.2
v -1.1 4.8 1.1
v -1.1 5.2 1.5
v -1.1 5.2 1.2
v -1.1 5.3 1.5
v -1.1 5.3 1.2
v -1.1 6 1.2
v -1.1 6 1.1
v -1 0 2.2
v -1 0 1.2
v -1 0.1 2.2
v -1 0.1 1.2
v -0.9 0.1 1.8
v -0.9 0.1 1.7
v -0.9 1 1.8
v -0.9 1 1.7
v -0.9 1 1.2
v -0.9 1.1 1.8
v -0.9 1.1 1.2
v -0.7 1.1 1.8
v -0.7 1.1 1.2
v -0.7 1.2 1.8
v -0.7 1.2 1.2
v -0.7 1.4 1.3
v -0.7 1.4 1.2
v -0.7 3.4 1.3
v -0.7 3.4 1.2
v -0.6 0.4 -1.7
v -0.6 0.4 -1.8
v -0.6 1.5 -1.7
v -0.6 1.5 -1.8
v -0.5 1.2 1.8
v -0.5 1.2 1.2
v -0.5 1.3 1.8
v -0.5 1.3 1.2
v -0.5 3.2 -1.7
v -0.5 3.2 -1.8
v -0.5 3.2 -2.1
v -0.5 3.6 -1.8
v -0.5 3.6 -2.1
v -0.5 3.7 -1.8
v -0.5 3.7 -2.1
v -0.5 4.1 -1.7
v -0.5 4.1 -1.8
v -0.2 5 -1.7
v -0.2 5 -1.8
v -0.2 5 -2.2
v -0.2 5.4 -1.8
v -0.2 5.4 -2.2
v -0.2 5.5 -1.8
v -0.2 5.5 -2.2
v -0.2 5.9 -1.7
v -0.2 5.9 -1.8
v 0.1 4.9 -1.8
v 0.1 4.9 -2.3
v 0.1 5.4 -1.8
v 0.1 5.4 -2.3
v 0.1 5.5 -1.8
v 0.1 5.5 -2.3
v 0.4 3.1 -1.8
v 0.4 3.1 -2.2
v 0.4 3.6 -1.8
v 0.4 3.6 -2.2
v 0.4 3.7 -1.8
v 0.4 3.7 -2.2
v 0.7 0.1 1.2
v 0.7 0.1 1.1
v 0.7 1 1.2
v 0.7 1 1.1
v 0.8 0.1 1.8
v 0.8 0.1 1.7
v 0.8 1 1.8
v 0.8 1 1.7
v 1 1.3 1.6
v 1 1.3 1.2
v 1 1.9 1.6
v 1 1.9 1.2
v 1 2 1.6
v 1 2 1.2
v 1 3.1 1.6
v 1 3.1 1.2
v 1 3.8 1.6
v 1 3.8 1.2
v 1 3.9 1.6
v 1 3.9 1.2
v 1 4.7 1.6
v 1 4.7 1.2
v 1 5.2 1.6
v 1 5.2 1.2
v 1 5.3 1.6
v 1 5.3 1.2
v 1.1 5 -1.7
v 1.1 5 -1.8
v 1.1 5 -2.2
v 1.1 5.4 -1.8
v 1.1 5.4 -2.2
v 1.1 5.5 -1.8
v 1.1 5.5 -2.2
v 1.1 5.9 -1.7
v 1.1 5.9 -1.8
v 1.4 3.2 -1.7
v 1.4 3.2 -1.8
v 1.4 3.2 -2.1
v 1.4 3.6 -1.8
v 1.4 3.6 -2.1
v 1.4 3.7 -1.8
v 1.4 3.7 -2.1
v 1.4 4.1 -1.7
v 1.4 4.1 -1.8
v 1.7 0.1 -1.8
v 1.7 0.1 -2.2
v 1.7 0.2 -1.8
v 1.7 0.2 -2.2
v 1.7 0.3 -1.8
v 1.7 0.3 -2.1
v 1.7 0.4 -1.7
v 1.7 0.4 -1.8
v 1.7 0.7 -1.8
v 1.7 0.7 -2.1
v 1.7 0.8 -1.8
v 1.7 0.8 -2.1
v 1.7 1.5 -1.7
v 1.7 1.5 -1.8
v 1.8 6 -0.6
v 1.8 6 -0.8
v 1.8 6.7 -0.6
v 1.8 6.7 -0.8
v 2.4 1.4 1.5
v 2.4 1.4 1.2
v 2.4 1.4 1.1
v 2.4 1.9 1.5
v 2.4 1.9 1.2
v 2.4 2 1.5
v 2.4 2 1.2
v 2.4 2.7 1.2
v 2.4 2.7 1.1
v 2.4 3.2 1.5
v 2.4 3.2 1.2
v 2.4 3.2 1.1
v 2.4 3.7 1.5
v 2.4 3.7 1.2
v 2.4 3.8 1.5
v 2.4 3.8 1.2
v 2.4 4.5 1.2
v 2.4 4.5 1.1
v 2.4 4.8 1.5
v 2.4 4.8 1.2
v 2.4 4.8 1.1
v 2.4 5.2 1.5
v 2.4 5.2 1.2
v 2.4 5.3 1.5
v 2.4 5.3 1.2
v 2.4 6 1.2
v 2.4 6 1.1
v 2.9 6 0.8
v 2.9 6 -1
v 2.9 6 -1.1
v 2.9 6 -1.2
v 2.9 6 -1.7
v 2.9 6.2 -1
v 2.9 6.2 -1.1
v 2.9 6.2 -1.2
v 2.9 6.3 0.8
v 2.9 6.3 -1.7
v 2.9 6.4 0.8
v 2.9 6.4 -1.7
v 2.9 6.5 0.8
v 2.9 6.5 -1.7
v 3 1.1 -0.9
v 3 1.1 -1.1
v 3 1.2 -0.9
v 3 1.2 -1
v 3 1.7 -1
v 3 1.7 -1.1
v 3.3 1.2 -0.1
v 3.3 1.2 -1
v 3.3 1.6 -0.1
v 3.3 1.6 -1
v 3.3 1.7 -0.1
v 3.3 1.7 -1
v 3.3 2.8 0.8
v 3.3 2.8 -0.1
v 3.3 3.2 0.8
v 3.3 3.2 -0.1
v 3.3 3.3 0.8
v 3.3 3.3 -0.1
v 3.3 4.8 0.5
v 3.3 4.8 -0.4
v 3.3 5.2 0.5
v 3.3 5.2 -0.4
v 3.3 5.3 0.5
v 3.3 5.3 -0.4
v -3.3 1.2 -0.1
v -3.3 1.2 -1
v -3.3 1.6 -0.1
v -3.3 1.6 -1
v -3.3 1.7 -0.1
v -3.3 1.7 -1
v -3.3 2.8 0.8
v -3.3 2.8 -0.1
v -3.3 3.2 0.8
v -3.3 3.2 -0.1
v -3.3 3.3 0.8
v -3.3 3.3 -0.1
v -3.3 4.8 0.5
v -3.3 4.8 -0.4
v -3.3 5.2 0.5
v -3.3 5.2 -0.4
v -3.3 5.3 0.5
v -3.3 5.3 -0.4
v -3 1.1 -0.9
v -3 1.1 -1.1
v -3 1.2 -0.9
v -3 1.2 -1
v -3 1.7 -1
v -3 1.7 -1.1
v -2.9 6 0.8
v -2.9 6 -1
v -2.9 6 -1.1
v -2.9 6 -1.2
v -2.9 6 -1.7
v -2.9 6.2 -1
v -2.9 6.2 -1.1
v -2.9 6.2 -1.2
v -2.9 6.3 0.8
v -2.9 6.3 -1.7
v -2.9 6.4 0.8
v -2.9 6.4 -1.7
v -2.9 6.5 0.8
v -2.9 6.5 -1.7
v -2.4 1.4 1.5
v -2.4 1.4 1.2
v -2.4 1.4 1.1
v -2.4 1.9 1.5
v -2.4 1.9 1.2
v -2.4 2 1.5
v -2.4 2 1.2
v -2.4 2.7 1.2
v -2.4 2.7 1.1
v -2.4 3.2 1.5
v -2.4 3.2 1.2
v -2.4 3.2 1.1
v -2.4 3.7 1.5
v -2.4 3.7 1.2
v -2.4 3.8 1.5
v -2.4 3.8 1.2
v -2.4 4.5 1.2
v -2.4 4.5 1.1
v -2.4 4.8 1.5
v -2.4 4.8 1.2
v -2.4 4.8 1.1
v -2.4 5.2 1.5
v -2.4 5.2 1.2
v -2.4 5.3 1.5
v -2.4 5.3 1.2
v -2.4 6 1.2
v -2.4 6 1.1
v -1.8 6 -0.6
v -1.8 6 -0.8
v -1.8 6.7 -0.6
v -1.8 6.7 -0.8
v -1.7 0.1 -1.8
v -1.7 0.1 -2.2
v -1.7 0.2 -1.8
v -1.7 0.2 -2.2
v -1.7 0.3 -1.8
v -1.7 0.3 -2.1
v -1.7 0.4 -1.7
v -1.7 0.4 -1.8
v -1.7 0.7 -1.8
v -1.7 0.7 -2.1
v -1.7 0.8 -1.8
v -1.7 0.8 -2.1
v -1.7 1.5 -1.7
v -1.7 1.5 -1.8
v -1.4 3.2 -1.7
v -1.4 3.2 -1.8
v -1.4 3.2 -2.1
v -1.4 3.6 -1.8
v -1.4 3.6 -2.1
v -1.4 3.7 -1.8
v -1.4 3.7 -2.1
v -1.4 4.1 -1.7
v -1.4 4.1 -1.8
v -1.1 5 -1.7
v -1.1 5 -1.8
v -1.1 5 -2.2
v -1.1 5.4 -1.8
v -1.1 5.4 -2.2
v -1.1 5.5 -1.8
v -1.1 5.5 -2.2
v -1.1 5.9 -1.7
v -1.1 5.9 -1.8
v -1 1.3 1.6
v -1 1.3 1.2
v -1 1.9 1.6
v -1 1.9 1.2
v -1 2 1.6
v -1 2 1.2
v -1 3.1 1.6
v -1 3.1 1.2
v -1 3.8 1.6
v -1 3.8 1.2
v -1 3.9 1.6
v -1 3.9 1.2
v -1 4.7 1.6
v -1 4.7 1.2
v -1 5.2 1.6
v -1 5.2 1.2
v -1 5.3 1.6
v -1 5.3 1.2
v -0.8 0.1 1.8
v -0.8 0.1 1.7
v -0.8 1 1.8
v -0.8 1 1.7
v -0.7 0.1 1.2
v -0.7 0.1 1.1
v -0.7 1 1.2
v -0.7 1 1.1
v -0.4 3.1 -1.8
v -0.4 3.1 -2.2
v -0.4 3.6 -1.8
v -0.4 3.6 -2.2
v -0.4 3.7 -1.8
v -0.4 3.7 -2.2
v -0.0999999 4.9 -1.8
v -0.0999999 4.9 -2.3
v -0.0999999 5.4 -1.8
v -0.0999999 5.4 -2.3
v -0.0999999 5.5 -1.8
v -0.0999999 5.5 -2.3
v 0.2 5 -1.7
v 0.2 5 -1.8
v 0.2 5 -2.2
v 0.2 5.4 -1.8
v 0.2 5.4 -2.2
v 0.2 5.5 -1.8
v 0.2 5.5 -2.2
v 0.2 5.9 -1.7
v 0.2 5.9 -1.8
v 0.5 1.2 1.8
v 0.5 1.2 1.2
v 0.5 1.3 1.8
v 0.5 1.3 1.2
v 0.5 3.2 -1.7
v 0.5 3.2 -1.8
v 0.5 3.2 -2.1
v 0.5 3.6 -1.8
v 0.5 3.6 -2.1
v 0.5 3.7 -1.8
v 0.5 3.7 -2.1
v 0.5 4.1 -1.7
v 0.5 4.1 -1.8
v 0.6 0.4 -1.7
v 0.6 0.4 -1.8
v 0.6 1.5 -1.7
v 0.6 1.5 -1.8
v 0.7 1.1 1.8
v 0.7 1.1 1.2
v 0.7 1.2 1.8
v 0.7 1.2 1.2
v 0.7 1.4 1.3
v 0.7 1.4 1.2
v 0.7 3.4 1.3
v 0.7 3.4 1.2
v 0.9 0.1 1.8
v 0.9 0.1 1.7
v 0.9 1 1.8
v 0.9 1 1.7
v 0.9 1 1.2
v 0.9 1.1 1.8
v 0.9 1.1 1.2
v 1 0 2.2
v 1 0 1.2
v 1 0.1 2.2
v 1 0.1 1.2
v 1.1 1.4 1.5
v 1.1 1.4 1.2
v 1.1 1.4 1.1
v 1.1 1.9 1.5
v 1.1 1.9 1.2
v 1.1 2 1.5
v 1.1 2 1.2
v 1.1 2.7 1.2
v 1.1 2.7 1.1
v 1.1 3.2 1.5
v 1.1 3.2 1.2
v 1.1 3.2 1.1
v 1.1 3.7 1.5
v 1.1 3.8 1.6
v 1.1 3.8 1.5
v 1.1 3.8 1.2
v 1.1 3.9 1.6
v 1.1 3.9 1.2
v 1.1 4.5 1.2
v 1.1 4.5 1.1
v 1.1 4.8 1.5
v 1.1 4.8 1.2
v 1.1 4.8 1.1
v 1.1 5.2 1.5
v 1.1 5.2 1.2
v 1.1 5.3 1.5
v 1.1 5.3 1.2
v 1.1 6 1.2
v 1.1 6 1.1
v 1.2 4.9 -1.8
v 1.2 4.9 -2.3
v 1.2 5.4 -1.8
v 1.2 5.4 -2.3
v 1.2 5.5 -1.8
v 1.2 5.5 -2.3
v 1.5 3.1 -1.8
v 1.5 3.1 -2.2
v 1.5 3.6 -1.8
v 1.5 3.6 -2.2
v 1.5 3.7 -1.8
v 1.5 3.7 -2.2
v 1.8 0.1 -1.8
v 1.8 0.1 -2.2
v 1.8 0.7 -1.8
v 1.8 0.7 -2.2
v 1.8 0.8 -1.8
v 1.8 0.8 -2.2
v 2 0 -1.5
v 2 0 -1.8
v 2 5 -1.5
v 2 5 -1.8
v 2 6 -0.6
v 2 6 -0.8
v 2 8.6 -0.6
v 2 8.6 -0.8
v 2.1 0 1.2
v 2.1 0 1
v 2.1 1 1.2
v 2.1 1 1
v 2.5 1.3 1.6
v 2.5 1.3 1.2
v 2.5 1.9 1.6
v 2.5 1.9 1.2
v 2.5 2 1.6
v 2.5 2 1.2
v 2.5 3.1 1.6
v 2.5 3.1 1.2
v 2.5 3.7 1.6
v 2.5 3.7 1.2
v 2.5 3.8 1.6
v 2.5 3.8 1.2
v 2.5 4.7 1.6
v 2.5 4.7 1.2
v 2.5 5.2 1.6
v 2.5 5.2 1.2
v 2.5 5.3 1.6
v 2.5 5.3 1.2
v 2.7 0 -0.9
v 2.7 0 -1
v 2.7 0 -1.5
v 2.7 4.9 -1
v 2.7 4.9 -1.5
v 2.7 5 -0.9
v 2.7 5 -1.5
v 2.8 0 1
v 2.8 0 0.4
v 2.8 0 0.3
v 2.8 0.9 1
v 2.8 0.9 0.4
v 2.8 1 1
v 2.8 1 0.3
v 2.9 1.3 -0.1
v 2.9 1.3 -0.9
v 2.9 2.2 -0.1
v 2.9 2.2 -0.9
v 2.9 2.9 0.8
v 2.9 2.9 -0.1
v 2.9 3.8 0.8
v 2.9 3.8 -0.1
v 2.9 4.8 0.5
v 2.9 4.8 -0.4
v 2.9 5.3 -0.4
v 2.9 5.4 -0.4
v 2.9 5.7 0.5
v 2.9 5.7 -0.4
v 3 0 0.3
v 3 0 -0.9
v 3 1 1.2
v 3 1 0.3
v 3 1.1 0
v 3 1.1 -0.9
v 3 1.2 -0.1
v 3 1.2 -0.9
v 3 1.3 -0.1
v 3 1.3 -0.9
v 3 1.7 0
v 3 1.7 -0.1
v 3 2.2 1.2
v 3 2.2 0.7
v 3 2.2 -0.1
v 3 2.2 -0.9
v 3 2.3 1.2
v 3 2.3 0.7
v 3 2.3 -0.3
v 3 2.4 1.2
v 3 2.4 0.7
v 3 2.4 -0.3
v 3 2.4 -0.9
v 3 2.5 0.7
v 3 2.5 -0.3
v 3 2.5 -0.9
v 3 2.6 -0.3
v 3 2.6 -0.9
v 3 2.7 0.9
v 3 2.7 -0.2
v 3 2.8 0.8
v 3 2.8 -0.1
v 3 2.9 0.8
v 3 2.9 -0.1
v 3 3.2 0.9
v 3 3.2 -0.2
v 3 3.3 0.9
v 3 3.3 0.8
v 3 3.3 -0.1
v 3 3.3 -0.2
v 3 3.8 0.8
v 3 3.8 -0.1
v 3 4.1 1.2
v 3 4.1 0.8
v 3 4.2 1.2
v 3 4.2 0.8
v 3 4.2 0.2
v 3 4.3 1.2
v 3 4.3 0.8
v 3 4.3 0.2
v 3 4.3 -0.5
v 3 4.4 0.8
v 3 4.4 0.2
v 3 4.4 -0.5
v 3 4.4 -0.9
v 3 4.5 0.2
v 3 4.5 -0.5
v 3 4.5 -0.9
v 3 4.6 -0.5
v 3 4.6 -0.9
v 3 4.7 0.6
v 3 4.7 -0.5
v 3 5 -0.9
v 3 5 -1.3
v 3 5 -1.4
v 3 5 -1.5
v 3 5 -1.8
v 3 5.2 0.6
v 3 5.2 -0.5
v 3 5.2 -1.2
v 3 5.2 -1.3
v 3 5.2 -1.4
v 3 5.2 -1.5
v 3 5.3 1.2
v 3 5.3 1.1
v 3 5.3 0.6
v 3 5.3 0.5
v 3 5.3 -0.4
v 3 5.3 -0.5
v 3 5.4 -0.4
v 3 5.4 -0.5
v 3 5.6 -1.1
v 3 5.6 -1.2
v 3 5.6 -1.3
v 3 5.6 -1.4
v 3 5.7 0.5
v 3 5.7 -0.4
v 3 6 -1
v 3 6 -1.1
v 3 6 -1.2
v 3 6 -1.3
v 3 6.2 1.2
v 3 6.2 1.1
v 3 6.2 -1
v 3 6.2 -1.1
v 3 6.2 -1.2
v 3 6.2 -1.8
v 3.3 6.2 1.5
v 3.3 6.2 -2.2
v 3.3 6.3 1.5
v 3.3 6.3 -2.2
v 3.3 6.4 1.5
v 3.3 6.4 -2.2
v 3.3 6.5 1.5
v 3.3 6.5 -2.2
v 3.4 1.1 0
v 3.4 1.1 -1.1
v 3.4 1.6 0
v 3.4 1.6 -1.1
v 3.4 1.7 0
v 3.4 1.7 -1.1
v 3.4 2.7 0.9
v 3.4 2.7 -0.2
v 3.4 3.2 0.9
v 3.4 3.2 -0.2
v 3.4 3.3 0.9
v 3.4 3.3 -0.2
v 3.4 4.7 0.6
v 3.4 4.7 -0.5
v 3.4 5.2 0.6
v 3.4 5.2 -0.5
v 3.4 5.3 0.6
v 3.4 5.3 -0.5
v -1 0 2.2
v -1 0.1 2.2
v 1 0 2.2
v 1 0.1 2.2
v -0.9 0.1 1.8
v -0.9 1 1.8
v -0.9 1.1 1.8
v -0.8 0.1 1.8
v -0.8 1 1.8
v -0.7 1.1 1.8
v -0.7 1.2 1.8
v -0.5 1.2 1.8
v -0.5 1.3 1.8
v 0.5 1.2 1.8
v 0.5 1.3 1.8
v 0.7 1.1 1.8
v 0.7 1.2 1.8
v 0.8 0.1 1.8
v 0.8 1 1.8
v 0.9 0.1 1.8
v 0.9 1 1.8
v 0.9 1.1 1.8
v -2.5 1.3 1.6
v -2.5 1.9 1.6
v -2.5 2 1.6
v -2.5 3.1 1.6
v -2.5 3.7 1.6
v -2.5 3.8 1.6
v -2.5 4.7 1.6
v -2.5 5.2 1.6
v -2.5 5.3 1.6
v -1.1 3.7 1.6
v -1.1 3.8 1.6
v -1.1 3.9 1.6
v -1 1.3 1.6
v -1 1.9 1.6
v -1 2 1.6
v -1 3.1 1.6
v -1 3.8 1.6
v -1 3.9 1.6
v -1 4.7 1.6
v -1 5.2 1.6
v -1 5.3 1.6
v 1 1.3 1.6
v 1 1.9 1.6
v 1 2 1.6
v 1 3.1 1.6
v 1 3.8 1.6
v 1 3.9 1.6
v 1 4.7 1.6
v 1 5.2 1.6
v 1 5.3 1.6
v 1.1 3.7 1.6
v 1.1 3.8 1.6
v 1.1 3.9 1.6
v 2.5 1.3 1.6
v 2.5 1.9 1.6
v 2.5 2 1.6
v 2.5 3.1 1.6
v 2.5 3.7 1.6
v 2.5 3.8 1.6
v 2.5 4.7 1.6
v 2.5 5.2 1.6
v 2.5 5.3 1.6
v -3.3 6.2 1.5
v -3.3 6.3 1.5
v -3.3 6.4 1.5
v -3.3 6.5 1.5
v 3.3 6.2 1.5
v 3.3 6.3 1.5
v 3.3 6.4 1.5
v 3.3 6.5 1.5
v -0.7 1.4 1.3
v -0.7 3.4 1.3
v -0.6 1.5 1.3
v -0.6 3.3 1.3
v -0.5 1.6 1.3
v -0.5 3.2 1.3
v -0.4 2.3 1.3
v -0.4 2.4 1.3
v -0.4 3 1.3
v -0.4 3.1 1.3
v -0.3 2.8 1.3
v -0.3 3 1.3
v -0.3 3.1 1.3
v -0.2 2.2 1.3
v -0.2 2.3 1.3
v -0.2 2.4 1.3
v -0.2 2.8 1.3
v -0.2 3 1.3
v -0.0999999 1.7 1.3
v -0.0999999 1.9 1.3
v -0.0999999 2.6 1.3
v -0.0999999 2.8 1.3
v 0.1 1.7 1.3
v 0.1 1.9 1.3
v 0.1 2.6 1.3
v 0.1 2.8 1.3
v 0.2 2.2 1.3
v 0.2 2.3 1.3
v 0.2 2.4 1.3
v 0.2 2.8 1.3
v 0.2 3 1.3
v 0.3 2.8 1.3
v 0.3 3 1.3
v 0.3 3.1 1.3
v 0.4 2.3 1.3
v 0.4 2.4 1.3
v 0.4 3 1.3
v 0.4 3.1 1.3
v 0.5 1.6 1.3
v 0.5 3.2 1.3
v 0.6 1.5 1.3
v 0.6 3.3 1.3
v 0.7 1.4 1.3
v 0.7 3.4 1.3
v -3 1 1.2
v -3 2.2 1.2
v -3 2.3 1.2
v -3 2.4 1.2
v -3 4.1 1.2
v -3 4.2 1.2
v -3 4.3 1.2
v -3 5.3 1.2
v -3 6.2 1.2
v -2.9 2.2 1.2
v -2.9 2.3 1.2
v -2.9 2.4 1.2
v -2.9 3.6 1.2
v -2.9 4.1 1.2
v -2.9 4.2 1.2
v -2.9 4.3 1.2
v -2.9 5.3 1.2
v -2.9 6.2 1.2
v -2.8 1.9 1.2
v -2.8 3.6 1.2
v -2.8 5.3 1.2
v -2.8 6.2 1.2
v -2.7 1 1.2
v -2.7 1.9 1.2
v -2.7 3.6 1.2
v -2.7 5.3 1.2
v -2.6 1 1.2
v -2.6 1.9 1.2
v -2.6 3.6 1.2
v -2.5 1 1.2
v -2.5 1.3 1.2
v -2.5 1.9 1.2
v -2.5 2 1.2
v -2.5 3.1 1.2
v -2.5 3.7 1.2
v -2.5 3.8 1.2
v -2.5 4.7 1.2
v -2.5 5.2 1.2
v -2.5 5.3 1.2
v -2.4 1.3 1.2
v -2.4 2 1.2
v -2.4 2.7 1.2
v -2.4 3.1 1.2
v -2.4 3.8 1.2
v -2.4 4.5 1.2
v -2.4 4.7 1.2
v -2.4 5.3 1.2
v -2.4 6 1.2
v -2.1 0 1.2
v -2.1 1 1.2
v -1.1 1.3 1.2
v -1.1 2 1.2
v -1.1 2.7 1.2
v -1.1 3.1 1.2
v -1.1 3.9 1.2
v -1.1 4.5 1.2
v -1.1 4.7 1.2
v -1.1 5.3 1.2
v -1.1 6 1.2
v -1 0 1.2
v -1 0.1 1.2
v -1 1.3 1.2
v -1 1.9 1.2
v -1 2 1.2
v -1 3.1 1.2
v -1 3.8 1.2
v -1 3.9 1.2
v -1 4.7 1.2
v -1 5.2 1.2
v -1 5.3 1.2
v -0.9 1 1.2
v -0.9 1.1 1.2
v -0.7 0.1 1.2
v -0.7 1 1.2
v -0.7 1.1 1.2
v -0.7 1.2 1.2
v -0.7 1.4 1.2
v -0.7 3.4 1.2
v -0.5 1.2 1.2
v -0.5 1.3 1.2
v 0.5 1.2 1.2
v 0.5 1.3 1.2
v 0.7 0.1 1.2
v 0.7 1 1.2
v 0.7 1.1 1.2
v 0.7 1.2 1.2
v 0.7 1.4 1.2
v 0.7 3.4 1.2
v 0.9 1 1.2
v 0.9 1.1 1.2
v 1 0 1.2
v 1 0.1 1.2
v 1 1.3 1.2
v 1 1.9 1.2
v 1 2 1.2
v 1 3.1 1.2
v 1 3.8 1.2
v 1 3.9 1.2
v 1 4.7 1.2
v 1 5.2 1.2
v 1 5.3 1.2
v 1.1 1.3 1.2
v 1.1 2 1.2
v 1.1 2.7 1.2
v 1.1 3.1 1.2
v 1.1 3.9 1.2
v 1.1 4.5 1.2
v 1.1 4.7 1.2
v 1.1 5.3 1.2
v 1.1 6 1.2
v 2.1 0 1.2
v 2.1 1 1.2
v 2.4 1.3 1.2
v 2.4 2 1.2
v 2.4 2.7 1.2
v 2.4 3.1 1.2
v 2.4 3.8 1.2
v 2.4 4.5 1.2
v 2.4 4.7 1.2
v 2.4 5.3 1.2
v 2.4 6 1.2
v 2.5 1 1.2
v 2.5 1.3 1.2
v 2.5 1.9 1.2
v 2.5 2 1.2
v 2.5 3.1 1.2
v 2.5 3.7 1.2
v 2.5 3.8 1.2
v 2.5 4.7 1.2
v 2.5 5.2 1.2
v 2.5 5.3 1.2
v 2.6 1 1.2
v 2.6 1.9 1.2
v 2.6 3.6 1.2
v 2.7 1 1.2
v 2.7 1.9 1.2
v 2.7 3.6 1.2
v 2.7 5.3 1.2
v 2.8 1.9 1.2
v 2.8 3.6 1.2
v 2.8 5.3 1.2
v 2.8 6.2 1.2
v 2.9 2.2 1.2
v 2.9 2.3 1.2
v 2.9 2.4 1.2
v 2.9 3.6 1.2
v 2.9 4.1 1.2
v 2.9 4.2 1.2
v 2.9 4.3 1.2
v 2.9 5.3 1.2
v 2.9 6.2 1.2
v 3 1 1.2
v 3 2.2 1.2
v 3 2.3 1.2
v 3 2.4 1.2
v 3 4.1 1.2
v 3 4.2 1.2
v 3 4.3 1.2
v 3 5.3 1.2
v 3 6.2 1.2
v -2.4 1.4 1.1
v -2.4 2.7 1.1
v -2.4 3.2 1.1
v -2.4 4.5 1.1
v -2.4 4.8 1.1
v -2.4 6 1.1
v -1.1 1.4 1.1
v -1.1 2.7 1.1
v -1.1 3.2 1.1
v -1.1 4.5 1.1
v -1.1 4.8 1.1
v -1.1 6 1.1
v -0.7 0.1 1.1
v -0.7 1 1.1
v 0.7 0.1 1.1
v 0.7 1 1.1
v 1.1 1.4 1.1
v 1.1 2.7 1.1
v 1.1 3.2 1.1
v 1.1 4.5 1.1
v 1.1 4.8 1.1
v 1.1 6 1.1
v 2.4 1.4 1.1
v 2.4 2.7 1.1
v 2.4 3.2 1.1
v 2.4 4.5 1.1
v 2.4 4.8 1.1
v 2.4 6 1.1
v -2.8 0 1
v -2.8 0.9 1
v -2.8 1 1
v -2.2 0 1
v -2.2 0.9 1
v -2.1 0 1
v -2.1 1 1
v 2.1 0 1
v 2.1 1 1
v 2.2 0 1
v 2.2 0.9 1
v 2.8 0 1
v 2.8 0.9 1
v 2.8 1 1
v -3.4 2.7 0.9
v -3.4 3.2 0.9
v -3.4 3.3 0.9
v -3 2.7 0.9
v -3 3.2 0.9
v -3 3.3 0.9
v 3 2.7 0.9
v 3 3.2 0.9
v 3 3.3 0.9
v 3.4 2.7 0.9
v 3.4 3.2 0.9
v 3.4 3.3 0.9
v -3.4 4.7 0.6
v -3.4 5.2 0.6
v -3.4 5.3 0.6
v -3 4.7 0.6
v -3 5.2 0.6
v -3 5.3 0.6
v 3 4.7 0.6
v 3 5.2 0.6
v 3 5.3 0.6
v 3.4 4.7 0.6
v 3.4 5.2 0.6
v 3.4 5.3 0.6
v -3 0 0.3
v -3 1 0.3
v -2.8 0 0.3
v -2.8 1 0.3
v 2.8 0 0.3
v 2.8 1 0.3
v 3 0 0.3
v 3 1 0.3
v -3.4 1.1 0
v -3.4 1.6 0
v -3.4 1.7 0
v -3.1 1.6 0
v -3.1 1.7 0
v -3 1.1 0
v -3 1.7 0
v 3 1.1 0
v 3 1.7 0
v 3.1 1.6 0
v 3.1 1.7 0
v 3.4 1.1 0
v 3.4 1.6 0
v 3.4 1.7 0
v -3.3 2.8 -0.1
v -3.3 3.2 -0.1
v -3.3 3.3 -0.1
v -3 2.8 -0.1
v -3 2.9 -0.1
v -3 3.2 -0.1
v -3 3.3 -0.1
v -3 3.8 -0.1
v -2.9 2.9 -0.1
v -2.9 3.8 -0.1
v 2.9 2.9 -0.1
v 2.9 3.8 -0.1
v 3 2.8 -0.1
v 3 2.9 -0.1
v 3 3.2 -0.1
v 3 3.3 -0.1
v 3 3.8 -0.1
v 3.3 2.8 -0.1
v 3.3 3.2 -0.1
v 3.3 3.3 -0.1
v -3.3 4.8 -0.4
v -3.3 5.2 -0.4
v -3.3 5.3 -0.4
v -3 4.8 -0.4
v -3 5.2 -0.4
v -3 5.3 -0.4
v -3 5.4 -0.4
v -3 5.7 -0.4
v -2.9 4.8 -0.4
v -2.9 5.3 -0.4
v -2.9 5.4 -0.4
v -2.9 5.7 -0.4
v 2.9 4.8 -0.4
v 2.9 5.3 -0.4
v 2.9 5.4 -0.4
v 2.9 5.7 -0.4
v 3 4.8 -0.4
v 3 5.2 -0.4
v 3 5.3 -0.4
v 3 5.4 -0.4
v 3 5.7 -0.4
v 3.3 4.8 -0.4
v 3.3 5.2 -0.4
v 3.3 5.3 -0.4
v -2 6 -0.6
v -2 8.6 -0.6
v -1.8 6 -0.6
v -1.8 6.7 -0.6
v -1.8 6.8 -0.6
v -1.8 8.4 -0.6
v -1.7 6.9 -0.6
v -1.7 8.3 -0.6
v -1.5 7.6 -0.6
v -1.5 7.9 -0.6
v -1.4 7.4 -0.6
v -1.4 7.6 -0.6
v -1.4 7.7 -0.6
v -1.4 7.9 -0.6
v -1.4 8 -0.6
v -1.3 7.4 -0.6
v -1.3 7.7 -0.6
v -1.3 7.8 -0.6
v -1.3 8 -0.6
v -1.3 8.2 -0.6
v -1.2 7.7 -0.6
v -1.2 7.8 -0.6
v -1.2 7.9 -0.6
v -1.2 8.2 -0.6
v -1.2 8.3 -0.6
v -1.1 7.8 -0.6
v -1.1 7.9 -0.6
v -1.1 8 -0.6
v -1 7.7 -0.6
v -1 7.9 -0.6
v -1 8 -0.6
v -1 8.1 -0.6
v -1 8.2 -0.6
v -1 8.3 -0.6
v -0.9 7.2 -0.6
v -0.9 7.7 -0.6
v -0.9 7.9 -0.6
v -0.9 8 -0.6
v -0.9 8.1 -0.6
v -0.9 8.3 -0.6
v -0.8 7.1 -0.6
v -0.8 7.2 -0.6
v -0.8 7.3 -0.6
v -0.8 7.7 -0.6
v -0.8 7.8 -0.6
v -0.8 7.9 -0.6
v -0.8 8 -0.6
v -0.8 8.3 -0.6
v -0.7 7.2 -0.6
v -0.7 7.3 -0.6
v -0.7 7.8 -0.6
v -0.7 7.9 -0.6
v -0.7 8 -0.6
v -0.6 7 -0.6
v -0.6 7.1 -0.6
v -0.6 7.2 -0.6
v -0.6 7.7 -0.6
v -0.6 7.8 -0.6
v -0.6 7.9 -0.6
v -0.6 8 -0.6
v -0.6 8.1 -0.6
v -0.6 8.3 -0.6
v -0.5 7.8 -0.6
v -0.5 8 -0.6
v -0.4 6.9 -0.6
v -0.4 7 -0.6
v -0.4 7.1 -0.6
v -0.4 7.3 -0.6
v -0.4 7.4 -0.6
v -0.4 7.8 -0.6
v -0.4 7.9 -0.6
v -0.3 7.2 -0.6
v -0.3 7.3 -0.6
v -0.3 7.4 -0.6
v -0.3 7.7 -0.6
v -0.3 7.8 -0.6
v -0.3 7.9 -0.6
v -0.3 8.1 -0.6
v -0.3 8.2 -0.6
v -0.2 6.9 -0.6
v -0.2 7 -0.6
v -0.2 7.1 -0.6
v -0.2 7.2 -0.6
v -0.2 7.3 -0.6
v -0.0999999 7 -0.6
v -0.0999999 7.1 -0.6
v -0.0999999 7.2 -0.6
v -0.0999999 7.3 -0.6
v -0.0999999 8.2 -0.6
v -0.0999999 8.3 -0.6
v 0.1 7 -0.6
v 0.1 7.1 -0.6
v 0.1 7.2 -0.6
v 0.1 7.3 -0.6
v 0.1 8.2 -0.6
v 0.1 8.3 -0.6
v 0.2 6.9 -0.6
v 0.2 7 -0.6
v 0.2 7.1 -0.6
v 0.2 7.2 -0.6
v 0.2 7.3 -0.6
v 0.3 7.2 -0.6
v 0.3 7.3 -0.6
v 0.3 7.4 -0.6
v 0.3 7.7 -0.6
v 0.3 7.8 -0.6
v 0.3 7.9 -0.6
v 0.3 8.1 -0.6
v 0.3 8.2 -0.6
v 0.4 6.9 -0.6
v 0.4 7 -0.6
v 0.4 7.1 -0.6
v 0.4 7.3 -0.6
v 0.4 7.4 -0.6
v 0.4 7.8 -0.6
v 0.4 7.9 -0.6
v 0.5 7.8 -0.6
v 0.5 8 -0.6
v 0.6 7 -0.6
v 0.6 7.1 -0.6
v 0.6 7.2 -0.6
v 0.6 7.7 -0.6
v 0.6 7.8 -0.6
v 0.6 7.9 -0.6
v 0.6 8 -0.6
v 0.6 8.1 -0.6
v 0.6 8.3 -0.6
v 0.7 7.2 -0.6
v 0.7 7.3 -0.6
v 0.7 7.8 -0.6
v 0.7 7.9 -0.6
v 0.7 8 -0.6
v 0.8 7.1 -0.6
v 0.8 7.2 -0.6
v 0.8 7.3 -0.6
v 0.8 7.7 -0.6
v 0.8 7.8 -0.6
v 0.8 7.9 -0.6
v 0.8 8 -0.6
v 0.8 8.3 -0.6
v 0.9 7.2 -0.6
v 0.9 7.7 -0.6
v 0.9 7.9 -0.6
v 0.9 8 -0.6
v 0.9 8.1 -0.6
v 0.9 8.3 -0.6
v 1 7.7 -0.6
v 1 7.9 -0.6
v 1 8 -0.6
v 1 8.1 -0.6
v 1 8.2 -0.6
v 1 8.3 -0.6
v 1.1 7.8 -0.6
v 1.1 7.9 -0.6
v 1.1 8 -0.6
v 1.2 7.7 -0.6
v 1.2 7.8 -0.6
v 1.2 7.9 -0.6
v 1.2 8.2 -0.6
v 1.2 8.3 -0.6
v 1.3 7.4 -0.6
v 1.3 7.7 -0.6
v 1.3 7.8 -0.6
v 1.3 8 -0.6
v 1.3 8.2 -0.6
v 1.4 7.4 -0.6
v 1.4 7.6 -0.6
v 1.4 7.7 -0.6
v 1.4 7.9 -0.6
v 1.4 8 -0.6
v 1.5 7.6 -0.6
v 1.5 7.9 -0.6
v 1.7 6.9 -0.6
v 1.7 8.3 -0.6
v 1.8 6 -0.6
v 1.8 6.7 -0.6
v 1.8 6.8 -0.6
v 1.8 8.4 -0.6
v 2 6 -0.6
v 2 8.6 -0.6
v -3.3 1.2 -1
v -3.3 1.6 -1
v -3.3 1.7 -1
v -3.1 1.6 -1
v -3.1 1.7 -1
v -3 1.2 -1
v -3 1.7 -1
v 3 1.2 -1
v 3 1.7 -1
v 3.1 1.6 -1
v 3.1 1.7 -1
v 3.3 1.2 -1
v 3.3 1.6 -1
v 3.3 1.7 -1
v -2.9 6 -1.7
v -2.9 6.3 -1.7
v -2.9 6.4 -1.7
v -2.9 6.5 -1.7
v 2.9 6 -1.7
v 2.9 6.3 -1.7
v 2.9 6.4 -1.7
v 2.9 6.5 -1.7
v -1.7 0.3 -2.1
v -1.7 0.7 -2.1
v -1.7 0.8 -2.1
v -1.4 3.2 -2.1
v -1.4 3.6 -2.1
v -1.4 3.7 -2.1
v -0.5 3.2 -2.1
v -0.5 3.6 -2.1
v -0.5 3.7 -2.1
v 0.5 3.2 -2.1
v 0.5 3.6 -2.1
v 0.5 3.7 -2.1
v 1.4 3.2 -2.1
v 1.4 3.6 -2.1
v 1.4 3.7 -2.1
v 1.7 0.3 -2.1
v 1.7 0.7 -2.1
v 1.7 0.8 -2.1
v -1.1 5 -2.2
v -1.1 5.4 -2.2
v -1.1 5.5 -2.2
v -0.2 5 -2.2
v -0.2 5.4 -2.2
v -0.2 5.5 -2.2
v 0.2 5 -2.2
v 0.2 5.4 -2.2
v 0.2 5.5 -2.2
v 1.1 5 -2.2
v 1.1 5.4 -2.2
v 1.1 5.5 -2.2
v -0.9 0.1 1.7
v -0.9 1 1.7
v -0.8 0.1 1.7
v -0.8 1 1.7
v 0.8 0.1 1.7
v 0.8 1 1.7
v 0.9 0.1 1.7
v 0.9 1 1.7
v -2.4 1.4 1.5
v -2.4 1.9 1.5
v -2.4 2 1.5
v -2.4 3.2 1.5
v -2.4 3.7 1.5
v -2.4 3.8 1.5
v -2.4 4.8 1.5
v -2.4 5.2 1.5
v -2.4 5.3 1.5
v -1.1 1.4 1.5
v -1.1 1.9 1.5
v -1.1 2 1.5
v -1.1 3.2 1.5
v -1.1 3.7 1.5
v -1.1 3.8 1.5
v -1.1 4.8 1.5
v -1.1 5.2 1.5
v -1.1 5.3 1.5
v 1.1 1.4 1.5
v 1.1 1.9 1.5
v 1.1 2 1.5
v 1.1 3.2 1.5
v 1.1 3.7 1.5
v 1.1 3.8 1.5
v 1.1 4.8 1.5
v 1.1 5.2 1.5
v 1.1 5.3 1.5
v 2.4 1.4 1.5
v 2.4 1.9 1.5
v 2.4 2 1.5
v 2.4 3.2 1.5
v 2.4 3.7 1.5
v 2.4 3.8 1.5
v 2.4 4.8 1.5
v 2.4 5.2 1.5
v 2.4 5.3 1.5
v -3.3 2.8 0.8
v -3.3 3.2 0.8
v -3.3 3.3 0.8
v -3 2.8 0.8
v -3 2.9 0.8
v -3 3.2 0.8
v -3 3.3 0.8
v -3 3.8 0.8
v -2.9 2.9 0.8
v -2.9 3.8 0.8
v -2.9 6 0.8
v -2.9 6.3 0.8
v -2.9 6.4 0.8
v -2.9 6.5 0.8
v 2.9 2.9 0.8
v 2.9 3.8 0.8
v 2.9 6 0.8
v 2.9 6.3 0.8
v 2.9 6.4 0.8
v 2.9 6.5 0.8
v 3 2.8 0.8
v 3 2.9 0.8
v 3 3.2 0.8
v 3 3.3 0.8
v 3 3.8 0.8
v 3.3 2.8 0.8
v 3.3 3.2 0.8
v 3.3 3.3 0.8
v -3.3 4.8 0.5
v -3.3 5.2 0.5
v -3.3 5.3 0.5
v -3 4.8 0.5
v -3 5.2 0.5
v -3 5.3 0.5
v -3 5.7 0.5
v -2.9 4.8 0.5
v -2.9 5.7 0.5
v 2.9 4.8 0.5
v 2.9 5.7 0.5
v 3 4.8 0.5
v 3 5.2 0.5
v 3 5.3 0.5
v 3 5.7 0.5
v 3.3 4.8 0.5
v 3.3 5.2 0.5
v 3.3 5.3 0.5
v -3.3 1.2 -0.1
v -3.3 1.6 -0.1
v -3.3 1.7 -0.1
v -3.1 1.6 -0.1
v -3.1 1.7 -0.1
v -3 1.2 -0.1
v -3 1.3 -0.1
v -3 1.7 -0.1
v -3 2.2 -0.1
v -2.9 1.3 -0.1
v -2.9 2.2 -0.1
v 2.9 1.3 -0.1
v 2.9 2.2 -0.1
v 3 1.2 -0.1
v 3 1.3 -0.1
v 3 1.7 -0.1
v 3 2.2 -0.1
v 3.1 1.6 -0.1
v 3.1 1.7 -0.1
v 3.3 1.2 -0.1
v 3.3 1.6 -0.1
v 3.3 1.7 -0.1
v -3.4 2.7 -0.2
v -3.4 3.2 -0.2
v -3.4 3.3 -0.2
v -3 2.7 -0.2
v -3 3.2 -0.2
v -3 3.3 -0.2
v 3 2.7 -0.2
v 3 3.2 -0.2
v 3 3.3 -0.2
v 3.4 2.7 -0.2
v 3.4 3.2 -0.2
v 3.4 3.3 -0.2
v -3.4 4.7 -0.5
v -3.4 5.2 -0.5
v -3.4 5.3 -0.5
v -3 4.7 -0.5
v -3 5.2 -0.5
v -3 5.3 -0.5
v 3 4.7 -0.5
v 3 5.2 -0.5
v 3 5.3 -0.5
v 3.4 4.7 -0.5
v 3.4 5.2 -0.5
v 3.4 5.3 -0.5
v -2 6 -0.8
v -2 8.6 -0.8
v -1.8 6 -0.8
v -1.8 6.7 -0.8
v 1.8 6 -0.8
v 1.8 6.7 -0.8
v 2 6 -0.8
v 2 8.6 -0.8
v -3 0 -0.9
v -3 1.1 -0.9
v -3 1.2 -0.9
v -3 1.3 -0.9
v -3 2.2 -0.9
v -3 2.4 -0.9
v -3 2.5 -0.9
v -3 2.6 -0.9
v -3 4.4 -0.9
v -3 4.5 -0.9
v -3 4.6 -0.9
v -3 5 -0.9
v -2.9 1.3 -0.9
v -2.9 2.2 -0.9
v -2.9 2.4 -0.9
v -2.9 2.5 -0.9
v -2.9 2.6 -0.9
v -2.9 4.4 -0.9
v -2.9 4.5 -0.9
v -2.9 4.6 -0.9
v -2.8 1.3 -0.9
v -2.8 2.2 -0.9
v -2.7 0 -0.9
v -2.7 5 -0.9
v 2.7 0 -0.9
v 2.7 5 -0.9
v 2.8 1.3 -0.9
v 2.8 2.2 -0.9
v 2.9 1.3 -0.9
v 2.9 2.2 -0.9
v 2.9 2.4 -0.9
v 2.9 2.5 -0.9
v 2.9 2.6 -0.9
v 2.9 4.4 -0.9
v 2.9 4.5 -0.9
v 2.9 4.6 -0.9
v 3 0 -0.9
v 3 1.1 -0.9
v 3 1.2 -0.9
v 3 1.3 -0.9
v 3 2.2 -0.9
v 3 2.4 -0.9
v 3 2.5 -0.9
v 3 2.6 -0.9
v 3 4.4 -0.9
v 3 4.5 -0.9
v 3 4.6 -0.9
v 3 5 -0.9
v -3.4 1.1 -1.1
v -3.4 1.6 -1.1
v -3.4 1.7 -1.1
v -3.1 1.6 -1.1
v -3.1 1.7 -1.1
v -3 1.1 -1.1
v -3 1.7 -1.1
v 3 1.1 -1.1
v 3 1.7 -1.1
v 3.1 1.6 -1.1
v 3.1 1.7 -1.1
v 3.4 1.1 -1.1
v 3.4 1.6 -1.1
v 3.4 1.7 -1.1
v -2.7 0 -1.5
v -2.7 4.9 -1.5
v -2.7 5 -1.5
v -2.1 0 -1.5
v -2.1 4.9 -1.5
v -2 0 -1.5
v -2 5 -1.5
v 2 0 -1.5
v 2 5 -1.5
v 2.1 0 -1.5
v 2.1 4.9 -1.5
v 2.7 0 -1.5
v 2.7 4.9 -1.5
v 2.7 5 -1.5
v -1.7 0.4 -1.7
v -1.7 1.5 -1.7
v -1.4 3.2 -1.7
v -1.4 4.1 -1.7
v -1.1 5 -1.7
v -1.1 5.9 -1.7
v -0.6 0.4 -1.7
v -0.6 1.5 -1.7
v -0.5 3.2 -1.7
v -0.5 4.1 -1.7
v -0.2 5 -1.7
v -0.2 5.9 -1.7
v 0.2 5 -1.7
v 0.2 5.9 -1.7
v 0.5 3.2 -1.7
v 0.5 4.1 -1.7
v 0.6 0.4 -1.7
v 0.6 1.5 -1.7
v 1.1 5 -1.7
v 1.1 5.9 -1.7
v 1.4 3.2 -1.7
v 1.4 4.1 -1.7
v 1.7 0.4 -1.7
v 1.7 1.5 -1.7
v -3 5 -1.8
v -3 6.2 -1.8
v -2 0 -1.8
v -2 5 -1.8
v -1.8 0.1 -1.8
v -1.8 0.7 -1.8
v -1.8 0.8 -1.8
v -1.7 0.1 -1.8
v -1.7 0.2 -1.8
v -1.7 0.3 -1.8
v -1.7 0.4 -1.8
v -1.7 0.8 -1.8
v -1.7 1.5 -1.8
v -1.5 3.1 -1.8
v -1.5 3.6 -1.8
v -1.5 3.7 -1.8
v -1.4 3.7 -1.8
v -1.4 4.1 -1.8
v -1.2 4.9 -1.8
v -1.2 5.4 -1.8
v -1.2 5.5 -1.8
v -1.1 5.5 -1.8
v -1.1 5.9 -1.8
v -0.6 0.4 -1.8
v -0.6 1.5 -1.8
v -0.5 3.7 -1.8
v -0.5 4.1 -1.8
v -0.4 3.1 -1.8
v -0.4 3.6 -1.8
v -0.4 3.7 -1.8
v -0.2 5.5 -1.8
v -0.2 5.9 -1.8
v -0.0999999 4.9 -1.8
v -0.0999999 5.4 -1.8
v -0.0999999 5.5 -1.8
v 0.1 4.9 -1.8
v 0.1 5.4 -1.8
v 0.1 5.5 -1.8
v 0.2 5.5 -1.8
v 0.2 5.9 -1.8
v 0.4 3.1 -1.8
v 0.4 3.6 -1.8
v 0.4 3.7 -1.8
v 0.5 3.7 -1.8
v 0.5 4.1 -1.8
v 0.6 0.4 -1.8
v 0.6 1.5 -1.8
v 1.1 5.5 -1.8
v 1.1 5.9 -1.8
v 1.2 4.9 -1.8
v 1.2 5.4 -1.8
v 1.2 5.5 -1.8
v 1.4 3.7 -1.8
v 1.4 4.1 -1.8
v 1.5 3.1 -1.8
v 1.5 3.6 -1.8
v 1.5 3.7 -1.8
v 1.7 0.1 -1.8
v 1.7 0.2 -1.8
v 1.7 0.3 -1.8
v 1.7 0.4 -1.8
v 1.7 0.8 -1.8
v 1.7 1.5 -1.8
v 1.8 0.1 -1.8
v 1.8 0.7 -1.8
v 1.8 0.8 -1.8
v 2 0 -1.8
v 2 5 -1.8
v 3 5 -1.8
v 3 6.2 -1.8
v -3.3 6.2 -2.2
v -3.3 6.3 -2.2
v -3.3 6.4 -2.2
v -3.3 6.5 -2.2
v -1.8 0.1 -2.2
v -1.8 0.7 -2.2
v -1.8 0.8 -2.2
v -1.7 0.1 -2.2
v -1.7 0.2 -2.2
v -1.5 3.1 -2.2
v -1.5 3.6 -2.2
v -1.5 3.7 -2.2
v -0.4 3.1 -2.2
v -0.4 3.6 -2.2
v -0.4 3.7 -2.2
v 0.4 3.1 -2.2
v 0.4 3.6 -2.2
v 0.4 3.7 -2.2
v 1.5 3.1 -2.2
v 1.5 3.6 -2.2
v 1.5 3.7 -2.2
v 1.7 0.1 -2.2
v 1.7 0.2 -2.2
v 1.8 0.1 -2.2
v 1.8 0.7 -2.2
v 1.8 0.8 -2.2
v 3.3 6.2 -2.2
v 3.3 6.3 -2.2
v 3.3 6.4 -2.2
v 3.3 6.5 -2.2
v -1.2 4.9 -2.3
v -1.2 5.4 -2.3
v -1.2 5.5 -2.3
v -0.0999999 4.9 -2.3
v -0.0999999 5.4 -2.3
v -0.0999999 5.5 -2.3
v 0.1 4.9 -2.3
v 0.1 5.4 -2.3
v 0.1 5.5 -2.3
v 1.2 4.9 -2.3
v 1.2 5.4 -2.3
v 1.2 5.5 -2.3
v -1 0 2.2
v 1 0 2.2
v -0.9 0 1.8
v -0.8 0 1.8
v 0.8 0 1.8
v 0.9 0 1.8
v -0.9 0 1.7
v -0.8 0 1.7
v 0.8 0 1.7
v 0.9 0 1.7
v -2.1 0 1.2
v -1 0 1.2
v -0.7 0 1.2
v 0.7 0 1.2
v 1 0 1.2
v 2.1 0 1.2
v -0.7 0 1.1
v 0.7 0 1.1
v -2.8 0 1
v -2.2 0 1
v -2.1 0 1
v 2.1 0 1
v 2.2 0 1
v 2.8 0 1
v -2.7 0 0.9
v -2.2 0 0.9
v -2.1 0 0.9
v 2.1 0 0.9
v 2.2 0 0.9
v 2.7 0 0.9
v -2.8 0 0.4
v -2.7 0 0.4
v 2.7 0 0.4
v 2.8 0 0.4
v -3 0 0.3
v -2.8 0 0.3
v -2.7 0 0.3
v 2.7 0 0.3
v 2.8 0 0.3
v 3 0 0.3
v -3 0 -0.9
v -2.7 0 -0.9
v -2.6 0 -0.9
v 2.6 0 -0.9
v 2.7 0 -0.9
v 3 0 -0.9
v -2.7 0 -1
v -2.6 0 -1
v 2.6 0 -1
v 2.7 0 -1
v -2.6 0 -1.4
v -2.1 0 -1.4
v -2 0 -1.4
v 2 0 -1.4
v 2.1 0 -1.4
v 2.6 0 -1.4
v -2.7 0 -1.5
v -2.1 0 -1.5
v -2 0 -1.5
v 2 0 -1.5
v 2.1 0 -1.5
v 2.7 0 -1.5
v -2 0 -1.8
v 2 0 -1.8
v -1.8 0.1 -1.8
v -1.7 0.1 -1.8
v 1.7 0.1 -1.8
v 1.8 0.1 -1.8
v -1.8 0.1 -2.2
v -1.7 0.1 -2.2
v 1.7 0.1 -2.2
v 1.8 0.1 -2.2
v -1.7 0.2 -1.8
v 1.7 0.2 -1.8
v -1.7 0.2 -2.2
v 1.7 0.2 -2.2
v -0.8 1 1.8
v 0.8 1 1.8
v -0.9 1 1.7
v -0.8 1 1.7
v 0.8 1 1.7
v 0.9 1 1.7
v -3 1 1.2
v -2.7 1 1.2
v -2.6 1 1.2
v -2.5 1 1.2
v -2.1 1 1.2
v -0.9 1 1.2
v -0.7 1 1.2
v 0.7 1 1.2
v 0.9 1 1.2
v 2.1 1 1.2
v 2.5 1 1.2
v 2.6 1 1.2
v 2.7 1 1.2
v 3 1 1.2
v -2.7 1 1.1
v -2.6 1 1.1
v -2.5 1 1.1
v -0.7 1 1.1
v 0.7 1 1.1
v 2.5 1 1.1
v 2.6 1 1.1
v 2.7 1 1.1
v -2.8 1 1
v -2.1 1 1
v 2.1 1 1
v 2.8 1 1
v -3 1 0.3
v -2.8 1 0.3
v 2.8 1 0.3
v 3 1 0.3
v -3.4 1.1 0
v -3 1.1 0
v 3 1.1 0
v 3.4 1.1 0
v -3 1.1 -0.9
v 3 1.1 -0.9
v -3.4 1.1 -1.1
v -3 1.1 -1.1
v 3 1.1 -1.1
v 3.4 1.1 -1.1
v -2.5 1.3 1.6
v -1 1.3 1.6
v 1 1.3 1.6
v 2.5 1.3 1.6
v -2.4 1.3 1.5
v -1.1 1.3 1.5
v 1.1 1.3 1.5
v 2.4 1.3 1.5
v -2.5 1.3 1.2
v -2.4 1.3 1.2
v -1.1 1.3 1.2
v -1 1.3 1.2
v 1 1.3 1.2
v 1.1 1.3 1.2
v 2.4 1.3 1.2
v 2.5 1.3 1.2
v -0.7 1.4 1.3
v 0.7 1.4 1.3
v -0.7 1.4 1.2
v 0.7 1.4 1.2
v -1.7 1.5 -1.7
v -0.6 1.5 -1.7
v 0.6 1.5 -1.7
v 1.7 1.5 -1.7
v -1.7 1.5 -1.8
v -0.6 1.5 -1.8
v 0.6 1.5 -1.8
v 1.7 1.5 -1.8
v -3 2.2 -0.1
v -2.9 2.2 -0.1
v 2.9 2.2 -0.1
v 3 2.2 -0.1
v -3 2.2 -0.9
v -2.9 2.2 -0.9
v 2.9 2.2 -0.9
v 3 2.2 -0.9
v -2.4 2.7 1.2
v -1.1 2.7 1.2
v 1.1 2.7 1.2
v 2.4 2.7 1.2
v -2.4 2.7 1.1
v -1.1 2.7 1.1
v 1.1 2.7 1.1
v 2.4 2.7 1.1
v -3.4 2.7 0.9
v -3 2.7 0.9
v 3 2.7 0.9
v 3.4 2.7 0.9
v -3.4 2.7 -0.2
v -3 2.7 -0.2
v 3 2.7 -0.2
v 3.4 2.7 -0.2
v -2.5 3.1 1.6
v -1 3.1 1.6
v 1 3.1 1.6
v 2.5 3.1 1.6
v -2.4 3.1 1.5
v -1.1 3.1 1.5
v 1.1 3.1 1.5
v 2.4 3.1 1.5
v -2.5 3.1 1.2
v -2.4 3.1 1.2
v -1.1 3.1 1.2
v -1 3.1 1.2
v 1 3.1 1.2
v 1.1 3.1 1.2
v 2.4 3.1 1.2
v 2.5 3.1 1.2
v -1.5 3.1 -1.8
v -0.4 3.1 -1.8
v 0.4 3.1 -1.8
v 1.5 3.1 -1.8
v -1.5 3.1 -2.2
v -0.4 3.1 -2.2
v 0.4 3.1 -2.2
v 1.5 3.1 -2.2
v -3 3.8 0.8
v -2.9 3.8 0.8
v 2.9 3.8 0.8
v 3 3.8 0.8
v -3 3.8 -0.1
v -2.9 3.8 -0.1
v 2.9 3.8 -0.1
v 3 3.8 -0.1
v -1.4 4.1 -1.7
v -0.5 4.1 -1.7
v 0.5 4.1 -1.7
v 1.4 4.1 -1.7
v -1.4 4.1 -1.8
v -0.5 4.1 -1.8
v 0.5 4.1 -1.8
v 1.4 4.1 -1.8
v -2.4 4.5 1.2
v -1.1 4.5 1.2
v 1.1 4.5 1.2
v 2.4 4.5 1.2
v -2.4 4.5 1.1
v -1.1 4.5 1.1
v 1.1 4.5 1.1
v 2.4 4.5 1.1
v -2.5 4.7 1.6
v -1 4.7 1.6
v 1 4.7 1.6
v 2.5 4.7 1.6
v -2.4 4.7 1.5
v -1.1 4.7 1.5
v 1.1 4.7 1.5
v 2.4 4.7 1.5
v -2.5 4.7 1.2
v -2.4 4.7 1.2
v -1.1 4.7 1.2
v -1 4.7 1.2
v 1 4.7 1.2
v 1.1 4.7 1.2
v 2.4 4.7 1.2
v 2.5 4.7 1.2
v -3.4 4.7 0.6
v -3 4.7 0.6
v 3 4.7 0.6
v 3.4 4.7 0.6
v -3.4 4.7 -0.5
v -3 4.7 -0.5
v 3 4.7 -0.5
v 3.4 4.7 -0.5
v -1.2 4.9 -1.8
v -0.0999999 4.9 -1.8
v 0.1 4.9 -1.8
v 1.2 4.9 -1.8
v -1.2 4.9 -2.3
v -0.0999999 4.9 -2.3
v 0.1 4.9 -2.3
v 1.2 4.9 -2.3
v -3 5 -0.9
v -2.7 5 -0.9
v 2.7 5 -0.9
v 3 5 -0.9
v -3 5 -1.3
v -2.9 5 -1.3
v 2.9 5 -1.3
v 3 5 -1.3
v -3 5 -1.4
v -2.9 5 -1.4
v 2.9 5 -1.4
v 3 5 -1.4
v -3 5 -1.5
v -2.9 5 -1.5
v -2.7 5 -1.5
v -2 5 -1.5
v 2 5 -1.5
v 2.7 5 -1.5
v 2.9 5 -1.5
v 3 5 -1.5
v -3 5 -1.8
v -2 5 -1.8
v 2 5 -1.8
v 3 5 -1.8
v -3 5.7 0.5
v -2.9 5.7 0.5
v 2.9 5.7 0.5
v 3 5.7 0.5
v -3 5.7 -0.4
v -2.9 5.7 -0.4
v 2.9 5.7 -0.4
v 3 5.7 -0.4
v -1.1 5.9 -1.7
v -0.2 5.9 -1.7
v 0.2 5.9 -1.7
v 1.1 5.9 -1.7
v -1.1 5.9 -1.8
v -0.2 5.9 -1.8
v 0.2 5.9 -1.8
v 1.1 5.9 -1.8
v -2.4 6 1.2
v -1.1 6 1.2
v 1.1 6 1.2
v 2.4 6 1.2
v -2.4 6 1.1
v -1.1 6 1.1
v 1.1 6 1.1
v 2.4 6 1.1
v -3.3 6.2 1.5
v 3.3 6.2 1.5
v -3 6.2 1.2
v -2.9 6.2 1.2
v -2.8 6.2 1.2
v 2.8 6.2 1.2
v 2.9 6.2 1.2
v 3 6.2 1.2
v -3 6.2 1.1
v 3 6.2 1.1
v -3 6.2 -1
v 3 6.2 -1
v -3 6.2 -1.1
v 3 6.2 -1.1
v -3 6.2 -1.2
v 3 6.2 -1.2
v -3 6.2 -1.8
v 3 6.2 -1.8
v -3.3 6.2 -2.2
v 3.3 6.2 -2.2
v -1.8 6.7 -0.6
v 1.8 6.7 -0.6
v -1.8 6.7 -0.8
v 1.8 6.7 -0.8
v -1 0.1 2.2
v 1 0.1 2.2
v -0.9 0.1 1.8
v -0.8 0.1 1.8
v 0.8 0.1 1.8
v 0.9 0.1 1.8
v -0.9 0.1 1.7
v -0.8 0.1 1.7
v 0.8 0.1 1.7
v 0.9 0.1 1.7
v -1 0.1 1.2
v -0.7 0.1 1.2
v 0.7 0.1 1.2
v 1 0.1 1.2
v -0.7 0.1 1.1
v 0.7 0.1 1.1
v -1.7 0.3 -1.8
v 1.7 0.3 -1.8
v -1.7 0.3 -2.1
v 1.7 0.3 -2.1
v -1.7 0.4 -1.7
v -0.6 0.4 -1.7
v 0.6 0.4 -1.7
v 1.7 0.4 -1.7
v -1.7 0.4 -1.8
v -0.6 0.4 -1.8
v 0.6 0.4 -1.8
v 1.7 0.4 -1.8
v -1.8 0.8 -1.8
v -1.7 0.8 -1.8
v 1.7 0.8 -1.8
v 1.8 0.8 -1.8
v -1.7 0.8 -2.1
v 1.7 0.8 -2.1
v -1.8 0.8 -2.2
v 1.8 0.8 -2.2
v -0.9 1.1 1.8
v -0.7 1.1 1.8
v 0.7 1.1 1.8
v 0.9 1.1 1.8
v -0.9 1.1 1.2
v -0.7 1.1 1.2
v 0.7 1.1 1.2
v 0.9 1.1 1.2
v -0.7 1.2 1.8
v -0.5 1.2 1.8
v 0.5 1.2 1.8
v 0.7 1.2 1.8
v -0.7 1.2 1.2
v -0.5 1.2 1.2
v 0.5 1.2 1.2
v 0.7 1.2 1.2
v -3.3 1.2 -0.1
v -3 1.2 -0.1
v 3 1.2 -0.1
v 3.3 1.2 -0.1
v -3 1.2 -0.9
v 3 1.2 -0.9
v -3.3 1.2 -1
v -3 1.2 -1
v 3 1.2 -1
v 3.3 1.2 -1
v -0.5 1.3 1.8
v 0.5 1.3 1.8
v -0.5 1.3 1.2
v 0.5 1.3 1.2
v -3 1.3 -0.1
v -2.9 1.3 -0.1
v 2.9 1.3 -0.1
v 3 1.3 -0.1
v -3 1.3 -0.9
v -2.9 1.3 -0.9
v 2.9 1.3 -0.9
v 3 1.3 -0.9
v -2.4 1.4 1.5
v -1.1 1.4 1.5
v 1.1 1.4 1.5
v 2.4 1.4 1.5
v -2.4 1.4 1.2
v -1.1 1.4 1.2
v 1.1 1.4 1.2
v 2.4 1.4 1.2
v -2.4 1.4 1.1
v -1.1 1.4 1.1
v 1.1 1.4 1.1
v 2.4 1.4 1.1
v -3.4 1.7 0
v -3.1 1.7 0
v -3 1.7 0
v 3 1.7 0
v 3.1 1.7 0
v 3.4 1.7 0
v -3.3 1.7 -0.1
v -3.1 1.7 -0.1
v -3 1.7 -0.1
v 3 1.7 -0.1
v 3.1 1.7 -0.1
v 3.3 1.7 -0.1
v -3.3 1.7 -1
v -3.1 1.7 -1
v -3 1.7 -1
v 3 1.7 -1
v 3.1 1.7 -1
v 3.3 1.7 -1
v -3.4 1.7 -1.1
v -3.1 1.7 -1.1
v -3 1.7 -1.1
v 3 1.7 -1.1
v 3.1 1.7 -1.1
v 3.4 1.7 -1.1
v -2.5 2 1.6
v -1 2 1.6
v 1 2 1.6
v 2.5 2 1.6
v -2.4 2 1.5
v -1.1 2 1.5
v 1.1 2 1.5
v 2.4 2 1.5
v -2.5 2 1.2
v -2.4 2 1.2
v -1.1 2 1.2
v -1 2 1.2
v 1 2 1.2
v 1.1 2 1.2
v 2.4 2 1.2
v 2.5 2 1.2
v -3.3 2.8 0.8
v -3 2.8 0.8
v 3 2.8 0.8
v 3.3 2.8 0.8
v -3.3 2.8 -0.1
v -3 2.8 -0.1
v 3 2.8 -0.1
v 3.3 2.8 -0.1
v -3 2.9 0.8
v -2.9 2.9 0.8
v 2.9 2.9 0.8
v 3 2.9 0.8
v -3 2.9 -0.1
v -2.9 2.9 -0.1
v 2.9 2.9 -0.1
v 3 2.9 -0.1
v -2.4 3.2 1.5
v -1.1 3.2 1.5
v 1.1 3.2 1.5
v 2.4 3.2 1.5
v -2.4 3.2 1.2
v -1.1 3.2 1.2
v 1.1 3.2 1.2
v 2.4 3.2 1.2
v -2.4 3.2 1.1
v -1.1 3.2 1.1
v 1.1 3.2 1.1
v 2.4 3.2 1.1
v -1.4 3.2 -1.7
v -0.5 3.2 -1.7
v 0.5 3.2 -1.7
v 1.4 3.2 -1.7
v -1.4 3.2 -1.8
v -0.5 3.2 -1.8
v 0.5 3.2 -1.8
v 1.4 3.2 -1.8
v -1.4 3.2 -2.1
v -0.5 3.2 -2.1
v 0.5 3.2 -2.1
v 1.4 3.2 -2.1
v -3.4 3.3 0.9
v -3 3.3 0.9
v 3 3.3 0.9
v 3.4 3.3 0.9
v -3.3 3.3 0.8
v -3 3.3 0.8
v 3 3.3 0.8
v 3.3 3.3 0.8
v -3.3 3.3 -0.1
v -3 3.3 -0.1
v 3 3.3 -0.1
v 3.3 3.3 -0.1
v -3.4 3.3 -0.2
v -3 3.3 -0.2
v 3 3.3 -0.2
v 3.4 3.3 -0.2
v -0.7 3.4 1.3
v 0.7 3.4 1.3
v -0.7 3.4 1.2
v 0.7 3.4 1.2
v -1.5 3.7 -1.8
v -1.4 3.7 -1.8
v -0.5 3.7 -1.8
v -0.4 3.7 -1.8
v 0.4 3.7 -1.8
v 0.5 3.7 -1.8
v 1.4 3.7 -1.8
v 1.5 3.7 -1.8
v -1.4 3.7 -2.1
v -0.5 3.7 -2.1
v 0.5 3.7 -2.1
v 1.4 3.7 -2.1
v -1.5 3.7 -2.2
v -0.4 3.7 -2.2
v 0.4 3.7 -2.2
v 1.5 3.7 -2.2
v -2.5 3.8 1.6
v -1.1 3.8 1.6
v 1.1 3.8 1.6
v 2.5 3.8 1.6
v -2.4 3.8 1.5
v -1.1 3.8 1.5
v 1.1 3.8 1.5
v 2.4 3.8 1.5
v -2.5 3.8 1.2
v -2.4 3.8 1.2
v 2.4 3.8 1.2
v 2.5 3.8 1.2
v -1.1 3.9 1.6
v -1 3.9 1.6
v 1 3.9 1.6
v 1.1 3.9 1.6
v -1.1 3.9 1.2
v -1 3.9 1.2
v 1 3.9 1.2
v 1.1 3.9 1.2
v -2.4 4.8 1.5
v -1.1 4.8 1.5
v 1.1 4.8 1.5
v 2.4 4.8 1.5
v -2.4 4.8 1.2
v -1.1 4.8 1.2
v 1.1 4.8 1.2
v 2.4 4.8 1.2
v -2.4 4.8 1.1
v -1.1 4.8 1.1
v 1.1 4.8 1.1
v 2.4 4.8 1.1
v -3.3 4.8 0.5
v -3 4.8 0.5
v -2.9 4.8 0.5
v 2.9 4.8 0.5
v 3 4.8 0.5
v 3.3 4.8 0.5
v -3.3 4.8 -0.4
v -3 4.8 -0.4
v -2.9 4.8 -0.4
v 2.9 4.8 -0.4
v 3 4.8 -0.4
v 3.3 4.8 -0.4
v -1.1 5 -1.7
v -0.2 5 -1.7
v 0.2 5 -1.7
v 1.1 5 -1.7
v -1.1 5 -1.8
v -0.2 5 -1.8
v 0.2 5 -1.8
v 1.1 5 -1.8
v -1.1 5 -2.2
v -0.2 5 -2.2
v 0.2 5 -2.2
v 1.1 5 -2.2
v -2.5 5.3 1.6
v -1 5.3 1.6
v 1 5.3 1.6
v 2.5 5.3 1.6
v -2.4 5.3 1.5
v -1.1 5.3 1.5
v 1.1 5.3 1.5
v 2.4 5.3 1.5
v -2.5 5.3 1.2
v -2.4 5.3 1.2
v -1.1 5.3 1.2
v -1 5.3 1.2
v 1 5.3 1.2
v 1.1 5.3 1.2
v 2.4 5.3 1.2
v 2.5 5.3 1.2
v -3.4 5.3 0.6
v -3 5.3 0.6
v 3 5.3 0.6
v 3.4 5.3 0.6
v -3.3 5.3 0.5
v -3 5.3 0.5
v 3 5.3 0.5
v 3.3 5.3 0.5
v -3.3 5.3 -0.4
v -3 5.3 -0.4
v 3 5.3 -0.4
v 3.3 5.3 -0.4
v -3.4 5.3 -0.5
v -3 5.3 -0.5
v 3 5.3 -0.5
v 3.4 5.3 -0.5
v -1.2 5.5 -1.8
v -1.1 5.5 -1.8
v -0.2 5.5 -1.8
v -0.0999999 5.5 -1.8
v 0.1 5.5 -1.8
v 0.2 5.5 -1.8
v 1.1 5.5 -1.8
v 1.2 5.5 -1.8
v -1.1 5.5 -2.2
v -0.2 5.5 -2.2
v 0.2 5.5 -2.2
v 1.1 5.5 -2.2
v -1.2 5.5 -2.3
v -0.0999999 5.5 -2.3
v 0.1 5.5 -2.3
v 1.2 5.5 -2.3
v -2.9 6 0.8
v 2.9 6 0.8
v -2 6 -0.6
v -1.8 6 -0.6
v 1.8 6 -0.6
v 2 6 -0.6
v -2 6 -0.8
v -1.8 6 -0.8
v 1.8 6 -0.8
v 2 6 -0.8
v -2.9 6 -1
v 2.9 6 -1
v -2.9 6 -1.1
v 2.9 6 -1.1
v -2.9 6 -1.2
v 2.9 6 -1.2
v -2.9 6 -1.7
v 2.9 6 -1.7
v -3.3 6.5 1.5
v 3.3 6.5 1.5
v -2.9 6.5 0.8
v 2.9 6.5 0.8
v -2.9 6.5 -1.7
v 2.9 6.5 -1.7
v -3.3 6.5 -2.2
v 3.3 6.5 -2.2
v -2 8.6 -0.6
v 2 8.6 -0.6
v -2 8.6 -0.8
v 2 8.6 -0.8

# faces
f 3/10/1 2/10/1 1/10/1
f 4/10/1 2/10/1 3/10/1
f 5/3/1 4/3/1 3/3/1
f 6/3/1 4/3/1 5/3/1
f 9/10/1 8/10/1 7/10/1
f 10/10/1 8/10/1 9/10/1
f 11/3/1 10/3/1 9/3/1
f 12/3/1 10/3/1 11/3/1
f 15/10/1 14/10/1 13/10/1
f 16/10/1 14/10/1 15/10/1
f 17/3/1 16/3/1 15/3/1
f 18/3/1 16/3/1 17/3/1
f 21/8/1 20/8/1 19/8/1
f 22/8/1 20/8/1 21/8/1
f 23/11/1 22/11/1 21/11/1
f 24/11/1 22/11/1 23/11/1
f 25/1/1 24/1/1 23/1/1
f 26/1/1 24/1/1 25/1/1
f 30/8/1 28/8/1 27/8/1
f 31/8/1 28/8/1 30/8/1
f 31/8/1 30/8/1 29/8/1
f 32/8/1 28/8/1 31/8/1
f 35/8/1 34/8/1 33/8/1
f 36/8/1 34/8/1 35/8/1
f 37/8/1 31/8/1 29/8/1
f 39/8/1 37/8/1 29/8/1
f 39/8/1 38/8/1 37/8/1
f 40/8/1 38/8/1 39/8/1
f 41/8/1 38/8/1 40/8/1
f 43/7/1 40/7/1 39/7/1
f 44/8/1 42/8/1 41/8/1
f 44/7/1 40/7/1 43/7/1
f 44/8/1 41/8/1 40/8/1
f 45/8/1 42/8/1 44/8/1
f 46/11/1 44/11/1 43/11/1
f 47/7/1 45/7/1 44/7/1
f 47/11/1 44/11/1 46/11/1
f 48/8/1 42/8/1 45/8/1
f 48/7/1 45/7/1 47/7/1
f 49/8/1 42/8/1 48/8/1
f 50/8/1 47/8/1 46/8/1
f 50/11/1 48/11/1 47/11/1
f 51/7/1 49/7/1 48/7/1
f 51/11/1 48/11/1 50/11/1
f 52/7/1 49/7/1 51/7/1
f 53/8/1 51/8/1 50/8/1
f 53/11/1 52/11/1 51/11/1
f 54/11/1 52/11/1 53/11/1
f 55/8/1 50/8/1 46/8/1
f 55/8/1 53/8/1 50/8/1
f 55/8/1 54/8/1 53/8/1
f 56/8/1 54/8/1 55/8/1
f 59/8/1 58/8/1 57/8/1
f 60/8/1 58/8/1 59/8/1
f 61/8/1 55/8/1 46/8/1
f 62/8/1 54/8/1 56/8/1
f 63/8/1 61/8/1 46/8/1
f 66/8/1 54/8/1 62/8/1
f 67/8/1 64/8/1 63/8/1
f 68/8/1 66/8/1 65/8/1
f 69/8/1 67/8/1 63/8/1
f 69/8/1 68/8/1 67/8/1
f 69/8/1 63/8/1 46/8/1
f 70/8/1 68/8/1 69/8/1
f 71/1/1 70/1/1 69/1/1
f 72/8/1 68/8/1 70/8/1
f 72/1/1 70/1/1 71/1/1
f 73/8/1 68/8/1 72/8/1
f 74/11/1 72/11/1 71/11/1
f 75/1/1 73/1/1 72/1/1
f 75/11/1 72/11/1 74/11/1
f 76/8/1 68/8/1 73/8/1
f 76/1/1 73/1/1 75/1/1
f 77/8/1 66/8/1 68/8/1
f 77/8/1 68/8/1 76/8/1
f 77/8/1 54/8/1 66/8/1
f 78/11/1 76/11/1 75/11/1
f 78/8/1 75/8/1 74/8/1
f 79/1/1 77/1/1 76/1/1
f 79/11/1 76/11/1 78/11/1
f 80/8/1 54/8/1 77/8/1
f 80/1/1 77/1/1 79/1/1
f 81/8/1 54/8/1 80/8/1
f 82/8/1 79/8/1 78/8/1
f 82/11/1 80/11/1 79/11/1
f 83/1/1 81/1/1 80/1/1
f 83/11/1 80/11/1 82/11/1
f 84/1/1 81/1/1 83/1/1
f 85/8/1 83/8/1 82/8/1
f 85/11/1 84/11/1 83/11/1
f 86/11/1 84/11/1 85/11/1
f 87/8/1 82/8/1 78/8/1
f 87/8/1 85/8/1 82/8/1
f 87/8/1 86/8/1 85/8/1
f 88/8/1 86/8/1 87/8/1
f 89/8/1 86/8/1 88/8/1
f 94/8/1 87/8/1 78/8/1
f 95/8/1 89/8/1 88/8/1
f 95/8/1 90/8/1 89/8/1
f 96/8/1 90/8/1 95/8/1
f 97/11/1 91/11/1 90/11/1
f 97/8/1 90/8/1 96/8/1
f 98/1/1 92/1/1 91/1/1
f 98/11/1 91/11/1 97/11/1
f 99/8/1 93/8/1 92/8/1
f 99/1/1 92/1/1 98/1/1
f 100/8/1 94/8/1 78/8/1
f 100/8/1 78/8/1 74/8/1
f 101/8/1 94/8/1 100/8/1
f 102/8/1 94/8/1 101/8/1
f 105/8/1 96/8/1 95/8/1
f 106/3/1 105/3/1 104/3/1
f 107/8/1 96/8/1 105/8/1
f 107/3/1 105/3/1 106/3/1
f 108/8/1 107/8/1 106/8/1
f 108/8/1 96/8/1 107/8/1
f 109/11/1 97/11/1 96/11/1
f 109/8/1 96/8/1 108/8/1
f 110/1/1 98/1/1 97/1/1
f 110/11/1 97/11/1 109/11/1
f 111/8/1 99/8/1 98/8/1
f 111/1/1 98/1/1 110/1/1
f 112/8/1 103/8/1 102/8/1
f 112/8/1 102/8/1 101/8/1
f 113/8/1 108/8/1 106/8/1
f 114/8/1 108/8/1 113/8/1
f 114/8/1 113/8/1 112/8/1
f 115/11/1 109/11/1 108/11/1
f 115/8/1 108/8/1 114/8/1
f 116/1/1 110/1/1 109/1/1
f 116/11/1 109/11/1 115/11/1
f 117/8/1 111/8/1 110/8/1
f 117/1/1 110/1/1 116/1/1
f 118/11/1 101/11/1 100/11/1
f 119/8/1 114/8/1 112/8/1
f 119/11/1 101/11/1 118/11/1
f 119/8/1 112/8/1 101/8/1
f 120/11/1 115/11/1 114/11/1
f 120/8/1 114/8/1 119/8/1
f 121/1/1 116/1/1 115/1/1
f 121/11/1 115/11/1 120/11/1
f 122/8/1 117/8/1 116/8/1
f 122/1/1 116/1/1 121/1/1
f 123/8/1 93/8/1 99/8/1
f 123/8/1 117/8/1 122/8/1
f 123/8/1 99/8/1 111/8/1
f 123/8/1 111/8/1 117/8/1
f 126/7/1 125/7/1 124/7/1
f 127/7/1 125/7/1 126/7/1
f 130/7/1 129/7/1 128/7/1
f 131/7/1 129/7/1 130/7/1
f 134/7/1 133/7/1 132/7/1
f 135/7/1 134/7/1 132/7/1
f 136/7/1 135/7/1 132/7/1
f 137/7/1 135/7/1 136/7/1
f 141/6/1 139/6/1 138/6/1
f 142/11/1 140/11/1 139/11/1
f 142/6/1 139/6/1 141/6/1
f 143/11/1 142/11/1 141/11/1
f 144/11/1 140/11/1 142/11/1
f 144/11/1 142/11/1 143/11/1
f 148/4/1 146/4/1 145/4/1
f 148/1/1 147/1/1 146/1/1
f 149/1/1 147/1/1 148/1/1
f 150/4/1 148/4/1 145/4/1
f 150/4/1 149/4/1 148/4/1
f 151/4/1 149/4/1 150/4/1
f 154/10/1 153/10/1 152/10/1
f 155/10/1 153/10/1 154/10/1
f 156/3/1 155/3/1 154/3/1
f 157/3/1 155/3/1 156/3/1
f 160/10/1 159/10/1 158/10/1
f 161/10/1 159/10/1 160/10/1
f 162/3/1 161/3/1 160/3/1
f 163/3/1 161/3/1 162/3/1
f 166/10/1 165/10/1 164/10/1
f 167/10/1 165/10/1 166/10/1
f 168/3/1 167/3/1 166/3/1
f 169/3/1 167/3/1 168/3/1
f 172/8/1 171/8/1 170/8/1
f 173/8/1 171/8/1 172/8/1
f 176/8/1 175/8/1 174/8/1
f 177/8/1 175/8/1 176/8/1
f 180/11/1 179/11/1 178/11/1
f 181/11/1 179/11/1 180/11/1
f 184/10/1 183/10/1 182/10/1
f 185/10/1 183/10/1 184/10/1
f 186/3/1 185/3/1 184/3/1
f 187/3/1 185/3/1 186/3/1
f 190/10/1 189/10/1 188/10/1
f 191/10/1 189/10/1 190/10/1
f 192/6/1 191/6/1 190/6/1
f 193/6/1 191/6/1 192/6/1
f 196/10/1 195/10/1 194/10/1
f 197/10/1 195/10/1 196/10/1
f 198/6/1 197/6/1 196/6/1
f 199/6/1 197/6/1 198/6/1
f 203/10/1 201/10/1 200/10/1
f 204/8/1 202/8/1 201/8/1
f 204/10/1 201/10/1 203/10/1
f 205/3/1 204/3/1 203/3/1
f 206/8/1 202/8/1 204/8/1
f 206/3/1 204/3/1 205/3/1
f 207/8/1 202/8/1 206/8/1
f 208/8/1 202/8/1 207/8/1
f 212/10/1 210/10/1 209/10/1
f 214/10/1 210/10/1 212/10/1
f 215/8/1 211/8/1 210/8/1
f 215/10/1 210/10/1 214/10/1
f 216/3/1 214/3/1 213/3/1
f 216/3/1 215/3/1 214/3/1
f 217/8/1 211/8/1 215/8/1
f 217/3/1 215/3/1 216/3/1
f 218/8/1 211/8/1 217/8/1
f 219/8/1 211/8/1 218/8/1
f 223/10/1 221/10/1 220/10/1
f 224/8/1 222/8/1 221/8/1
f 224/10/1 221/10/1 223/10/1
f 225/3/1 224/3/1 223/3/1
f 226/8/1 222/8/1 224/8/1
f 226/3/1 224/3/1 225/3/1
f 227/8/1 222/8/1 226/8/1
f 228/8/1 222/8/1 227/8/1
f 231/10/1 230/10/1 229/10/1
f 232/10/1 230/10/1 231/10/1
f 235/10/1 234/10/1 233/10/1
f 236/10/1 234/10/1 235/10/1
f 238/7/1 236/7/1 235/7/1
f 238/7/1 237/7/1 236/7/1
f 239/7/1 237/7/1 238/7/1
f 242/7/1 241/7/1 240/7/1
f 243/7/1 241/7/1 242/7/1
f 246/4/1 245/4/1 244/4/1
f 247/4/1 245/4/1 246/4/1
f 250/8/1 249/8/1 248/8/1
f 251/8/1 249/8/1 250/8/1
f 254/7/1 253/7/1 252/7/1
f 255/7/1 253/7/1 254/7/1
f 259/8/1 257/8/1 256/8/1
f 259/10/1 258/10/1 257/10/1
f 260/10/1 258/10/1 259/10/1
f 261/8/1 259/8/1 256/8/1
f 261/6/1 260/6/1 259/6/1
f 262/6/1 260/6/1 261/6/1
f 263/8/1 261/8/1 256/8/1
f 264/8/1 261/8/1 263/8/1
f 268/8/1 266/8/1 265/8/1
f 268/10/1 267/10/1 266/10/1
f 269/10/1 267/10/1 268/10/1
f 270/8/1 268/8/1 265/8/1
f 270/6/1 269/6/1 268/6/1
f 271/6/1 269/6/1 270/6/1
f 272/8/1 270/8/1 265/8/1
f 273/8/1 270/8/1 272/8/1
f 276/10/1 275/10/1 274/10/1
f 277/10/1 275/10/1 276/10/1
f 278/6/1 277/6/1 276/6/1
f 279/6/1 277/6/1 278/6/1
f 282/10/1 281/10/1 280/10/1
f 283/10/1 281/10/1 282/10/1
f 284/6/1 283/6/1 282/6/1
f 285/6/1 283/6/1 284/6/1
f 288/8/1 287/8/1 286/8/1
f 289/8/1 287/8/1 288/8/1
f 292/10/1 291/10/1 290/10/1
f 293/10/1 291/10/1 292/10/1
f 296/10/1 295/10/1 294/10/1
f 297/10/1 295/10/1 296/10/1
f 298/3/1 297/3/1 296/3/1
f 299/3/1 297/3/1 298/3/1
f 302/10/1 301/10/1 300/10/1
f 303/10/1 301/10/1 302/10/1
f 304/3/1 303/3/1 302/3/1
f 305/3/1 303/3/1 304/3/1
f 308/10/1 307/10/1 306/10/1
f 309/10/1 307/10/1 308/10/1
f 310/3/1 309/3/1 308/3/1
f 311/3/1 309/3/1 310/3/1
f 315/8/1 313/8/1 312/8/1
f 315/10/1 314/10/1 313/10/1
f 316/10/1 314/10/1 315/10/1
f 317/8/1 315/8/1 312/8/1
f 317/6/1 316/6/1 315/6/1
f 318/6/1 316/6/1 317/6/1
f 319/8/1 317/8/1 312/8/1
f 320/8/1 317/8/1 319/8/1
f 324/8/1 322/8/1 321/8/1
f 324/10/1 323/10/1 322/10/1
f 325/10/1 323/10/1 324/10/1
f 326/8/1 324/8/1 321/8/1
f 326/6/1 325/6/1 324/6/1
f 327/6/1 325/6/1 326/6/1
f 328/8/1 326/8/1 321/8/1
f 329/8/1 326/8/1 328/8/1
f 332/10/1 331/10/1 330/10/1
f 333/10/1 331/10/1 332/10/1
f 337/10/1 335/10/1 334/10/1
f 338/10/1 335/10/1 337/10/1
f 338/8/1 337/8/1 336/8/1
f 339/10/1 335/10/1 338/10/1
f 340/8/1 338/8/1 336/8/1
f 340/3/1 339/3/1 338/3/1
f 341/3/1 339/3/1 340/3/1
f 342/8/1 340/8/1 336/8/1
f 343/8/1 340/8/1 342/8/1
f 346/11/1 345/11/1 344/11/1
f 347/11/1 345/11/1 346/11/1
f 351/10/1 349/10/1 348/10/1
f 352/8/1 350/8/1 349/8/1
f 352/10/1 349/10/1 351/10/1
f 353/3/1 352/3/1 351/3/1
f 354/8/1 350/8/1 352/8/1
f 354/3/1 352/3/1 353/3/1
f 355/8/1 350/8/1 354/8/1
f 356/8/1 350/8/1 355/8/1
f 360/10/1 358/10/1 357/10/1
f 361/8/1 359/8/1 358/8/1
f 361/10/1 358/10/1 360/10/1
f 362/3/1 361/3/1 360/3/1
f 363/8/1 359/8/1 361/8/1
f 363/3/1 361/3/1 362/3/1
f 364/8/1 359/8/1 363/8/1
f 365/8/1 359/8/1 364/8/1
f 369/10/1 367/10/1 366/10/1
f 370/8/1 368/8/1 367/8/1
f 370/10/1 367/10/1 369/10/1
f 371/3/1 370/3/1 369/3/1
f 372/8/1 368/8/1 370/8/1
f 372/3/1 370/3/1 371/3/1
f 373/8/1 368/8/1 372/8/1
f 374/8/1 368/8/1 373/8/1
f 380/8/1 376/8/1 375/8/1
f 380/11/1 377/11/1 376/11/1
f 381/1/1 378/1/1 377/1/1
f 381/11/1 377/11/1 380/11/1
f 382/8/1 379/8/1 378/8/1
f 382/1/1 378/1/1 381/1/1
f 383/8/1 381/8/1 380/8/1
f 383/8/1 380/8/1 375/8/1
f 383/8/1 382/8/1 381/8/1
f 384/8/1 379/8/1 382/8/1
f 384/8/1 382/8/1 383/8/1
f 385/11/1 384/11/1 383/11/1
f 386/11/1 384/11/1 385/11/1
f 387/1/1 386/1/1 385/1/1
f 388/1/1 386/1/1 387/1/1
f 391/10/1 390/10/1 389/10/1
f 392/10/1 390/10/1 391/10/1
f 393/10/1 390/10/1 392/10/1
f 394/10/1 390/10/1 393/10/1
f 397/10/1 396/10/1 395/10/1
f 398/10/1 396/10/1 397/10/1
f 399/3/1 398/3/1 397/3/1
f 400/3/1 398/3/1 399/3/1
f 403/10/1 402/10/1 401/10/1
f 404/10/1 402/10/1 403/10/1
f 405/3/1 404/3/1 403/3/1
f 406/3/1 404/3/1 405/3/1
f 409/10/1 408/10/1 407/10/1
f 410/10/1 408/10/1 409/10/1
f 411/3/1 410/3/1 409/3/1
f 412/3/1 410/3/1 411/3/1
f 413/10/2 414/10/2 415/10/2
f 415/10/2 414/10/2 416/10/2
f 415/3/2 416/3/2 417/3/2
f 417/3/2 416/3/2 418/3/2
f 419/10/2 420/10/2 421/10/2
f 421/10/2 420/10/2 422/10/2
f 421/3/2 422/3/2 423/3/2
f 423/3/2 422/3/2 424/3/2
f 425/10/2 426/10/2 427/10/2
f 427/10/2 426/10/2 428/10/2
f 427/3/2 428/3/2 429/3/2
f 429/3/2 428/3/2 430/3/2
f 431/10/2 432/10/2 433/10/2
f 433/10/2 432/10/2 434/10/2
f 434/10/2 432/10/2 435/10/2
f 435/10/2 432/10/2 436/10/2
f 437/8/2 438/8/2 442/8/2
f 438/11/2 439/11/2 442/11/2
f 439/1/2 440/1/2 443/1/2
f 442/11/2 439/11/2 443/11/2
f 440/8/2 441/8/2 444/8/2
f 443/1/2 440/1/2 444/1/2
f 442/8/2 443/8/2 445/8/2
f 437/8/2 442/8/2 445/8/2
f 443/8/2 444/8/2 445/8/2
f 444/8/2 441/8/2 446/8/2
f 445/8/2 444/8/2 446/8/2
f 445/11/2 446/11/2 447/11/2
f 447/11/2 446/11/2 448/11/2
f 447/1/2 448/1/2 449/1/2
f 449/1/2 448/1/2 450/1/2
f 451/10/2 452/10/2 454/10/2
f 452/8/2 453/8/2 455/8/2
f 454/10/2 452/10/2 455/10/2
f 454/3/2 455/3/2 456/3/2
f 455/8/2 453/8/2 457/8/2
f 456/3/2 455/3/2 457/3/2
f 457/8/2 453/8/2 458/8/2
f 458/8/2 453/8/2 459/8/2
f 460/10/2 461/10/2 463/10/2
f 461/8/2 462/8/2 464/8/2
f 463/10/2 461/10/2 464/10/2
f 463/3/2 464/3/2 465/3/2
f 464/8/2 462/8/2 466/8/2
f 465/3/2 464/3/2 466/3/2
f 466/8/2 462/8/2 467/8/2
f 467/8/2 462/8/2 468/8/2
f 469/10/2 470/10/2 472/10/2
f 470/8/2 471/8/2 473/8/2
f 472/10/2 470/10/2 473/10/2
f 472/3/2 473/3/2 474/3/2
f 473/8/2 471/8/2 475/8/2
f 474/3/2 473/3/2 475/3/2
f 475/8/2 471/8/2 476/8/2
f 476/8/2 471/8/2 477/8/2
f 478/11/2 479/11/2 480/11/2
f 480/11/2 479/11/2 481/11/2
f 482/10/2 483/10/2 484/10/2
f 484/10/2 483/10/2 485/10/2
f 486/10/2 487/10/2 489/10/2
f 489/10/2 487/10/2 490/10/2
f 488/8/2 489/8/2 490/8/2
f 490/10/2 487/10/2 491/10/2
f 488/8/2 490/8/2 492/8/2
f 490/3/2 491/3/2 492/3/2
f 492/3/2 491/3/2 493/3/2
f 488/8/2 492/8/2 494/8/2
f 494/8/2 492/8/2 495/8/2
f 496/8/2 497/8/2 499/8/2
f 497/10/2 498/10/2 499/10/2
f 499/10/2 498/10/2 500/10/2
f 496/8/2 499/8/2 501/8/2
f 499/6/2 500/6/2 501/6/2
f 501/6/2 500/6/2 502/6/2
f 496/8/2 501/8/2 503/8/2
f 503/8/2 501/8/2 504/8/2
f 505/8/2 506/8/2 508/8/2
f 506/10/2 507/10/2 508/10/2
f 508/10/2 507/10/2 509/10/2
f 505/8/2 508/8/2 510/8/2
f 508/6/2 509/6/2 510/6/2
f 510/6/2 509/6/2 511/6/2
f 505/8/2 510/8/2 512/8/2
f 512/8/2 510/8/2 513/8/2
f 514/10/2 515/10/2 516/10/2
f 516/10/2 515/10/2 517/10/2
f 516/3/2 517/3/2 518/3/2
f 518/3/2 517/3/2 519/3/2
f 520/10/2 521/10/2 522/10/2
f 522/10/2 521/10/2 523/10/2
f 522/3/2 523/3/2 524/3/2
f 524/3/2 523/3/2 525/3/2
f 526/10/2 527/10/2 528/10/2
f 528/10/2 527/10/2 529/10/2
f 528/3/2 529/3/2 530/3/2
f 530/3/2 529/3/2 531/3/2
f 532/10/2 533/10/2 534/10/2
f 534/10/2 533/10/2 535/10/2
f 536/8/2 537/8/2 538/8/2
f 538/8/2 537/8/2 539/8/2
f 540/10/2 541/10/2 542/10/2
f 542/10/2 541/10/2 543/10/2
f 542/6/2 543/6/2 544/6/2
f 544/6/2 543/6/2 545/6/2
f 546/10/2 547/10/2 548/10/2
f 548/10/2 547/10/2 549/10/2
f 548/6/2 549/6/2 550/6/2
f 550/6/2 549/6/2 551/6/2
f 552/8/2 553/8/2 555/8/2
f 553/10/2 554/10/2 555/10/2
f 555/10/2 554/10/2 556/10/2
f 552/8/2 555/8/2 557/8/2
f 555/6/2 556/6/2 557/6/2
f 557/6/2 556/6/2 558/6/2
f 552/8/2 557/8/2 559/8/2
f 559/8/2 557/8/2 560/8/2
f 561/7/2 562/7/2 563/7/2
f 563/7/2 562/7/2 564/7/2
f 565/8/2 566/8/2 568/8/2
f 566/10/2 567/10/2 568/10/2
f 568/10/2 567/10/2 569/10/2
f 565/8/2 568/8/2 570/8/2
f 568/6/2 569/6/2 570/6/2
f 570/6/2 569/6/2 571/6/2
f 565/8/2 570/8/2 572/8/2
f 572/8/2 570/8/2 573/8/2
f 574/8/2 575/8/2 576/8/2
f 576/8/2 575/8/2 577/8/2
f 578/7/2 579/7/2 580/7/2
f 580/7/2 579/7/2 581/7/2
f 582/4/2 583/4/2 584/4/2
f 584/4/2 583/4/2 585/4/2
f 586/10/2 587/10/2 588/10/2
f 588/10/2 587/10/2 589/10/2
f 588/7/2 589/7/2 591/7/2
f 589/7/2 590/7/2 591/7/2
f 591/7/2 590/7/2 592/7/2
f 593/10/2 594/10/2 595/10/2
f 595/10/2 594/10/2 596/10/2
f 597/10/2 598/10/2 600/10/2
f 598/8/2 599/8/2 601/8/2
f 600/10/2 598/10/2 601/10/2
f 600/3/2 601/3/2 602/3/2
f 601/8/2 599/8/2 603/8/2
f 602/3/2 601/3/2 603/3/2
f 603/8/2 599/8/2 604/8/2
f 604/8/2 599/8/2 605/8/2
f 606/10/2 607/10/2 609/10/2
f 609/10/2 607/10/2 611/10/2
f 607/8/2 608/8/2 612/8/2
f 611/10/2 607/10/2 612/10/2
f 610/3/2 611/3/2 613/3/2
f 611/3/2 612/3/2 613/3/2
f 612/8/2 608/8/2 614/8/2
f 613/3/2 612/3/2 614/3/2
f 614/8/2 608/8/2 615/8/2
f 615/8/2 608/8/2 616/8/2
f 617/10/2 618/10/2 620/10/2
f 618/8/2 619/8/2 621/8/2
f 620/10/2 618/10/2 621/10/2
f 620/3/2 621/3/2 622/3/2
f 621/8/2 619/8/2 623/8/2
f 622/3/2 621/3/2 623/3/2
f 623/8/2 619/8/2 624/8/2
f 624/8/2 619/8/2 625/8/2
f 626/10/2 627/10/2 628/10/2
f 628/10/2 627/10/2 629/10/2
f 628/6/2 629/6/2 630/6/2
f 630/6/2 629/6/2 631/6/2
f 632/10/2 633/10/2 634/10/2
f 634/10/2 633/10/2 635/10/2
f 634/6/2 635/6/2 636/6/2
f 636/6/2 635/6/2 637/6/2
f 638/10/2 639/10/2 640/10/2
f 640/10/2 639/10/2 641/10/2
f 640/3/2 641/3/2 642/3/2
f 642/3/2 641/3/2 643/3/2
f 644/8/2 645/8/2 646/8/2
f 646/8/2 645/8/2 647/8/2
f 648/11/2 649/11/2 650/11/2
f 650/11/2 649/11/2 651/11/2
f 652/8/2 653/8/2 654/8/2
f 654/8/2 653/8/2 655/8/2
f 656/10/2 657/10/2 658/10/2
f 658/10/2 657/10/2 659/10/2
f 658/3/2 659/3/2 660/3/2
f 660/3/2 659/3/2 661/3/2
f 662/10/2 663/10/2 664/10/2
f 664/10/2 663/10/2 665/10/2
f 664/3/2 665/3/2 666/3/2
f 666/3/2 665/3/2 667/3/2
f 668/10/2 669/10/2 670/10/2
f 670/10/2 669/10/2 671/10/2
f 670/3/2 671/3/2 672/3/2
f 672/3/2 671/3/2 673/3/2
f 674/4/2 675/4/2 677/4/2
f 675/1/2 676/1/2 677/1/2
f 677/1/2 676/1/2 678/1/2
f 674/4/2 677/4/2 679/4/2
f 677/4/2 678/4/2 679/4/2
f 679/4/2 678/4/2 680/4/2
f 681/6/2 682/6/2 684/6/2
f 682/11/2 683/11/2 685/11/2
f 684/6/2 682/6/2 685/6/2
f 684/11/2 685/11/2 686/11/2
f 685/11/2 683/11/2 687/11/2
f 686/11/2 685/11/2 687/11/2
f 688/7/2 689/7/2 690/7/2
f 690/7/2 689/7/2 691/7/2
f 692/7/2 693/7/2 694/7/2
f 694/7/2 693/7/2 695/7/2
f 696/7/2 697/7/2 698/7/2
f 696/7/2 698/7/2 699/7/2
f 696/7/2 699/7/2 700/7/2
f 700/7/2 699/7/2 701/7/2
f 702/8/2 703/8/2 705/8/2
f 705/8/2 703/8/2 706/8/2
f 704/8/2 705/8/2 706/8/2
f 706/8/2 703/8/2 707/8/2
f 708/8/2 709/8/2 710/8/2
f 710/8/2 709/8/2 711/8/2
f 704/8/2 706/8/2 712/8/2
f 704/8/2 712/8/2 714/8/2
f 712/8/2 713/8/2 714/8/2
f 714/8/2 713/8/2 715/8/2
f 715/8/2 713/8/2 716/8/2
f 714/7/2 715/7/2 718/7/2
f 716/8/2 717/8/2 719/8/2
f 718/7/2 715/7/2 719/7/2
f 715/8/2 716/8/2 719/8/2
f 719/8/2 717/8/2 720/8/2
f 718/11/2 719/11/2 721/11/2
f 719/7/2 720/7/2 722/7/2
f 721/11/2 719/11/2 722/11/2
f 720/8/2 717/8/2 723/8/2
f 722/7/2 720/7/2 723/7/2
f 723/8/2 717/8/2 724/8/2
f 721/8/2 722/8/2 725/8/2
f 722/11/2 723/11/2 725/11/2
f 723/7/2 724/7/2 726/7/2
f 725/11/2 723/11/2 726/11/2
f 726/7/2 724/7/2 727/7/2
f 725/8/2 726/8/2 728/8/2
f 726/11/2 727/11/2 728/11/2
f 728/11/2 727/11/2 729/11/2
f 721/8/2 725/8/2 730/8/2
f 725/8/2 728/8/2 730/8/2
f 728/8/2 729/8/2 730/8/2
f 730/8/2 729/8/2 731/8/2
f 732/8/2 733/8/2 734/8/2
f 734/8/2 733/8/2 735/8/2
f 721/8/2 730/8/2 736/8/2
f 731/8/2 729/8/2 737/8/2
f 721/8/2 736/8/2 738/8/2
f 737/8/2 729/8/2 741/8/2
f 738/8/2 739/8/2 742/8/2
f 740/8/2 741/8/2 743/8/2
f 738/8/2 742/8/2 744/8/2
f 742/8/2 743/8/2 744/8/2
f 721/8/2 738/8/2 744/8/2
f 744/8/2 743/8/2 745/8/2
f 744/1/2 745/1/2 746/1/2
f 745/8/2 743/8/2 747/8/2
f 746/1/2 745/1/2 747/1/2
f 747/8/2 743/8/2 748/8/2
f 746/11/2 747/11/2 749/11/2
f 747/1/2 748/1/2 750/1/2
f 749/11/2 747/11/2 750/11/2
f 748/8/2 743/8/2 751/8/2
f 750/1/2 748/1/2 751/1/2
f 743/8/2 741/8/2 752/8/2
f 751/8/2 743/8/2 752/8/2
f 741/8/2 729/8/2 752/8/2
f 750/11/2 751/11/2 753/11/2
f 749/8/2 750/8/2 753/8/2
f 751/1/2 752/1/2 754/1/2
f 753/11/2 751/11/2 754/11/2
f 752/8/2 729/8/2 755/8/2
f 754/1/2 752/1/2 755/1/2
f 755/8/2 729/8/2 756/8/2
f 753/8/2 754/8/2 757/8/2
f 754/11/2 755/11/2 757/11/2
f 755/1/2 756/1/2 758/1/2
f 757/11/2 755/11/2 758/11/2
f 758/1/2 756/1/2 759/1/2
f 757/8/2 758/8/2 760/8/2
f 758/11/2 759/11/2 760/11/2
f 760/11/2 759/11/2 761/11/2
f 753/8/2 757/8/2 762/8/2
f 757/8/2 760/8/2 762/8/2
f 760/8/2 761/8/2 762/8/2
f 762/8/2 761/8/2 763/8/2
f 763/8/2 761/8/2 764/8/2
f 753/8/2 762/8/2 769/8/2
f 763/8/2 764/8/2 770/8/2
f 764/8/2 765/8/2 770/8/2
f 770/8/2 765/8/2 771/8/2
f 765/11/2 766/11/2 772/11/2
f 771/8/2 765/8/2 772/8/2
f 766/1/2 767/1/2 773/1/2
f 772/11/2 766/11/2 773/11/2
f 767/8/2 768/8/2 774/8/2
f 773/1/2 767/1/2 774/1/2
f 753/8/2 769/8/2 775/8/2
f 749/8/2 753/8/2 775/8/2
f 775/8/2 769/8/2 776/8/2
f 776/8/2 769/8/2 777/8/2
f 770/8/2 771/8/2 780/8/2
f 779/3/2 780/3/2 781/3/2
f 780/8/2 771/8/2 782/8/2
f 781/3/2 780/3/2 782/3/2
f 781/8/2 782/8/2 783/8/2
f 782/8/2 771/8/2 783/8/2
f 771/11/2 772/11/2 784/11/2
f 783/8/2 771/8/2 784/8/2
f 772/1/2 773/1/2 785/1/2
f 784/11/2 772/11/2 785/11/2
f 773/8/2 774/8/2 786/8/2
f 785/1/2 773/1/2 786/1/2
f 777/8/2 778/8/2 787/8/2
f 776/8/2 777/8/2 787/8/2
f 781/8/2 783/8/2 788/8/2
f 788/8/2 783/8/2 789/8/2
f 787/8/2 788/8/2 789/8/2
f 783/11/2 784/11/2 790/11/2
f 789/8/2 783/8/2 790/8/2
f 784/1/2 785/1/2 791/1/2
f 790/11/2 784/11/2 791/11/2
f 785/8/2 786/8/2 792/8/2
f 791/1/2 785/1/2 792/1/2
f 775/11/2 776/11/2 793/11/2
f 787/8/2 789/8/2 794/8/2
f 793/11/2 776/11/2 794/11/2
f 776/8/2 787/8/2 794/8/2
f 789/11/2 790/11/2 795/11/2
f 794/8/2 789/8/2 795/8/2
f 790/1/2 791/1/2 796/1/2
f 795/11/2 790/11/2 796/11/2
f 791/8/2 792/8/2 797/8/2
f 796/1/2 791/1/2 797/1/2
f 774/8/2 768/8/2 798/8/2
f 797/8/2 792/8/2 798/8/2
f 786/8/2 774/8/2 798/8/2
f 792/8/2 786/8/2 798/8/2
f 799/8/2 800/8/2 801/8/2
f 801/8/2 800/8/2 802/8/2
f 801/11/2 802/11/2 803/11/2
f 803/11/2 802/11/2 804/11/2
f 803/1/2 804/1/2 805/1/2
f 805/1/2 804/1/2 806/1/2
f 807/10/2 808/10/2 809/10/2
f 809/10/2 808/10/2 810/10/2
f 809/3/2 810/3/2 811/3/2
f 811/3/2 810/3/2 812/3/2
f 813/10/2 814/10/2 815/10/2
f 815/10/2 814/10/2 816/10/2
f 815/3/2 816/3/2 817/3/2
f 817/3/2 816/3/2 818/3/2
f 819/10/2 820/10/2 821/10/2
f 821/10/2 820/10/2 822/10/2
f 821/3/2 822/3/2 823/3/2
f 823/3/2 822/3/2 824/3/2
f 827/10/3 826/10/3 825/10/3
f 828/10/3 826/10/3 827/10/3
f 832/10/3 830/10/3 829/10/3
f 833/7/3 831/7/3 830/7/3
f 833/10/3 830/10/3 832/10/3
f 834/7/3 831/7/3 833/7/3
f 836/7/3 835/7/3 834/7/3
f 838/7/3 836/7/3 834/7/3
f 838/7/3 837/7/3 836/7/3
f 839/7/3 837/7/3 838/7/3
f 840/7/3 834/7/3 833/7/3
f 840/7/3 838/7/3 834/7/3
f 841/7/3 838/7/3 840/7/3
f 843/7/3 840/7/3 833/7/3
f 844/10/3 843/10/3 842/10/3
f 845/7/3 840/7/3 843/7/3
f 845/10/3 843/10/3 844/10/3
f 846/7/3 840/7/3 845/7/3
f 856/10/3 851/10/3 850/10/3
f 856/3/3 852/3/3 851/3/3
f 857/3/3 852/3/3 856/3/3
f 859/10/3 848/10/3 847/10/3
f 860/3/3 849/3/3 848/3/3
f 860/10/3 848/10/3 859/10/3
f 861/3/3 849/3/3 860/3/3
f 862/10/3 856/10/3 850/10/3
f 862/10/3 857/10/3 856/10/3
f 863/3/3 858/3/3 857/3/3
f 863/10/3 857/10/3 862/10/3
f 864/3/3 858/3/3 863/3/3
f 865/10/3 854/10/3 853/10/3
f 866/3/3 855/3/3 854/3/3
f 866/10/3 854/10/3 865/10/3
f 867/3/3 855/3/3 866/3/3
f 877/10/3 872/10/3 871/10/3
f 878/3/3 873/3/3 872/3/3
f 878/10/3 872/10/3 877/10/3
f 879/3/3 873/3/3 878/3/3
f 880/10/3 869/10/3 868/10/3
f 881/3/3 870/3/3 869/3/3
f 881/10/3 869/10/3 880/10/3
f 882/3/3 870/3/3 881/3/3
f 883/10/3 877/10/3 871/10/3
f 884/3/3 878/3/3 877/3/3
f 884/10/3 877/10/3 883/10/3
f 885/3/3 878/3/3 884/3/3
f 886/10/3 875/10/3 874/10/3
f 887/3/3 876/3/3 875/3/3
f 887/10/3 875/10/3 886/10/3
f 888/3/3 876/3/3 887/3/3
f 893/8/3 890/8/3 889/8/3
f 894/11/3 891/11/3 890/11/3
f 894/8/3 890/8/3 893/8/3
f 895/1/3 892/1/3 891/1/3
f 895/11/3 891/11/3 894/11/3
f 896/1/3 892/1/3 895/1/3
f 899/4/3 898/4/3 897/4/3
f 900/4/3 898/4/3 899/4/3
f 901/5/3 900/5/3 899/5/3
f 902/5/3 900/5/3 901/5/3
f 903/4/3 902/4/3 901/4/3
f 904/4/3 902/4/3 903/4/3
f 905/4/3 902/4/3 904/4/3
f 906/4/3 902/4/3 905/4/3
f 907/4/3 905/4/3 904/4/3
f 908/3/3 906/3/3 905/3/3
f 908/4/3 905/4/3 907/4/3
f 909/4/3 902/4/3 906/4/3
f 909/3/3 906/3/3 908/3/3
f 910/4/3 903/4/3 901/4/3
f 911/3/3 904/3/3 903/3/3
f 911/4/3 903/4/3 910/4/3
f 912/4/3 907/4/3 904/4/3
f 912/3/3 904/3/3 911/3/3
f 913/3/3 908/3/3 907/3/3
f 913/4/3 907/4/3 912/4/3
f 914/4/3 909/4/3 908/4/3
f 914/3/3 908/3/3 913/3/3
f 915/4/3 910/4/3 901/4/3
f 916/4/3 910/4/3 915/4/3
f 917/4/3 912/4/3 911/4/3
f 917/4/3 913/4/3 912/4/3
f 917/4/3 914/4/3 913/4/3
f 918/4/3 914/4/3 917/4/3
f 919/3/3 916/3/3 915/3/3
f 919/4/3 915/4/3 901/4/3
f 920/4/3 910/4/3 916/4/3
f 920/3/3 916/3/3 919/3/3
f 921/3/3 918/3/3 917/3/3
f 921/4/3 917/4/3 911/4/3
f 922/4/3 914/4/3 918/4/3
f 922/3/3 918/3/3 921/3/3
f 923/3/3 911/3/3 910/3/3
f 923/4/3 910/4/3 920/4/3
f 923/4/3 920/4/3 919/4/3
f 924/4/3 921/4/3 911/4/3
f 924/3/3 911/3/3 923/3/3
f 924/4/3 922/4/3 921/4/3
f 925/4/3 922/4/3 924/4/3
f 926/4/3 914/4/3 922/4/3
f 926/4/3 922/4/3 925/4/3
f 927/4/3 909/4/3 914/4/3
f 927/4/3 914/4/3 926/4/3
f 928/4/3 926/4/3 925/4/3
f 928/3/3 927/3/3 926/3/3
f 929/4/3 909/4/3 927/4/3
f 929/3/3 927/3/3 928/3/3
f 930/4/3 902/4/3 909/4/3
f 930/4/3 909/4/3 929/4/3
f 931/3/3 925/3/3 924/3/3
f 931/4/3 924/4/3 923/4/3
f 932/4/3 929/4/3 928/4/3
f 932/3/3 925/3/3 931/3/3
f 932/4/3 928/4/3 925/4/3
f 933/3/3 930/3/3 929/3/3
f 933/4/3 929/4/3 932/4/3
f 934/4/3 902/4/3 930/4/3
f 934/3/3 930/3/3 933/3/3
f 935/5/3 901/5/3 899/5/3
f 935/4/3 931/4/3 923/4/3
f 935/4/3 934/4/3 933/4/3
f 935/4/3 923/4/3 919/4/3
f 935/4/3 933/4/3 932/4/3
f 935/4/3 919/4/3 901/4/3
f 935/4/3 932/4/3 931/4/3
f 936/4/3 902/4/3 934/4/3
f 936/4/3 934/4/3 935/4/3
f 936/5/3 900/5/3 902/5/3
f 937/4/3 899/4/3 897/4/3
f 937/5/3 935/5/3 899/5/3
f 937/5/3 936/5/3 935/5/3
f 938/5/3 900/5/3 936/5/3
f 938/5/3 936/5/3 937/5/3
f 938/4/3 898/4/3 900/4/3
f 939/4/3 937/4/3 897/4/3
f 939/4/3 938/4/3 937/4/3
f 940/4/3 898/4/3 938/4/3
f 940/4/3 938/4/3 939/4/3
f 950/8/3 942/8/3 941/8/3
f 950/7/3 943/7/3 942/7/3
f 951/11/3 944/11/3 943/11/3
f 951/7/3 943/7/3 950/7/3
f 952/8/3 945/8/3 944/8/3
f 952/11/3 944/11/3 951/11/3
f 953/8/3 945/8/3 952/8/3
f 954/1/3 946/1/3 945/1/3
f 954/8/3 945/8/3 953/8/3
f 955/11/3 947/11/3 946/11/3
f 955/1/3 946/1/3 954/1/3
f 956/8/3 948/8/3 947/8/3
f 956/11/3 947/11/3 955/11/3
f 957/11/3 949/11/3 948/11/3
f 957/8/3 948/8/3 956/8/3
f 958/11/3 949/11/3 957/11/3
f 959/8/3 950/8/3 941/8/3
f 959/8/3 951/8/3 950/8/3
f 959/8/3 953/8/3 952/8/3
f 959/8/3 952/8/3 951/8/3
f 960/11/3 956/11/3 955/11/3
f 960/8/3 953/8/3 959/8/3
f 960/11/3 955/11/3 954/11/3
f 960/11/3 954/11/3 953/11/3
f 960/11/3 957/11/3 956/11/3
f 961/1/3 958/1/3 957/1/3
f 961/11/3 957/11/3 960/11/3
f 962/1/3 958/1/3 961/1/3
f 963/8/3 959/8/3 941/8/3
f 964/11/3 960/11/3 959/11/3
f 964/8/3 959/8/3 963/8/3
f 965/1/3 961/1/3 960/1/3
f 965/11/3 960/11/3 964/11/3
f 966/8/3 962/8/3 961/8/3
f 966/1/3 961/1/3 965/1/3
f 967/11/3 964/11/3 963/11/3
f 968/1/3 965/1/3 964/1/3
f 968/11/3 964/11/3 967/11/3
f 969/8/3 966/8/3 965/8/3
f 969/1/3 965/1/3 968/1/3
f 970/1/3 968/1/3 967/1/3
f 971/1/3 968/1/3 970/1/3
f 972/8/3 969/8/3 968/8/3
f 972/1/3 968/1/3 971/1/3
f 973/8/3 969/8/3 972/8/3
f 974/8/3 969/8/3 973/8/3
f 975/8/3 966/8/3 969/8/3
f 975/8/3 969/8/3 974/8/3
f 976/8/3 966/8/3 975/8/3
f 977/8/3 966/8/3 976/8/3
f 978/8/3 966/8/3 977/8/3
f 979/8/3 962/8/3 966/8/3
f 979/8/3 966/8/3 978/8/3
f 980/8/3 971/8/3 970/8/3
f 981/8/3 974/8/3 973/8/3
f 982/8/3 974/8/3 981/8/3
f 983/8/3 974/8/3 982/8/3
f 984/8/3 977/8/3 976/8/3
f 985/8/3 977/8/3 984/8/3
f 986/8/3 977/8/3 985/8/3
f 987/8/3 962/8/3 979/8/3
f 988/8/3 962/8/3 987/8/3
f 990/8/3 980/8/3 970/8/3
f 991/8/3 980/8/3 990/8/3
f 991/8/3 990/8/3 989/8/3
f 993/8/3 983/8/3 982/8/3
f 994/8/3 983/8/3 993/8/3
f 996/8/3 986/8/3 985/8/3
f 997/8/3 986/8/3 996/8/3
f 999/8/3 962/8/3 988/8/3
f 1000/8/3 991/8/3 989/8/3
f 1001/8/3 991/8/3 1000/8/3
f 1002/8/3 991/8/3 1001/8/3
f 1004/8/3 994/8/3 993/8/3
f 1004/8/3 993/8/3 992/8/3
f 1005/8/3 994/8/3 1004/8/3
f 1007/8/3 997/8/3 996/8/3
f 1007/8/3 996/8/3 995/8/3
f 1008/8/3 997/8/3 1007/8/3
f 1010/8/3 999/8/3 998/8/3
f 1011/8/3 1003/8/3 1002/8/3
f 1011/8/3 1010/8/3 1009/8/3
f 1011/8/3 1009/8/3 1008/8/3
f 1011/8/3 1006/8/3 1005/8/3
f 1011/8/3 1008/8/3 1007/8/3
f 1011/8/3 1007/8/3 1006/8/3
f 1011/8/3 1002/8/3 1001/8/3
f 1011/8/3 1004/8/3 1003/8/3
f 1011/8/3 1005/8/3 1004/8/3
f 1012/8/3 1010/8/3 1011/8/3
f 1013/8/3 1011/8/3 1001/8/3
f 1014/8/3 1011/8/3 1013/8/3
f 1015/8/3 1010/8/3 1012/8/3
f 1016/8/3 1010/8/3 1015/8/3
f 1017/8/3 1010/8/3 1016/8/3
f 1018/8/3 1010/8/3 1017/8/3
f 1019/8/3 1017/8/3 1016/8/3
f 1020/8/3 1017/8/3 1019/8/3
f 1022/8/3 1017/8/3 1020/8/3
f 1026/8/3 1022/8/3 1021/8/3
f 1027/8/3 1017/8/3 1022/8/3
f 1027/8/3 1022/8/3 1026/8/3
f 1028/8/3 1010/8/3 1018/8/3
f 1029/8/3 1024/8/3 1023/8/3
f 1030/8/3 1027/8/3 1026/8/3
f 1030/8/3 1026/8/3 1025/8/3
f 1030/8/3 1028/8/3 1027/8/3
f 1032/8/3 1029/8/3 1023/8/3
f 1032/8/3 1030/8/3 1029/8/3
f 1033/8/3 1028/8/3 1030/8/3
f 1033/8/3 1030/8/3 1032/8/3
f 1034/8/3 1028/8/3 1033/8/3
f 1035/8/3 1028/8/3 1034/8/3
f 1036/8/3 1028/8/3 1035/8/3
f 1037/8/3 1010/8/3 1028/8/3
f 1037/8/3 1028/8/3 1036/8/3
f 1038/8/3 1010/8/3 1037/8/3
f 1039/8/3 1010/8/3 1038/8/3
f 1040/8/3 1010/8/3 1039/8/3
f 1041/8/3 999/8/3 1010/8/3
f 1041/8/3 1010/8/3 1040/8/3
f 1042/8/3 1032/8/3 1031/8/3
f 1042/8/3 1033/8/3 1032/8/3
f 1043/8/3 1036/8/3 1035/8/3
f 1044/8/3 1036/8/3 1043/8/3
f 1045/8/3 1036/8/3 1044/8/3
f 1046/8/3 1039/8/3 1038/8/3
f 1047/8/3 1039/8/3 1046/8/3
f 1048/8/3 1039/8/3 1047/8/3
f 1049/8/3 999/8/3 1041/8/3
f 1050/8/3 962/8/3 999/8/3
f 1050/8/3 999/8/3 1049/8/3
f 1051/8/3 1042/8/3 1031/8/3
f 1052/8/3 1042/8/3 1051/8/3
f 1053/8/3 1042/8/3 1052/8/3
f 1055/8/3 1045/8/3 1044/8/3
f 1056/8/3 1045/8/3 1055/8/3
f 1058/8/3 1048/8/3 1047/8/3
f 1059/8/3 1048/8/3 1058/8/3
f 1061/8/3 962/8/3 1050/8/3
f 1062/8/3 1053/8/3 1052/8/3
f 1063/8/3 1053/8/3 1062/8/3
f 1065/8/3 1056/8/3 1055/8/3
f 1065/8/3 1055/8/3 1054/8/3
f 1066/8/3 1056/8/3 1065/8/3
f 1068/8/3 1059/8/3 1058/8/3
f 1068/8/3 1058/8/3 1057/8/3
f 1069/8/3 1059/8/3 1068/8/3
f 1071/8/3 1061/8/3 1060/8/3
f 1072/1/3 1064/1/3 1063/1/3
f 1072/1/3 1063/1/3 1062/1/3
f 1073/8/3 1071/8/3 1070/8/3
f 1073/1/3 1064/1/3 1072/1/3
f 1073/8/3 1070/8/3 1069/8/3
f 1073/8/3 1067/8/3 1066/8/3
f 1073/8/3 1069/8/3 1068/8/3
f 1073/8/3 1068/8/3 1067/8/3
f 1073/8/3 1066/8/3 1065/8/3
f 1073/8/3 1065/8/3 1064/8/3
f 1074/8/3 1071/8/3 1073/8/3
f 1075/11/3 1073/11/3 1072/11/3
f 1076/1/3 1074/1/3 1073/1/3
f 1076/11/3 1073/11/3 1075/11/3
f 1077/8/3 1071/8/3 1074/8/3
f 1077/1/3 1074/1/3 1076/1/3
f 1078/8/3 1061/8/3 1071/8/3
f 1078/8/3 1071/8/3 1077/8/3
f 1079/11/3 1077/11/3 1076/11/3
f 1079/8/3 1076/8/3 1075/8/3
f 1080/1/3 1078/1/3 1077/1/3
f 1080/11/3 1077/11/3 1079/11/3
f 1081/8/3 1061/8/3 1078/8/3
f 1081/1/3 1078/1/3 1080/1/3
f 1082/8/3 962/8/3 1061/8/3
f 1082/8/3 1061/8/3 1081/8/3
f 1083/8/3 1080/8/3 1079/8/3
f 1084/8/3 1080/8/3 1083/8/3
f 1085/8/3 1080/8/3 1084/8/3
f 1086/11/3 1081/11/3 1080/11/3
f 1086/8/3 1080/8/3 1085/8/3
f 1087/11/3 1081/11/3 1086/11/3
f 1088/11/3 1081/11/3 1087/11/3
f 1089/11/3 1081/11/3 1088/11/3
f 1090/1/3 1082/1/3 1081/1/3
f 1090/11/3 1081/11/3 1089/11/3
f 1091/1/3 1082/1/3 1090/1/3
f 1092/8/3 1079/8/3 1075/8/3
f 1092/8/3 1083/8/3 1079/8/3
f 1093/7/3 1084/7/3 1083/7/3
f 1093/8/3 1083/8/3 1092/8/3
f 1094/11/3 1085/11/3 1084/11/3
f 1094/7/3 1084/7/3 1093/7/3
f 1095/8/3 1086/8/3 1085/8/3
f 1095/11/3 1085/11/3 1094/11/3
f 1095/8/3 1087/8/3 1086/8/3
f 1096/1/3 1088/1/3 1087/1/3
f 1096/8/3 1087/8/3 1095/8/3
f 1097/11/3 1089/11/3 1088/11/3
f 1097/1/3 1088/1/3 1096/1/3
f 1098/8/3 1090/8/3 1089/8/3
f 1098/11/3 1089/11/3 1097/11/3
f 1099/11/3 1091/11/3 1090/11/3
f 1099/8/3 1090/8/3 1098/8/3
f 1100/11/3 1091/11/3 1099/11/3
f 1107/3/3 1102/3/3 1101/3/3
f 1108/3/3 1102/3/3 1107/3/3
f 1109/5/3 1104/5/3 1103/5/3
f 1110/5/3 1104/5/3 1109/5/3
f 1111/7/3 1106/7/3 1105/7/3
f 1112/7/3 1106/7/3 1111/7/3
f 1115/11/3 1114/11/3 1113/11/3
f 1116/11/3 1114/11/3 1115/11/3
f 1123/3/3 1118/3/3 1117/3/3
f 1124/3/3 1118/3/3 1123/3/3
f 1125/5/3 1120/5/3 1119/5/3
f 1126/5/3 1120/5/3 1125/5/3
f 1127/7/3 1122/7/3 1121/7/3
f 1128/7/3 1122/7/3 1127/7/3
f 1132/6/3 1130/6/3 1129/6/3
f 1133/11/3 1131/11/3 1130/11/3
f 1133/6/3 1130/6/3 1132/6/3
f 1134/11/3 1133/11/3 1132/11/3
f 1135/11/3 1131/11/3 1133/11/3
f 1135/11/3 1133/11/3 1134/11/3
f 1138/11/3 1137/11/3 1136/11/3
f 1139/11/3 1137/11/3 1138/11/3
f 1140/6/3 1139/6/3 1138/6/3
f 1141/11/3 1137/11/3 1139/11/3
f 1141/6/3 1139/6/3 1140/6/3
f 1142/11/3 1137/11/3 1141/11/3
f 1146/10/3 1144/10/3 1143/10/3
f 1147/3/3 1145/3/3 1144/3/3
f 1147/10/3 1144/10/3 1146/10/3
f 1148/3/3 1145/3/3 1147/3/3
f 1152/10/3 1150/10/3 1149/10/3
f 1153/3/3 1151/3/3 1150/3/3
f 1153/10/3 1150/10/3 1152/10/3
f 1154/3/3 1151/3/3 1153/3/3
f 1158/10/3 1156/10/3 1155/10/3
f 1159/3/3 1157/3/3 1156/3/3
f 1159/10/3 1156/10/3 1158/10/3
f 1160/3/3 1157/3/3 1159/3/3
f 1164/10/3 1162/10/3 1161/10/3
f 1165/3/3 1163/3/3 1162/3/3
f 1165/10/3 1162/10/3 1164/10/3
f 1166/3/3 1163/3/3 1165/3/3
f 1169/8/3 1168/8/3 1167/8/3
f 1170/8/3 1168/8/3 1169/8/3
f 1173/8/3 1172/8/3 1171/8/3
f 1174/8/3 1172/8/3 1173/8/3
f 1178/10/3 1176/10/3 1175/10/3
f 1178/3/3 1177/3/3 1176/3/3
f 1179/3/3 1177/3/3 1178/3/3
f 1180/10/3 1178/10/3 1175/10/3
f 1180/10/3 1179/10/3 1178/10/3
f 1181/10/3 1179/10/3 1180/10/3
f 1184/10/3 1183/10/3 1182/10/3
f 1185/10/3 1183/10/3 1184/10/3
f 1186/10/3 1184/10/3 1182/10/3
f 1187/3/3 1185/3/3 1184/3/3
f 1187/10/3 1184/10/3 1186/10/3
f 1188/3/3 1185/3/3 1187/3/3
f 1192/10/3 1190/10/3 1189/10/3
f 1193/10/3 1190/10/3 1192/10/3
f 1194/3/3 1191/3/3 1190/3/3
f 1194/10/3 1190/10/3 1193/10/3
f 1195/3/3 1191/3/3 1194/3/3
f 1197/8/3 1196/8/3 1195/8/3
f 1197/8/3 1195/8/3 1194/8/3
f 1197/8/3 1194/8/3 1193/8/3
f 1198/8/3 1196/8/3 1197/8/3
f 1202/8/3 1200/8/3 1199/8/3
f 1203/8/3 1200/8/3 1202/8/3
f 1204/8/3 1200/8/3 1203/8/3
f 1205/8/3 1200/8/3 1204/8/3
f 1206/10/3 1202/10/3 1201/10/3
f 1206/10/3 1203/10/3 1202/10/3
f 1207/3/3 1204/3/3 1203/3/3
f 1207/10/3 1203/10/3 1206/10/3
f 1208/3/3 1204/3/3 1207/3/3
f 1212/10/3 1210/10/3 1209/10/3
f 1213/3/3 1211/3/3 1210/3/3
f 1213/10/3 1210/10/3 1212/10/3
f 1214/3/3 1211/3/3 1213/3/3
f 1217/8/3 1213/8/3 1212/8/3
f 1217/8/3 1214/8/3 1213/8/3
f 1218/3/3 1215/3/3 1214/3/3
f 1218/8/3 1214/8/3 1217/8/3
f 1219/8/3 1216/8/3 1215/8/3
f 1219/3/3 1215/3/3 1218/3/3
f 1220/8/3 1216/8/3 1219/8/3
f 1225/8/3 1222/8/3 1221/8/3
f 1226/8/3 1222/8/3 1225/8/3
f 1227/3/3 1223/3/3 1222/3/3
f 1227/8/3 1222/8/3 1226/8/3
f 1228/8/3 1224/8/3 1223/8/3
f 1228/3/3 1223/3/3 1227/3/3
f 1229/8/3 1224/8/3 1228/8/3
f 1230/10/3 1226/10/3 1225/10/3
f 1231/3/3 1227/3/3 1226/3/3
f 1231/10/3 1226/10/3 1230/10/3
f 1232/3/3 1227/3/3 1231/3/3
f 1235/11/3 1234/11/3 1233/11/3
f 1236/11/3 1234/11/3 1235/11/3
f 1237/11/3 1234/11/3 1236/11/3
f 1238/11/3 1234/11/3 1237/11/3
f 1239/1/3 1238/1/3 1237/1/3
f 1240/1/3 1238/1/3 1239/1/3
f 1241/11/3 1240/11/3 1239/11/3
f 1242/11/3 1240/11/3 1241/11/3
f 1243/11/3 1241/11/3 1239/11/3
f 1244/6/3 1242/6/3 1241/6/3
f 1244/11/3 1241/11/3 1243/11/3
f 1245/6/3 1242/6/3 1244/6/3
f 1246/11/3 1240/11/3 1242/11/3
f 1246/6/3 1242/6/3 1245/6/3
f 1247/11/3 1240/11/3 1246/11/3
f 1248/6/3 1245/6/3 1244/6/3
f 1248/11/3 1243/11/3 1239/11/3
f 1248/6/3 1244/6/3 1243/6/3
f 1249/11/3 1246/11/3 1245/11/3
f 1249/6/3 1245/6/3 1248/6/3
f 1250/11/3 1246/11/3 1249/11/3
f 1251/11/3 1240/11/3 1247/11/3
f 1251/6/3 1247/6/3 1246/6/3
f 1252/11/3 1240/11/3 1251/11/3
f 1253/6/3 1250/6/3 1249/6/3
f 1253/11/3 1249/11/3 1248/11/3
f 1254/11/3 1246/11/3 1250/11/3
f 1254/6/3 1250/6/3 1253/6/3
f 1255/6/3 1252/6/3 1251/6/3
f 1255/11/3 1246/11/3 1254/11/3
f 1255/6/3 1251/6/3 1246/6/3
f 1256/11/3 1240/11/3 1252/11/3
f 1256/6/3 1252/6/3 1255/6/3
f 1257/1/3 1238/1/3 1240/1/3
f 1257/11/3 1240/11/3 1256/11/3
f 1258/6/3 1255/6/3 1254/6/3
f 1258/11/3 1254/11/3 1253/11/3
f 1259/11/3 1256/11/3 1255/11/3
f 1259/6/3 1255/6/3 1258/6/3
f 1260/11/3 1256/11/3 1259/11/3
f 1261/11/3 1258/11/3 1253/11/3
f 1261/11/3 1253/11/3 1248/11/3
f 1261/11/3 1259/11/3 1258/11/3
f 1262/6/3 1260/6/3 1259/6/3
f 1262/11/3 1259/11/3 1261/11/3
f 1263/11/3 1256/11/3 1260/11/3
f 1263/6/3 1260/6/3 1262/6/3
f 1264/11/3 1256/11/3 1263/11/3
f 1265/6/3 1257/6/3 1256/6/3
f 1265/11/3 1256/11/3 1264/11/3
f 1266/1/3 1238/1/3 1257/1/3
f 1266/6/3 1257/6/3 1265/6/3
f 1267/11/3 1261/11/3 1248/11/3
f 1267/11/3 1248/11/3 1239/11/3
f 1268/9/3 1262/9/3 1261/9/3
f 1268/11/3 1261/11/3 1267/11/3
f 1269/11/3 1263/11/3 1262/11/3
f 1269/9/3 1262/9/3 1268/9/3
f 1270/6/3 1264/6/3 1263/6/3
f 1270/11/3 1263/11/3 1269/11/3
f 1271/11/3 1265/11/3 1264/11/3
f 1271/6/3 1264/6/3 1270/6/3
f 1271/11/3 1266/11/3 1265/11/3
f 1272/1/3 1238/1/3 1266/1/3
f 1272/11/3 1266/11/3 1271/11/3
f 1273/11/3 1267/11/3 1239/11/3
f 1274/9/3 1268/9/3 1267/9/3
f 1274/11/3 1267/11/3 1273/11/3
f 1275/9/3 1268/9/3 1274/9/3
f 1276/11/3 1270/11/3 1269/11/3
f 1276/9/3 1268/9/3 1275/9/3
f 1276/11/3 1269/11/3 1268/11/3
f 1277/11/3 1270/11/3 1276/11/3
f 1278/11/3 1270/11/3 1277/11/3
f 1279/7/3 1271/7/3 1270/7/3
f 1279/11/3 1270/11/3 1278/11/3
f 1279/7/3 1272/7/3 1271/7/3
f 1280/1/3 1238/1/3 1272/1/3
f 1280/7/3 1272/7/3 1279/7/3
f 1281/9/3 1275/9/3 1274/9/3
f 1281/9/3 1274/9/3 1273/9/3
f 1282/11/3 1277/11/3 1276/11/3
f 1282/9/3 1275/9/3 1281/9/3
f 1282/11/3 1276/11/3 1275/11/3
f 1283/6/3 1278/6/3 1277/6/3
f 1283/11/3 1277/11/3 1282/11/3
f 1284/11/3 1279/11/3 1278/11/3
f 1284/6/3 1278/6/3 1283/6/3
f 1285/6/3 1280/6/3 1279/6/3
f 1285/11/3 1279/11/3 1284/11/3
f 1286/11/3 1273/11/3 1239/11/3
f 1287/9/3 1281/9/3 1273/9/3
f 1287/11/3 1273/11/3 1286/11/3
f 1288/11/3 1283/11/3 1282/11/3
f 1288/9/3 1281/9/3 1287/9/3
f 1288/11/3 1282/11/3 1281/11/3
f 1288/11/3 1284/11/3 1283/11/3
f 1289/11/3 1284/11/3 1288/11/3
f 1290/11/3 1284/11/3 1289/11/3
f 1291/6/3 1285/6/3 1284/6/3
f 1291/11/3 1284/11/3 1290/11/3
f 1292/6/3 1280/6/3 1285/6/3
f 1292/6/3 1285/6/3 1291/6/3
f 1293/6/3 1280/6/3 1292/6/3
f 1294/1/3 1238/1/3 1280/1/3
f 1294/6/3 1280/6/3 1293/6/3
f 1295/1/3 1290/1/3 1289/1/3
f 1295/11/3 1291/11/3 1290/11/3
f 1295/11/3 1292/11/3 1291/11/3
f 1296/6/3 1293/6/3 1292/6/3
f 1296/11/3 1292/11/3 1295/11/3
f 1297/1/3 1239/1/3 1237/1/3
f 1297/11/3 1286/11/3 1239/11/3
f 1298/9/3 1287/9/3 1286/9/3
f 1298/11/3 1286/11/3 1297/11/3
f 1299/11/3 1288/11/3 1287/11/3
f 1299/9/3 1287/9/3 1298/9/3
f 1299/11/3 1289/11/3 1288/11/3
f 1300/11/3 1289/11/3 1299/11/3
f 1301/11/3 1289/11/3 1300/11/3
f 1302/1/3 1295/1/3 1289/1/3
f 1302/6/3 1296/6/3 1295/6/3
f 1303/6/3 1296/6/3 1302/6/3
f 1304/11/3 1299/11/3 1298/11/3
f 1304/11/3 1300/11/3 1299/11/3
f 1305/1/3 1301/1/3 1300/1/3
f 1305/11/3 1300/11/3 1304/11/3
f 1306/11/3 1289/11/3 1301/11/3
f 1306/1/3 1301/1/3 1305/1/3
f 1307/1/3 1302/1/3 1289/1/3
f 1307/11/3 1289/11/3 1306/11/3
f 1308/11/3 1303/11/3 1302/11/3
f 1308/1/3 1302/1/3 1307/1/3
f 1309/6/3 1296/6/3 1303/6/3
f 1309/11/3 1303/11/3 1308/11/3
f 1310/6/3 1293/6/3 1296/6/3
f 1310/6/3 1296/6/3 1309/6/3
f 1310/11/3 1294/11/3 1293/11/3
f 1311/11/3 1294/11/3 1310/11/3
f 1312/1/3 1297/1/3 1237/1/3
f 1312/9/3 1298/9/3 1297/9/3
f 1313/11/3 1304/11/3 1298/11/3
f 1313/9/3 1298/9/3 1312/9/3
f 1314/11/3 1304/11/3 1313/11/3
f 1315/1/3 1305/1/3 1304/1/3
f 1315/11/3 1304/11/3 1314/11/3
f 1316/11/3 1309/11/3 1308/11/3
f 1316/1/3 1305/1/3 1315/1/3
f 1316/11/3 1306/11/3 1305/11/3
f 1316/11/3 1308/11/3 1307/11/3
f 1316/11/3 1310/11/3 1309/11/3
f 1316/11/3 1307/11/3 1306/11/3
f 1317/11/3 1314/11/3 1313/11/3
f 1317/11/3 1313/11/3 1312/11/3
f 1318/1/3 1315/1/3 1314/1/3
f 1318/11/3 1314/11/3 1317/11/3
f 1319/11/3 1316/11/3 1315/11/3
f 1319/1/3 1315/1/3 1318/1/3
f 1320/11/3 1310/11/3 1316/11/3
f 1320/11/3 1316/11/3 1319/11/3
f 1321/11/3 1294/11/3 1311/11/3
f 1321/6/3 1311/6/3 1310/6/3
f 1322/1/3 1238/1/3 1294/1/3
f 1322/11/3 1294/11/3 1321/11/3
f 1323/11/3 1317/11/3 1312/11/3
f 1323/7/3 1319/7/3 1318/7/3
f 1323/7/3 1318/7/3 1317/7/3
f 1324/7/3 1319/7/3 1323/7/3
f 1325/1/3 1320/1/3 1319/1/3
f 1325/7/3 1319/7/3 1324/7/3
f 1326/11/3 1310/11/3 1320/11/3
f 1326/1/3 1320/1/3 1325/1/3
f 1327/6/3 1321/6/3 1310/6/3
f 1327/6/3 1322/6/3 1321/6/3
f 1328/1/3 1238/1/3 1322/1/3
f 1328/6/3 1322/6/3 1327/6/3
f 1329/11/3 1324/11/3 1323/11/3
f 1329/1/3 1312/1/3 1237/1/3
f 1329/11/3 1323/11/3 1312/11/3
f 1330/11/3 1324/11/3 1329/11/3
f 1331/1/3 1325/1/3 1324/1/3
f 1331/11/3 1324/11/3 1330/11/3
f 1332/11/3 1326/11/3 1325/11/3
f 1332/1/3 1325/1/3 1331/1/3
f 1333/11/3 1310/11/3 1326/11/3
f 1333/11/3 1326/11/3 1332/11/3
f 1334/11/3 1332/11/3 1331/11/3
f 1334/11/3 1331/11/3 1330/11/3
f 1334/1/3 1333/1/3 1332/1/3
f 1335/11/3 1310/11/3 1333/11/3
f 1335/1/3 1333/1/3 1334/1/3
f 1336/11/3 1310/11/3 1335/11/3
f 1337/11/3 1310/11/3 1336/11/3
f 1338/11/3 1310/11/3 1337/11/3
f 1339/11/3 1310/11/3 1338/11/3
f 1340/6/3 1327/6/3 1310/6/3
f 1340/11/3 1310/11/3 1339/11/3
f 1341/11/3 1328/11/3 1327/11/3
f 1341/6/3 1327/6/3 1340/6/3
f 1342/9/3 1330/9/3 1329/9/3
f 1342/1/3 1329/1/3 1237/1/3
f 1343/11/3 1334/11/3 1330/11/3
f 1343/9/3 1330/9/3 1342/9/3
f 1343/11/3 1335/11/3 1334/11/3
f 1344/11/3 1335/11/3 1343/11/3
f 1345/1/3 1336/1/3 1335/1/3
f 1345/11/3 1335/11/3 1344/11/3
f 1346/11/3 1337/11/3 1336/11/3
f 1346/1/3 1336/1/3 1345/1/3
f 1347/11/3 1339/11/3 1338/11/3
f 1347/1/3 1338/1/3 1337/1/3
f 1348/6/3 1340/6/3 1339/6/3
f 1348/11/3 1339/11/3 1347/11/3
f 1349/1/3 1347/1/3 1337/1/3
f 1349/6/3 1348/6/3 1347/6/3
f 1350/6/3 1340/6/3 1348/6/3
f 1350/6/3 1348/6/3 1349/6/3
f 1351/9/3 1344/9/3 1343/9/3
f 1351/11/3 1343/11/3 1342/11/3
f 1352/11/3 1346/11/3 1345/11/3
f 1352/9/3 1344/9/3 1351/9/3
f 1352/11/3 1345/11/3 1344/11/3
f 1353/11/3 1346/11/3 1352/11/3
f 1354/11/3 1337/11/3 1346/11/3
f 1354/11/3 1346/11/3 1353/11/3
f 1354/1/3 1349/1/3 1337/1/3
f 1355/11/3 1350/11/3 1349/11/3
f 1355/1/3 1349/1/3 1354/1/3
f 1356/11/3 1350/11/3 1355/11/3
f 1357/6/3 1340/6/3 1350/6/3
f 1357/11/3 1350/11/3 1356/11/3
f 1358/11/3 1341/11/3 1340/11/3
f 1358/6/3 1340/6/3 1357/6/3
f 1359/11/3 1328/11/3 1341/11/3
f 1359/11/3 1341/11/3 1358/11/3
f 1359/1/3 1238/1/3 1328/1/3
f 1360/9/3 1353/9/3 1352/9/3
f 1360/11/3 1355/11/3 1354/11/3
f 1360/11/3 1356/11/3 1355/11/3
f 1360/11/3 1354/11/3 1353/11/3
f 1361/11/3 1356/11/3 1360/11/3
f 1362/11/3 1356/11/3 1361/11/3
f 1363/6/3 1358/6/3 1357/6/3
f 1363/11/3 1356/11/3 1362/11/3
f 1363/6/3 1357/6/3 1356/6/3
f 1363/6/3 1359/6/3 1358/6/3
f 1364/6/3 1359/6/3 1363/6/3
f 1365/9/3 1361/9/3 1360/9/3
f 1365/9/3 1360/9/3 1352/9/3
f 1365/11/3 1352/11/3 1351/11/3
f 1366/9/3 1361/9/3 1365/9/3
f 1367/11/3 1362/11/3 1361/11/3
f 1367/9/3 1361/9/3 1366/9/3
f 1368/11/3 1362/11/3 1367/11/3
f 1369/6/3 1363/6/3 1362/6/3
f 1369/11/3 1362/11/3 1368/11/3
f 1370/11/3 1364/11/3 1363/11/3
f 1370/6/3 1363/6/3 1369/6/3
f 1371/6/3 1359/6/3 1364/6/3
f 1371/11/3 1364/11/3 1370/11/3
f 1372/1/3 1238/1/3 1359/1/3
f 1372/6/3 1359/6/3 1371/6/3
f 1373/11/3 1366/11/3 1365/11/3
f 1373/9/3 1368/9/3 1367/9/3
f 1373/9/3 1367/9/3 1366/9/3
f 1374/11/3 1371/11/3 1370/11/3
f 1374/9/3 1368/9/3 1373/9/3
f 1374/11/3 1370/11/3 1369/11/3
f 1374/11/3 1369/11/3 1368/11/3
f 1375/11/3 1371/11/3 1374/11/3
f 1376/7/3 1372/7/3 1371/7/3
f 1376/11/3 1371/11/3 1375/11/3
f 1377/7/3 1372/7/3 1376/7/3
f 1378/1/3 1238/1/3 1372/1/3
f 1378/7/3 1372/7/3 1377/7/3
f 1379/9/3 1375/9/3 1374/9/3
f 1379/11/3 1374/11/3 1373/11/3
f 1380/11/3 1376/11/3 1375/11/3
f 1380/9/3 1375/9/3 1379/9/3
f 1381/6/3 1377/6/3 1376/6/3
f 1381/11/3 1376/11/3 1380/11/3
f 1382/11/3 1378/11/3 1377/11/3
f 1382/6/3 1377/6/3 1381/6/3
f 1383/11/3 1378/11/3 1382/11/3
f 1384/1/3 1238/1/3 1378/1/3
f 1384/11/3 1378/11/3 1383/11/3
f 1385/11/3 1380/11/3 1379/11/3
f 1386/6/3 1381/6/3 1380/6/3
f 1386/11/3 1380/11/3 1385/11/3
f 1387/11/3 1383/11/3 1382/11/3
f 1387/6/3 1381/6/3 1386/6/3
f 1387/11/3 1382/11/3 1381/11/3
f 1388/11/3 1385/11/3 1379/11/3
f 1388/11/3 1379/11/3 1373/11/3
f 1389/6/3 1386/6/3 1385/6/3
f 1389/11/3 1385/11/3 1388/11/3
f 1390/11/3 1387/11/3 1386/11/3
f 1390/6/3 1386/6/3 1389/6/3
f 1391/11/3 1383/11/3 1387/11/3
f 1391/11/3 1387/11/3 1390/11/3
f 1391/6/3 1384/6/3 1383/6/3
f 1392/1/3 1238/1/3 1384/1/3
f 1392/6/3 1384/6/3 1391/6/3
f 1393/11/3 1388/11/3 1373/11/3
f 1394/6/3 1389/6/3 1388/6/3
f 1394/11/3 1388/11/3 1393/11/3
f 1395/11/3 1390/11/3 1389/11/3
f 1395/6/3 1389/6/3 1394/6/3
f 1396/6/3 1391/6/3 1390/6/3
f 1397/11/3 1392/11/3 1391/11/3
f 1397/6/3 1391/6/3 1396/6/3
f 1398/6/3 1394/6/3 1393/6/3
f 1398/11/3 1393/11/3 1373/11/3
f 1399/6/3 1394/6/3 1398/6/3
f 1400/11/3 1395/11/3 1394/11/3
f 1400/6/3 1394/6/3 1399/6/3
f 1401/11/3 1390/11/3 1395/11/3
f 1401/11/3 1395/11/3 1400/11/3
f 1401/6/3 1396/6/3 1390/6/3
f 1402/11/3 1397/11/3 1396/11/3
f 1402/6/3 1396/6/3 1401/6/3
f 1403/6/3 1400/6/3 1399/6/3
f 1403/6/3 1401/6/3 1400/6/3
f 1403/11/3 1399/11/3 1398/11/3
f 1404/11/3 1402/11/3 1401/11/3
f 1404/6/3 1401/6/3 1403/6/3
f 1405/11/3 1373/11/3 1365/11/3
f 1405/1/3 1342/1/3 1237/1/3
f 1405/11/3 1404/11/3 1403/11/3
f 1405/11/3 1398/11/3 1373/11/3
f 1405/11/3 1403/11/3 1398/11/3
f 1405/11/3 1365/11/3 1351/11/3
f 1405/11/3 1351/11/3 1342/11/3
f 1406/11/3 1402/11/3 1404/11/3
f 1406/11/3 1404/11/3 1405/11/3
f 1406/11/3 1397/11/3 1402/11/3
f 1406/1/3 1238/1/3 1392/1/3
f 1406/11/3 1392/11/3 1397/11/3
f 1408/11/3 1237/11/3 1236/11/3
f 1409/1/3 1405/1/3 1237/1/3
f 1409/1/3 1406/1/3 1405/1/3
f 1409/11/3 1237/11/3 1408/11/3
f 1410/11/3 1234/11/3 1238/11/3
f 1410/1/3 1406/1/3 1409/1/3
f 1410/1/3 1238/1/3 1406/1/3
f 1411/11/3 1409/11/3 1408/11/3
f 1411/11/3 1408/11/3 1407/11/3
f 1411/11/3 1410/11/3 1409/11/3
f 1412/11/3 1234/11/3 1410/11/3
f 1412/11/3 1410/11/3 1411/11/3
f 1416/10/3 1414/10/3 1413/10/3
f 1416/3/3 1415/3/3 1414/3/3
f 1417/3/3 1415/3/3 1416/3/3
f 1418/10/3 1416/10/3 1413/10/3
f 1418/10/3 1417/10/3 1416/10/3
f 1419/10/3 1417/10/3 1418/10/3
f 1422/10/3 1421/10/3 1420/10/3
f 1423/10/3 1421/10/3 1422/10/3
f 1424/10/3 1422/10/3 1420/10/3
f 1425/3/3 1423/3/3 1422/3/3
f 1425/10/3 1422/10/3 1424/10/3
f 1426/3/3 1423/3/3 1425/3/3
f 1431/8/3 1428/8/3 1427/8/3
f 1432/11/3 1429/11/3 1428/11/3
f 1432/8/3 1428/8/3 1431/8/3
f 1433/1/3 1430/1/3 1429/1/3
f 1433/11/3 1429/11/3 1432/11/3
f 1434/1/3 1430/1/3 1433/1/3
f 1441/10/3 1439/10/3 1438/10/3
f 1442/6/3 1440/6/3 1439/6/3
f 1442/10/3 1439/10/3 1441/10/3
f 1443/6/3 1440/6/3 1442/6/3
f 1447/10/3 1445/10/3 1444/10/3
f 1448/6/3 1446/6/3 1445/6/3
f 1448/10/3 1445/10/3 1447/10/3
f 1449/6/3 1446/6/3 1448/6/3
f 1450/10/3 1436/10/3 1435/10/3
f 1451/3/3 1437/3/3 1436/3/3
f 1451/10/3 1436/10/3 1450/10/3
f 1452/3/3 1437/3/3 1451/3/3
f 1456/10/3 1454/10/3 1453/10/3
f 1457/6/3 1455/6/3 1454/6/3
f 1457/10/3 1454/10/3 1456/10/3
f 1458/6/3 1455/6/3 1457/6/3
f 1462/10/3 1460/10/3 1459/10/3
f 1463/6/3 1461/6/3 1460/6/3
f 1463/10/3 1460/10/3 1462/10/3
f 1464/6/3 1461/6/3 1463/6/3
f 1465/10/4 1466/10/4 1467/10/4
f 1467/10/4 1466/10/4 1468/10/4
f 1469/10/4 1470/10/4 1471/10/4
f 1471/10/4 1470/10/4 1472/10/4
f 1473/10/4 1474/10/4 1482/10/4
f 1474/3/4 1475/3/4 1483/3/4
f 1482/10/4 1474/10/4 1483/10/4
f 1483/3/4 1475/3/4 1484/3/4
f 1476/10/4 1477/10/4 1485/10/4
f 1477/3/4 1478/3/4 1486/3/4
f 1485/10/4 1477/10/4 1486/10/4
f 1486/3/4 1478/3/4 1487/3/4
f 1479/10/4 1480/10/4 1488/10/4
f 1480/3/4 1481/3/4 1489/3/4
f 1488/10/4 1480/10/4 1489/10/4
f 1489/3/4 1481/3/4 1490/3/4
f 1491/10/4 1492/10/4 1500/10/4
f 1492/3/4 1493/3/4 1501/3/4
f 1500/10/4 1492/10/4 1501/10/4
f 1501/3/4 1493/3/4 1502/3/4
f 1494/10/4 1495/10/4 1503/10/4
f 1495/3/4 1496/3/4 1504/3/4
f 1503/10/4 1495/10/4 1504/10/4
f 1504/3/4 1496/3/4 1505/3/4
f 1497/10/4 1498/10/4 1506/10/4
f 1498/3/4 1499/3/4 1507/3/4
f 1506/10/4 1498/10/4 1507/10/4
f 1507/3/4 1499/3/4 1508/3/4
f 1509/10/4 1510/10/4 1512/10/4
f 1512/10/4 1510/10/4 1513/10/4
f 1510/3/4 1511/3/4 1514/3/4
f 1513/10/4 1510/10/4 1514/10/4
f 1514/3/4 1511/3/4 1515/3/4
f 1515/8/4 1516/8/4 1517/8/4
f 1514/8/4 1515/8/4 1517/8/4
f 1513/8/4 1514/8/4 1517/8/4
f 1517/8/4 1516/8/4 1518/8/4
f 1519/8/4 1520/8/4 1525/8/4
f 1520/11/4 1521/11/4 1526/11/4
f 1525/8/4 1520/8/4 1526/8/4
f 1521/1/4 1522/1/4 1527/1/4
f 1526/11/4 1521/11/4 1527/11/4
f 1527/1/4 1522/1/4 1528/1/4
f 1523/8/4 1524/8/4 1530/8/4
f 1530/8/4 1524/8/4 1531/8/4
f 1531/8/4 1524/8/4 1532/8/4
f 1532/8/4 1524/8/4 1533/8/4
f 1529/10/4 1530/10/4 1534/10/4
f 1530/10/4 1531/10/4 1534/10/4
f 1531/3/4 1532/3/4 1535/3/4
f 1534/10/4 1531/10/4 1535/10/4
f 1535/3/4 1532/3/4 1536/3/4
f 1537/10/4 1538/10/4 1540/10/4
f 1538/3/4 1539/3/4 1541/3/4
f 1540/10/4 1538/10/4 1541/10/4
f 1541/3/4 1539/3/4 1542/3/4
f 1540/8/4 1541/8/4 1544/8/4
f 1542/8/4 1543/8/4 1544/8/4
f 1541/8/4 1542/8/4 1544/8/4
f 1544/8/4 1543/8/4 1545/8/4
f 1546/8/4 1547/8/4 1548/8/4
f 1548/8/4 1547/8/4 1549/8/4
f 1549/8/4 1547/8/4 1550/8/4
f 1550/8/4 1547/8/4 1551/8/4
f 1548/10/4 1549/10/4 1552/10/4
f 1549/3/4 1550/3/4 1553/3/4
f 1552/10/4 1549/10/4 1553/10/4
f 1553/3/4 1550/3/4 1554/3/4
f 1555/10/4 1556/10/4 1558/10/4
f 1556/3/4 1557/3/4 1558/3/4
f 1558/3/4 1557/3/4 1559/3/4
f 1555/10/4 1558/10/4 1560/10/4
f 1558/10/4 1559/10/4 1560/10/4
f 1560/10/4 1559/10/4 1561/10/4
f 1561/10/4 1559/10/4 1562/10/4
f 1561/8/4 1562/8/4 1564/8/4
f 1562/8/4 1563/8/4 1564/8/4
f 1564/8/4 1563/8/4 1565/8/4
f 1566/8/4 1567/8/4 1569/8/4
f 1569/8/4 1567/8/4 1570/8/4
f 1570/8/4 1567/8/4 1571/8/4
f 1568/10/4 1569/10/4 1572/10/4
f 1569/10/4 1570/10/4 1572/10/4
f 1572/10/4 1570/10/4 1573/10/4
f 1568/10/4 1572/10/4 1574/10/4
f 1572/3/4 1573/3/4 1575/3/4
f 1574/10/4 1572/10/4 1575/10/4
f 1575/3/4 1573/3/4 1576/3/4
f 1577/10/4 1578/10/4 1580/10/4
f 1578/3/4 1579/3/4 1581/3/4
f 1580/10/4 1578/10/4 1581/10/4
f 1581/3/4 1579/3/4 1582/3/4
f 1583/10/4 1584/10/4 1586/10/4
f 1584/3/4 1585/3/4 1587/3/4
f 1586/10/4 1584/10/4 1587/10/4
f 1587/3/4 1585/3/4 1588/3/4
f 1589/10/4 1590/10/4 1592/10/4
f 1590/3/4 1591/3/4 1593/3/4
f 1592/10/4 1590/10/4 1593/10/4
f 1593/3/4 1591/3/4 1594/3/4
f 1595/10/4 1596/10/4 1598/10/4
f 1596/3/4 1597/3/4 1599/3/4
f 1598/10/4 1596/10/4 1599/10/4
f 1599/3/4 1597/3/4 1600/3/4
f 1601/11/4 1602/11/4 1603/11/4
f 1603/11/4 1602/11/4 1604/11/4
f 1604/11/4 1602/11/4 1606/11/4
f 1605/11/4 1606/11/4 1607/11/4
f 1606/11/4 1602/11/4 1608/11/4
f 1607/11/4 1606/11/4 1608/11/4
f 1609/8/4 1610/8/4 1621/8/4
f 1610/8/4 1611/8/4 1621/8/4
f 1611/8/4 1612/8/4 1621/8/4
f 1613/8/4 1614/8/4 1622/8/4
f 1614/7/4 1615/7/4 1623/7/4
f 1622/8/4 1614/8/4 1623/8/4
f 1615/11/4 1616/11/4 1624/11/4
f 1623/7/4 1615/7/4 1624/7/4
f 1616/8/4 1617/8/4 1625/8/4
f 1624/11/4 1616/11/4 1625/11/4
f 1617/1/4 1618/1/4 1626/1/4
f 1625/8/4 1617/8/4 1626/8/4
f 1618/11/4 1619/11/4 1627/11/4
f 1626/1/4 1618/1/4 1627/1/4
f 1619/8/4 1620/8/4 1628/8/4
f 1627/11/4 1619/11/4 1628/11/4
f 1609/8/4 1621/8/4 1629/8/4
f 1621/7/4 1622/7/4 1629/7/4
f 1626/8/4 1627/8/4 1630/8/4
f 1629/7/4 1622/7/4 1630/7/4
f 1625/8/4 1626/8/4 1630/8/4
f 1624/8/4 1625/8/4 1630/8/4
f 1623/8/4 1624/8/4 1630/8/4
f 1622/8/4 1623/8/4 1630/8/4
f 1627/8/4 1628/8/4 1630/8/4
f 1609/8/4 1629/8/4 1631/8/4
f 1629/8/4 1630/8/4 1631/8/4
f 1630/8/4 1628/8/4 1632/8/4
f 1631/8/4 1630/8/4 1632/8/4
f 1628/8/4 1620/8/4 1632/8/4
f 1633/8/4 1634/8/4 1635/8/4
f 1635/8/4 1634/8/4 1636/8/4
f 1633/8/4 1635/8/4 1637/8/4
f 1635/7/4 1636/7/4 1637/7/4
f 1636/8/4 1634/8/4 1638/8/4
f 1637/7/4 1636/7/4 1638/7/4
f 1638/8/4 1634/8/4 1639/8/4
f 1639/8/4 1634/8/4 1640/8/4
f 1640/8/4 1634/8/4 1641/8/4
f 1641/8/4 1634/8/4 1642/8/4
f 1642/8/4 1634/8/4 1643/8/4
f 1643/8/4 1634/8/4 1644/8/4
f 1633/8/4 1637/8/4 1645/8/4
f 1645/8/4 1637/8/4 1646/8/4
f 1646/8/4 1637/8/4 1647/8/4
f 1647/8/4 1637/8/4 1648/8/4
f 1638/8/4 1639/8/4 1649/8/4
f 1639/7/4 1640/7/4 1650/7/4
f 1649/8/4 1639/8/4 1650/8/4
f 1640/11/4 1641/11/4 1651/11/4
f 1650/7/4 1640/7/4 1651/7/4
f 1641/8/4 1642/8/4 1652/8/4
f 1651/11/4 1641/11/4 1652/11/4
f 1642/1/4 1643/1/4 1653/1/4
f 1652/8/4 1642/8/4 1653/8/4
f 1643/11/4 1644/11/4 1654/11/4
f 1653/1/4 1643/1/4 1654/1/4
f 1644/8/4 1634/8/4 1655/8/4
f 1654/11/4 1644/11/4 1655/11/4
f 1655/8/4 1634/8/4 1656/8/4
f 1657/10/4 1658/10/4 1660/10/4
f 1658/3/4 1659/3/4 1660/3/4
f 1660/3/4 1659/3/4 1661/3/4
f 1657/10/4 1660/10/4 1662/10/4
f 1660/10/4 1661/10/4 1662/10/4
f 1662/10/4 1661/10/4 1663/10/4
f 1664/10/4 1665/10/4 1666/10/4
f 1666/10/4 1665/10/4 1667/10/4
f 1664/10/4 1666/10/4 1668/10/4
f 1666/3/4 1667/3/4 1669/3/4
f 1668/10/4 1666/10/4 1669/10/4
f 1669/3/4 1667/3/4 1670/3/4
f 1671/1/4 1672/1/4 1674/1/4
f 1672/4/4 1673/4/4 1675/4/4
f 1674/1/4 1672/1/4 1675/1/4
f 1674/4/4 1675/4/4 1676/4/4
f 1675/4/4 1673/4/4 1677/4/4
f 1676/4/4 1675/4/4 1677/4/4
f 1678/4/4 1679/4/4 1680/4/4
f 1680/4/4 1679/4/4 1681/4/4
f 1680/1/4 1681/1/4 1682/1/4
f 1681/4/4 1679/4/4 1683/4/4
f 1682/1/4 1681/1/4 1683/1/4
f 1683/4/4 1679/4/4 1684/4/4
f 1685/2/4 1686/2/4 1691/2/4
f 1691/2/4 1686/2/4 1692/2/4
f 1687/2/4 1688/2/4 1693/2/4
f 1693/2/4 1688/2/4 1694/2/4
f 1689/2/4 1690/2/4 1695/2/4
f 1695/2/4 1690/2/4 1696/2/4
f 1697/2/4 1698/2/4 1703/2/4
f 1703/2/4 1698/2/4 1704/2/4
f 1699/2/4 1700/2/4 1705/2/4
f 1705/2/4 1700/2/4 1706/2/4
f 1701/2/4 1702/2/4 1707/2/4
f 1707/2/4 1702/2/4 1708/2/4
f 1709/8/4 1710/8/4 1712/8/4
f 1711/8/4 1712/8/4 1713/8/4
f 1713/8/4 1712/8/4 1714/8/4
f 1714/8/4 1712/8/4 1715/8/4
f 1711/8/4 1713/8/4 1716/8/4
f 1715/8/4 1712/8/4 1720/8/4
f 1720/8/4 1712/8/4 1721/8/4
f 1721/8/4 1712/8/4 1722/8/4
f 1722/8/4 1712/8/4 1723/8/4
f 1723/8/4 1712/8/4 1724/8/4
f 1724/8/4 1712/8/4 1725/8/4
f 1725/8/4 1712/8/4 1726/8/4
f 1726/8/4 1712/8/4 1727/8/4
f 1712/8/4 1710/8/4 1728/8/4
f 1727/8/4 1712/8/4 1728/8/4
f 1728/8/4 1710/8/4 1729/8/4
f 1729/8/4 1710/8/4 1730/8/4
f 1730/8/4 1710/8/4 1731/8/4
f 1718/8/4 1719/8/4 1732/8/4
f 1721/8/4 1722/8/4 1733/8/4
f 1726/8/4 1727/8/4 1735/8/4
f 1732/8/4 1733/8/4 1736/8/4
f 1733/8/4 1722/8/4 1736/8/4
f 1734/8/4 1735/8/4 1738/8/4
f 1731/8/4 1710/8/4 1740/8/4
f 1736/8/4 1737/8/4 1741/8/4
f 1737/8/4 1738/8/4 1741/8/4
f 1735/8/4 1727/8/4 1741/8/4
f 1738/8/4 1735/8/4 1741/8/4
f 1739/8/4 1740/8/4 1743/8/4
f 1741/8/4 1742/8/4 1744/8/4
f 1742/8/4 1743/8/4 1744/8/4
f 1736/8/4 1741/8/4 1744/8/4
f 1744/8/4 1743/8/4 1745/8/4
f 1743/8/4 1740/8/4 1746/8/4
f 1745/8/4 1743/8/4 1746/8/4
f 1746/8/4 1740/8/4 1747/8/4
f 1740/8/4 1710/8/4 1748/8/4
f 1747/8/4 1740/8/4 1748/8/4
f 1736/8/4 1744/8/4 1749/8/4
f 1732/8/4 1736/8/4 1749/8/4
f 1749/8/4 1744/8/4 1750/8/4
f 1750/8/4 1744/8/4 1751/8/4
f 1751/8/4 1744/8/4 1752/8/4
f 1752/8/4 1744/8/4 1753/8/4
f 1718/8/4 1732/8/4 1754/8/4
f 1732/8/4 1749/8/4 1754/8/4
f 1754/8/4 1749/8/4 1755/8/4
f 1748/8/4 1710/8/4 1757/8/4
f 1753/8/4 1744/8/4 1758/8/4
f 1756/8/4 1757/8/4 1760/8/4
f 1758/8/4 1759/8/4 1762/8/4
f 1759/8/4 1760/8/4 1762/8/4
f 1753/8/4 1758/8/4 1762/8/4
f 1755/8/4 1749/8/4 1763/8/4
f 1761/8/4 1762/8/4 1765/8/4
f 1711/8/4 1716/8/4 1766/8/4
f 1716/8/4 1717/8/4 1766/8/4
f 1766/8/4 1717/8/4 1767/8/4
f 1718/8/4 1754/8/4 1768/8/4
f 1768/8/4 1754/8/4 1769/8/4
f 1763/8/4 1764/8/4 1771/8/4
f 1764/8/4 1765/8/4 1771/8/4
f 1755/8/4 1763/8/4 1771/8/4
f 1711/8/4 1766/8/4 1772/8/4
f 1770/8/4 1771/8/4 1774/8/4
f 1772/8/4 1773/8/4 1775/8/4
f 1773/8/4 1774/8/4 1775/8/4
f 1711/8/4 1772/8/4 1775/8/4
f 1774/8/4 1771/8/4 1776/8/4
f 1775/8/4 1774/8/4 1776/8/4
f 1765/8/4 1762/8/4 1776/8/4
f 1771/8/4 1765/8/4 1776/8/4
f 1762/8/4 1760/8/4 1776/8/4
f 1776/8/4 1760/8/4 1777/8/4
f 1760/8/4 1757/8/4 1778/8/4
f 1777/8/4 1760/8/4 1778/8/4
f 1757/8/4 1710/8/4 1778/8/4
f 1783/10/4 1784/10/4 1786/10/4
f 1786/10/4 1784/10/4 1787/10/4
f 1788/10/4 1789/10/4 1791/10/4
f 1789/6/4 1790/6/4 1792/6/4
f 1791/10/4 1789/10/4 1792/10/4
f 1792/6/4 1790/6/4 1793/6/4
f 1794/10/4 1795/10/4 1797/10/4
f 1795/6/4 1796/6/4 1798/6/4
f 1797/10/4 1795/10/4 1798/10/4
f 1798/6/4 1796/6/4 1799/6/4
f 1787/10/4 1784/10/4 1801/10/4
f 1800/10/4 1801/10/4 1802/10/4
f 1784/3/4 1785/3/4 1803/3/4
f 1802/10/4 1801/10/4 1803/10/4
f 1801/10/4 1784/10/4 1803/10/4
f 1803/3/4 1785/3/4 1804/3/4
f 1779/8/4 1780/8/4 1805/8/4
f 1780/11/4 1781/11/4 1806/11/4
f 1805/8/4 1780/8/4 1806/8/4
f 1781/1/4 1782/1/4 1807/1/4
f 1806/11/4 1781/11/4 1807/11/4
f 1807/1/4 1782/1/4 1808/1/4
f 1809/10/4 1810/10/4 1812/10/4
f 1810/6/4 1811/6/4 1813/6/4
f 1812/10/4 1810/10/4 1813/10/4
f 1813/6/4 1811/6/4 1814/6/4
f 1815/10/4 1816/10/4 1818/10/4
f 1816/6/4 1817/6/4 1819/6/4
f 1818/10/4 1816/10/4 1819/10/4
f 1819/6/4 1817/6/4 1820/6/4
f 1823/10/5 1822/10/5 1821/10/5
f 1824/10/5 1822/10/5 1823/10/5
f 1825/10/5 1822/10/5 1824/10/5
f 1826/10/5 1822/10/5 1825/10/5
f 1827/10/5 1823/10/5 1821/10/5
f 1827/8/5 1824/8/5 1823/8/5
f 1828/10/5 1825/10/5 1824/10/5
f 1828/8/5 1824/8/5 1827/8/5
f 1829/8/5 1826/8/5 1825/8/5
f 1829/10/5 1825/10/5 1828/10/5
f 1830/10/5 1822/10/5 1826/10/5
f 1830/8/5 1826/8/5 1829/8/5
f 1832/10/5 1829/10/5 1828/10/5
f 1832/10/5 1828/10/5 1827/10/5
f 1832/10/5 1830/10/5 1829/10/5
f 1832/10/5 1827/10/5 1821/10/5
f 1833/10/5 1830/10/5 1832/10/5
f 1834/10/5 1830/10/5 1833/10/5
f 1835/10/5 1822/10/5 1830/10/5
f 1835/10/5 1830/10/5 1834/10/5
f 1837/10/5 1834/10/5 1833/10/5
f 1837/8/5 1832/8/5 1831/8/5
f 1837/8/5 1833/8/5 1832/8/5
f 1838/8/5 1836/8/5 1835/8/5
f 1838/10/5 1834/10/5 1837/10/5
f 1838/8/5 1835/8/5 1834/8/5
f 1841/8/5 1837/8/5 1831/8/5
f 1841/8/5 1838/8/5 1837/8/5
f 1842/8/5 1836/8/5 1838/8/5
f 1842/8/5 1838/8/5 1841/8/5
f 1845/6/5 1840/6/5 1839/6/5
f 1846/11/5 1841/11/5 1840/11/5
f 1846/6/5 1840/6/5 1845/6/5
f 1847/8/5 1842/8/5 1841/8/5
f 1847/11/5 1841/11/5 1846/11/5
f 1848/11/5 1843/11/5 1842/11/5
f 1848/8/5 1842/8/5 1847/8/5
f 1849/6/5 1844/6/5 1843/6/5
f 1849/11/5 1843/11/5 1848/11/5
f 1850/6/5 1844/6/5 1849/6/5
f 1851/6/5 1845/6/5 1839/6/5
f 1852/8/5 1848/8/5 1847/8/5
f 1852/6/5 1845/6/5 1851/6/5
f 1852/8/5 1846/8/5 1845/8/5
f 1852/8/5 1850/8/5 1849/8/5
f 1852/8/5 1849/8/5 1848/8/5
f 1852/8/5 1847/8/5 1846/8/5
f 1853/6/5 1844/6/5 1850/6/5
f 1853/8/5 1850/8/5 1852/8/5
f 1854/6/5 1844/6/5 1853/6/5
f 1856/11/5 1852/11/5 1851/11/5
f 1857/8/5 1853/8/5 1852/8/5
f 1857/11/5 1852/11/5 1856/11/5
f 1858/11/5 1854/11/5 1853/11/5
f 1858/8/5 1853/8/5 1857/8/5
f 1859/11/5 1854/11/5 1858/11/5
f 1861/8/5 1859/8/5 1858/8/5
f 1861/8/5 1860/8/5 1859/8/5
f 1861/8/5 1858/8/5 1857/8/5
f 1861/8/5 1856/8/5 1855/8/5
f 1861/8/5 1857/8/5 1856/8/5
f 1862/8/5 1860/8/5 1861/8/5
f 1863/8/5 1860/8/5 1862/8/5
f 1864/8/5 1860/8/5 1863/8/5
f 1865/8/5 1860/8/5 1864/8/5
f 1866/8/5 1860/8/5 1865/8/5
f 1867/4/5 1863/4/5 1862/4/5
f 1868/8/5 1864/8/5 1863/8/5
f 1868/4/5 1863/4/5 1867/4/5
f 1869/4/5 1865/4/5 1864/4/5
f 1869/8/5 1864/8/5 1868/8/5
f 1870/4/5 1865/4/5 1869/4/5
f 1871/1/5 1868/1/5 1867/1/5
f 1871/8/5 1869/8/5 1868/8/5
f 1872/8/5 1869/8/5 1871/8/5
f 1873/8/5 1869/8/5 1872/8/5
f 1874/8/5 1869/8/5 1873/8/5
f 1875/8/5 1869/8/5 1874/8/5
f 1876/1/5 1870/1/5 1869/1/5
f 1876/8/5 1869/8/5 1875/8/5
f 1877/1/5 1871/1/5 1867/1/5
f 1877/1/5 1872/1/5 1871/1/5
f 1878/4/5 1873/4/5 1872/4/5
f 1878/1/5 1872/1/5 1877/1/5
f 1879/8/5 1874/8/5 1873/8/5
f 1879/4/5 1873/4/5 1878/4/5
f 1880/4/5 1875/4/5 1874/4/5
f 1880/8/5 1874/8/5 1879/8/5
f 1881/1/5 1876/1/5 1875/1/5
f 1881/4/5 1875/4/5 1880/4/5
f 1882/1/5 1870/1/5 1876/1/5
f 1882/1/5 1876/1/5 1881/1/5
f 1883/8/5 1880/8/5 1879/8/5
f 1884/8/5 1880/8/5 1883/8/5
f 1889/10/5 1886/10/5 1885/10/5
f 1890/10/5 1886/10/5 1889/10/5
f 1891/10/5 1888/10/5 1887/10/5
f 1892/10/5 1888/10/5 1891/10/5
f 1895/10/5 1894/10/5 1893/10/5
f 1896/10/5 1894/10/5 1895/10/5
f 1900/7/5 1898/7/5 1897/7/5
f 1901/7/5 1898/7/5 1900/7/5
f 1908/7/5 1900/7/5 1899/7/5
f 1908/7/5 1901/7/5 1900/7/5
f 1908/7/5 1902/7/5 1901/7/5
f 1909/7/5 1902/7/5 1908/7/5
f 1910/7/5 1902/7/5 1909/7/5
f 1911/7/5 1902/7/5 1910/7/5
f 1917/11/5 1905/11/5 1904/11/5
f 1917/8/5 1904/8/5 1903/8/5
f 1918/1/5 1906/1/5 1905/1/5
f 1918/11/5 1905/11/5 1917/11/5
f 1919/8/5 1907/8/5 1906/8/5
f 1919/1/5 1906/1/5 1918/1/5
f 1920/8/5 1910/8/5 1909/8/5
f 1921/8/5 1910/8/5 1920/8/5
f 1922/1/5 1914/1/5 1913/1/5
f 1922/8/5 1913/8/5 1912/8/5
f 1923/11/5 1915/11/5 1914/11/5
f 1923/1/5 1914/1/5 1922/1/5
f 1924/8/5 1916/8/5 1915/8/5
f 1924/11/5 1915/11/5 1923/11/5
f 1925/8/5 1918/8/5 1917/8/5
f 1925/8/5 1917/8/5 1903/8/5
f 1925/8/5 1919/8/5 1918/8/5
f 1926/8/5 1907/8/5 1919/8/5
f 1926/8/5 1919/8/5 1925/8/5
f 1927/8/5 1924/8/5 1923/8/5
f 1927/8/5 1923/8/5 1922/8/5
f 1927/8/5 1922/8/5 1912/8/5
f 1928/8/5 1916/8/5 1924/8/5
f 1928/8/5 1924/8/5 1927/8/5
f 1929/8/5 1925/8/5 1903/8/5
f 1930/8/5 1925/8/5 1929/8/5
f 1931/8/5 1916/8/5 1928/8/5
f 1932/8/5 1916/8/5 1931/8/5
f 1937/10/5 1934/10/5 1933/10/5
f 1938/10/5 1936/10/5 1935/10/5
f 1939/10/5 1937/10/5 1933/10/5
f 1940/10/5 1937/10/5 1939/10/5
f 1941/10/5 1936/10/5 1938/10/5
f 1942/10/5 1936/10/5 1941/10/5
f 1947/10/5 1944/10/5 1943/10/5
f 1948/10/5 1944/10/5 1947/10/5
f 1949/10/5 1946/10/5 1945/10/5
f 1950/10/5 1946/10/5 1949/10/5
f 1951/10/5 1947/10/5 1943/10/5
f 1952/8/5 1948/8/5 1947/8/5
f 1952/10/5 1947/10/5 1951/10/5
f 1953/10/5 1944/10/5 1948/10/5
f 1953/8/5 1948/8/5 1952/8/5
f 1954/10/5 1944/10/5 1953/10/5
f 1955/10/5 1949/10/5 1945/10/5
f 1956/8/5 1950/8/5 1949/8/5
f 1956/10/5 1949/10/5 1955/10/5
f 1957/10/5 1946/10/5 1950/10/5
f 1957/8/5 1950/8/5 1956/8/5
f 1958/10/5 1946/10/5 1957/10/5
f 1961/4/5 1960/4/5 1959/4/5
f 1962/4/5 1960/4/5 1961/4/5
f 1967/8/5 1964/8/5 1963/8/5
f 1968/8/5 1964/8/5 1967/8/5
f 1969/8/5 1966/8/5 1965/8/5
f 1970/8/5 1966/8/5 1969/8/5
f 1975/8/5 1972/8/5 1971/8/5
f 1976/8/5 1972/8/5 1975/8/5
f 1977/8/5 1974/8/5 1973/8/5
f 1978/8/5 1974/8/5 1977/8/5
f 1983/8/5 1980/8/5 1979/8/5
f 1984/8/5 1980/8/5 1983/8/5
f 1985/8/5 1982/8/5 1981/8/5
f 1986/8/5 1982/8/5 1985/8/5
f 1991/10/5 1988/10/5 1987/10/5
f 1992/10/5 1988/10/5 1991/10/5
f 1993/10/5 1990/10/5 1989/10/5
f 1994/10/5 1990/10/5 1993/10/5
f 1999/10/5 1996/10/5 1995/10/5
f 2000/10/5 1996/10/5 1999/10/5
f 2001/10/5 1998/10/5 1997/10/5
f 2002/10/5 1998/10/5 2001/10/5
f 2003/10/5 1999/10/5 1995/10/5
f 2004/8/5 2000/8/5 1999/8/5
f 2004/10/5 1999/10/5 2003/10/5
f 2005/10/5 1996/10/5 2000/10/5
f 2005/8/5 2000/8/5 2004/8/5
f 2006/10/5 1996/10/5 2005/10/5
f 2007/10/5 2001/10/5 1997/10/5
f 2008/8/5 2002/8/5 2001/8/5
f 2008/10/5 2001/10/5 2007/10/5
f 2009/10/5 1998/10/5 2002/10/5
f 2009/8/5 2002/8/5 2008/8/5
f 2010/10/5 1998/10/5 2009/10/5
f 2015/10/5 2012/10/5 2011/10/5
f 2016/10/5 2012/10/5 2015/10/5
f 2017/10/5 2014/10/5 2013/10/5
f 2018/10/5 2014/10/5 2017/10/5
f 2023/8/5 2020/8/5 2019/8/5
f 2024/8/5 2020/8/5 2023/8/5
f 2025/8/5 2022/8/5 2021/8/5
f 2026/8/5 2022/8/5 2025/8/5
f 2031/8/5 2028/8/5 2027/8/5
f 2032/8/5 2028/8/5 2031/8/5
f 2033/8/5 2030/8/5 2029/8/5
f 2034/8/5 2030/8/5 2033/8/5
f 2039/8/5 2036/8/5 2035/8/5
f 2040/8/5 2036/8/5 2039/8/5
f 2041/8/5 2038/8/5 2037/8/5
f 2042/8/5 2038/8/5 2041/8/5
f 2047/10/5 2044/10/5 2043/10/5
f 2048/10/5 2044/10/5 2047/10/5
f 2049/10/5 2046/10/5 2045/10/5
f 2050/10/5 2046/10/5 2049/10/5
f 2051/10/5 2047/10/5 2043/10/5
f 2052/8/5 2048/8/5 2047/8/5
f 2052/10/5 2047/10/5 2051/10/5
f 2053/10/5 2044/10/5 2048/10/5
f 2053/8/5 2048/8/5 2052/8/5
f 2054/10/5 2044/10/5 2053/10/5
f 2055/10/5 2049/10/5 2045/10/5
f 2056/8/5 2050/8/5 2049/8/5
f 2056/10/5 2049/10/5 2055/10/5
f 2057/10/5 2046/10/5 2050/10/5
f 2057/8/5 2050/8/5 2056/8/5
f 2058/10/5 2046/10/5 2057/10/5
f 2063/10/5 2060/10/5 2059/10/5
f 2064/10/5 2060/10/5 2063/10/5
f 2065/10/5 2062/10/5 2061/10/5
f 2066/10/5 2062/10/5 2065/10/5
f 2071/10/5 2068/10/5 2067/10/5
f 2072/10/5 2068/10/5 2071/10/5
f 2073/10/5 2070/10/5 2069/10/5
f 2074/10/5 2070/10/5 2073/10/5
f 2079/8/5 2076/8/5 2075/8/5
f 2080/8/5 2076/8/5 2079/8/5
f 2081/8/5 2078/8/5 2077/8/5
f 2082/8/5 2078/8/5 2081/8/5
f 2083/11/5 2080/11/5 2079/11/5
f 2084/8/5 2076/8/5 2080/8/5
f 2084/11/5 2080/11/5 2083/11/5
f 2085/8/5 2081/8/5 2077/8/5
f 2085/11/5 2082/11/5 2081/11/5
f 2086/11/5 2082/11/5 2085/11/5
f 2087/1/5 2084/1/5 2083/1/5
f 2088/8/5 2076/8/5 2084/8/5
f 2088/1/5 2084/1/5 2087/1/5
f 2089/8/5 2076/8/5 2088/8/5
f 2092/8/5 2085/8/5 2077/8/5
f 2093/1/5 2086/1/5 2085/1/5
f 2093/8/5 2085/8/5 2092/8/5
f 2094/1/5 2086/1/5 2093/1/5
f 2095/8/5 2090/8/5 2089/8/5
f 2095/8/5 2088/8/5 2087/8/5
f 2095/8/5 2089/8/5 2088/8/5
f 2096/8/5 2090/8/5 2095/8/5
f 2097/8/5 2092/8/5 2091/8/5
f 2097/8/5 2094/8/5 2093/8/5
f 2097/8/5 2093/8/5 2092/8/5
f 2098/8/5 2094/8/5 2097/8/5
f 2103/8/5 2100/8/5 2099/8/5
f 2104/8/5 2100/8/5 2103/8/5
f 2105/8/5 2102/8/5 2101/8/5
f 2106/8/5 2102/8/5 2105/8/5
f 2111/8/5 2108/8/5 2107/8/5
f 2112/8/5 2108/8/5 2111/8/5
f 2113/8/5 2110/8/5 2109/8/5
f 2114/8/5 2110/8/5 2113/8/5
f 2119/8/5 2116/8/5 2115/8/5
f 2120/8/5 2116/8/5 2119/8/5
f 2121/8/5 2118/8/5 2117/8/5
f 2122/8/5 2118/8/5 2121/8/5
f 2125/8/5 2124/8/5 2123/8/5
f 2126/8/5 2124/8/5 2125/8/5
f 2127/8/5 2124/8/5 2126/8/5
f 2128/8/5 2124/8/5 2127/8/5
f 2129/8/5 2124/8/5 2128/8/5
f 2130/8/5 2124/8/5 2129/8/5
f 2131/8/5 2125/8/5 2123/8/5
f 2132/8/5 2124/8/5 2130/8/5
f 2133/8/5 2131/8/5 2123/8/5
f 2134/8/5 2124/8/5 2132/8/5
f 2135/8/5 2133/8/5 2123/8/5
f 2136/8/5 2124/8/5 2134/8/5
f 2137/8/5 2135/8/5 2123/8/5
f 2138/8/5 2124/8/5 2136/8/5
f 2139/8/5 2137/8/5 2123/8/5
f 2140/8/5 2124/8/5 2138/8/5
f 2141/8/5 2139/8/5 2123/8/5
f 2141/8/5 2140/8/5 2139/8/5
f 2142/8/5 2124/8/5 2140/8/5
f 2142/8/5 2140/8/5 2141/8/5
f 2145/11/5 2144/11/5 2143/11/5
f 2146/11/5 2144/11/5 2145/11/5
f 2147/10/6 2148/10/6 2149/10/6
f 2149/10/6 2148/10/6 2150/10/6
f 2150/10/6 2148/10/6 2151/10/6
f 2151/10/6 2148/10/6 2152/10/6
f 2147/10/6 2149/10/6 2153/10/6
f 2150/10/6 2151/10/6 2154/10/6
f 2154/10/6 2151/10/6 2155/10/6
f 2152/10/6 2148/10/6 2156/10/6
f 2154/10/6 2155/10/6 2157/10/6
f 2155/10/6 2156/10/6 2157/10/6
f 2147/10/6 2153/10/6 2157/10/6
f 2153/10/6 2154/10/6 2157/10/6
f 2157/10/6 2156/10/6 2158/10/6
f 2158/10/6 2156/10/6 2159/10/6
f 2156/10/6 2148/10/6 2160/10/6
f 2159/10/6 2156/10/6 2160/10/6
f 2158/10/6 2159/10/6 2161/10/6
f 2161/10/6 2159/10/6 2162/10/6
f 2163/10/6 2164/10/6 2165/10/6
f 2165/10/6 2164/10/6 2166/10/6
f 2167/8/6 2168/8/6 2171/8/6
f 2171/8/6 2168/8/6 2172/8/6
f 2169/8/6 2170/8/6 2173/8/6
f 2173/8/6 2170/8/6 2174/8/6
f 2175/3/6 2176/3/6 2179/3/6
f 2177/3/6 2178/3/6 2180/3/6
f 2175/3/6 2179/3/6 2181/3/6
f 2179/3/6 2180/3/6 2181/3/6
f 2180/3/6 2178/3/6 2182/3/6
f 2181/3/6 2180/3/6 2182/3/6
f 2183/7/6 2184/7/6 2187/7/6
f 2187/7/6 2184/7/6 2188/7/6
f 2185/7/6 2186/7/6 2189/7/6
f 2189/7/6 2186/7/6 2190/7/6
f 2191/7/6 2192/7/6 2195/7/6
f 2195/7/6 2192/7/6 2196/7/6
f 2193/7/6 2194/7/6 2197/7/6
f 2197/7/6 2194/7/6 2198/7/6
f 2199/10/6 2200/10/6 2203/10/6
f 2201/10/6 2202/10/6 2204/10/6
f 2199/10/6 2203/10/6 2205/10/6
f 2205/10/6 2203/10/6 2206/10/6
f 2204/10/6 2202/10/6 2207/10/6
f 2207/10/6 2202/10/6 2208/10/6
f 2209/7/6 2210/7/6 2211/7/6
f 2211/7/6 2210/7/6 2212/7/6
f 2213/8/6 2214/8/6 2217/8/6
f 2217/8/6 2214/8/6 2218/8/6
f 2215/8/6 2216/8/6 2219/8/6
f 2219/8/6 2216/8/6 2220/8/6
f 2221/8/6 2222/8/6 2225/8/6
f 2225/8/6 2222/8/6 2226/8/6
f 2223/8/6 2224/8/6 2227/8/6
f 2227/8/6 2224/8/6 2228/8/6
f 2225/8/6 2226/8/6 2229/8/6
f 2229/8/6 2226/8/6 2230/8/6
f 2227/8/6 2228/8/6 2231/8/6
f 2231/8/6 2228/8/6 2232/8/6
f 2233/3/6 2234/3/6 2239/3/6
f 2234/10/6 2235/10/6 2240/10/6
f 2239/3/6 2234/3/6 2240/3/6
f 2240/10/6 2235/10/6 2241/10/6
f 2236/10/6 2237/10/6 2242/10/6
f 2237/3/6 2238/3/6 2243/3/6
f 2242/10/6 2237/10/6 2243/10/6
f 2243/3/6 2238/3/6 2244/3/6
f 2233/3/6 2239/3/6 2245/3/6
f 2244/3/6 2238/3/6 2250/3/6
f 2233/3/6 2245/3/6 2251/3/6
f 2245/3/6 2246/3/6 2251/3/6
f 2246/10/6 2247/10/6 2252/10/6
f 2251/3/6 2246/3/6 2252/3/6
f 2252/10/6 2247/10/6 2253/10/6
f 2248/10/6 2249/10/6 2254/10/6
f 2249/3/6 2250/3/6 2255/3/6
f 2254/10/6 2249/10/6 2255/10/6
f 2250/3/6 2238/3/6 2256/3/6
f 2255/3/6 2250/3/6 2256/3/6
f 2257/3/6 2258/3/6 2261/3/6
f 2261/3/6 2258/3/6 2262/3/6
f 2259/3/6 2260/3/6 2263/3/6
f 2263/3/6 2260/3/6 2264/3/6
f 2257/3/6 2261/3/6 2265/3/6
f 2265/3/6 2261/3/6 2266/3/6
f 2262/3/6 2258/3/6 2267/3/6
f 2267/3/6 2258/3/6 2268/3/6
f 2259/3/6 2263/3/6 2269/3/6
f 2269/3/6 2263/3/6 2270/3/6
f 2264/3/6 2260/3/6 2271/3/6
f 2271/3/6 2260/3/6 2272/3/6
f 2273/10/6 2274/10/6 2277/10/6
f 2277/10/6 2274/10/6 2278/10/6
f 2275/10/6 2276/10/6 2279/10/6
f 2279/10/6 2276/10/6 2280/10/6
f 2281/8/6 2282/8/6 2285/8/6
f 2285/8/6 2282/8/6 2286/8/6
f 2283/8/6 2284/8/6 2287/8/6
f 2287/8/6 2284/8/6 2288/8/6
f 2289/8/6 2290/8/6 2293/8/6
f 2293/8/6 2290/8/6 2294/8/6
f 2291/8/6 2292/8/6 2295/8/6
f 2295/8/6 2292/8/6 2296/8/6
f 2293/8/6 2294/8/6 2297/8/6
f 2297/8/6 2294/8/6 2298/8/6
f 2295/8/6 2296/8/6 2299/8/6
f 2299/8/6 2296/8/6 2300/8/6
f 2301/8/6 2302/8/6 2305/8/6
f 2305/8/6 2302/8/6 2306/8/6
f 2303/8/6 2304/8/6 2307/8/6
f 2307/8/6 2304/8/6 2308/8/6
f 2305/10/6 2306/10/6 2309/10/6
f 2309/10/6 2306/10/6 2310/10/6
f 2307/10/6 2308/10/6 2311/10/6
f 2311/10/6 2308/10/6 2312/10/6
f 2313/3/6 2314/3/6 2317/3/6
f 2317/3/6 2314/3/6 2318/3/6
f 2315/3/6 2316/3/6 2319/3/6
f 2319/3/6 2316/3/6 2320/3/6
f 2313/3/6 2317/3/6 2321/3/6
f 2320/3/6 2316/3/6 2324/3/6
f 2321/3/6 2322/3/6 2325/3/6
f 2313/3/6 2321/3/6 2325/3/6
f 2325/3/6 2322/3/6 2326/3/6
f 2323/3/6 2324/3/6 2327/3/6
f 2324/3/6 2316/3/6 2328/3/6
f 2327/3/6 2324/3/6 2328/3/6
f 2329/4/6 2330/4/6 2331/4/6
f 2331/4/6 2330/4/6 2332/4/6
f 2333/6/6 2334/6/6 2341/6/6
f 2335/6/6 2336/6/6 2342/6/6
f 2337/6/6 2338/6/6 2343/6/6
f 2339/6/6 2340/6/6 2344/6/6
f 2333/6/6 2341/6/6 2345/6/6
f 2341/6/6 2342/6/6 2345/6/6
f 2342/6/6 2336/6/6 2346/6/6
f 2345/6/6 2342/6/6 2346/6/6
f 2337/6/6 2343/6/6 2347/6/6
f 2343/6/6 2344/6/6 2347/6/6
f 2344/6/6 2340/6/6 2348/6/6
f 2347/6/6 2344/6/6 2348/6/6
f 2349/3/6 2350/3/6 2353/3/6
f 2353/3/6 2350/3/6 2354/3/6
f 2351/3/6 2352/3/6 2355/3/6
f 2355/3/6 2352/3/6 2356/3/6
f 2349/3/6 2353/3/6 2357/3/6
f 2357/3/6 2353/3/6 2358/3/6
f 2356/3/6 2352/3/6 2359/3/6
f 2359/3/6 2352/3/6 2360/3/6
f 2361/3/6 2362/3/6 2365/3/6
f 2365/3/6 2362/3/6 2366/3/6
f 2363/3/6 2364/3/6 2367/3/6
f 2367/3/6 2364/3/6 2368/3/6
f 2369/8/6 2370/8/6 2373/8/6
f 2373/8/6 2370/8/6 2374/8/6
f 2371/8/6 2372/8/6 2375/8/6
f 2375/8/6 2372/8/6 2376/8/6
f 2373/8/6 2374/8/6 2377/8/6
f 2377/8/6 2374/8/6 2378/8/6
f 2375/8/6 2376/8/6 2379/8/6
f 2379/8/6 2376/8/6 2380/8/6
f 2381/10/6 2382/10/6 2387/10/6
f 2382/8/6 2383/8/6 2388/8/6
f 2387/10/6 2382/10/6 2388/10/6
f 2388/8/6 2383/8/6 2389/8/6
f 2384/8/6 2385/8/6 2390/8/6
f 2385/10/6 2386/10/6 2391/10/6
f 2390/8/6 2385/8/6 2391/8/6
f 2391/10/6 2386/10/6 2392/10/6
f 2393/8/6 2394/8/6 2397/8/6
f 2397/8/6 2394/8/6 2398/8/6
f 2395/8/6 2396/8/6 2399/8/6
f 2399/8/6 2396/8/6 2400/8/6
f 2397/10/6 2398/10/6 2401/10/6
f 2401/10/6 2398/10/6 2402/10/6
f 2399/10/6 2400/10/6 2403/10/6
f 2403/10/6 2400/10/6 2404/10/6
f 2405/3/6 2406/3/6 2409/3/6
f 2409/3/6 2406/3/6 2410/3/6
f 2407/3/6 2408/3/6 2411/3/6
f 2411/3/6 2408/3/6 2412/3/6
f 2405/3/6 2409/3/6 2413/3/6
f 2413/3/6 2409/3/6 2414/3/6
f 2410/3/6 2406/3/6 2415/3/6
f 2415/3/6 2406/3/6 2416/3/6
f 2407/3/6 2411/3/6 2417/3/6
f 2417/3/6 2411/3/6 2418/3/6
f 2412/3/6 2408/3/6 2419/3/6
f 2419/3/6 2408/3/6 2420/3/6
f 2421/3/6 2422/3/6 2425/3/6
f 2425/3/6 2422/3/6 2426/3/6
f 2423/3/6 2424/3/6 2427/3/6
f 2427/3/6 2424/3/6 2428/3/6
f 2421/3/6 2425/3/6 2429/3/6
f 2428/3/6 2424/3/6 2432/3/6
f 2429/3/6 2430/3/6 2433/3/6
f 2421/3/6 2429/3/6 2433/3/6
f 2433/3/6 2430/3/6 2434/3/6
f 2431/3/6 2432/3/6 2435/3/6
f 2432/3/6 2424/3/6 2436/3/6
f 2435/3/6 2432/3/6 2436/3/6
f 2437/6/6 2438/6/6 2445/6/6
f 2439/6/6 2440/6/6 2446/6/6
f 2441/6/6 2442/6/6 2447/6/6
f 2443/6/6 2444/6/6 2448/6/6
f 2437/6/6 2445/6/6 2449/6/6
f 2445/6/6 2446/6/6 2449/6/6
f 2446/6/6 2440/6/6 2450/6/6
f 2449/6/6 2446/6/6 2450/6/6
f 2441/6/6 2447/6/6 2451/6/6
f 2447/6/6 2448/6/6 2451/6/6
f 2448/6/6 2444/6/6 2452/6/6
f 2451/6/6 2448/6/6 2452/6/6
f 2453/8/6 2454/8/6 2455/8/6
f 2455/8/6 2454/8/6 2456/8/6
f 2456/8/6 2454/8/6 2457/8/6
f 2457/8/6 2454/8/6 2458/8/6
f 2453/8/6 2455/8/6 2459/8/6
f 2456/8/6 2457/8/6 2460/8/6
f 2460/8/6 2457/8/6 2461/8/6
f 2458/8/6 2454/8/6 2462/8/6
f 2460/8/6 2461/8/6 2463/8/6
f 2461/8/6 2462/8/6 2463/8/6
f 2453/8/6 2459/8/6 2463/8/6
f 2459/8/6 2460/8/6 2463/8/6
f 2462/8/6 2454/8/6 2464/8/6
f 2463/8/6 2462/8/6 2464/8/6
f 2463/8/6 2464/8/6 2465/8/6
f 2465/8/6 2464/8/6 2466/8/6
f 2465/8/6 2466/8/6 2467/8/6
f 2467/8/6 2466/8/6 2468/8/6
f 2467/8/6 2468/8/6 2469/8/6
f 2469/8/6 2468/8/6 2470/8/6
f 2471/1/6 2472/1/6 2473/1/6
f 2473/1/6 2472/1/6 2474/1/6
f 2471/1/6 2473/1/6 2475/1/6
f 2474/1/6 2472/1/6 2476/1/6
f 2471/1/6 2475/1/6 2477/1/6
f 2475/1/6 2476/1/6 2477/1/6
f 2476/1/6 2472/1/6 2478/1/6
f 2477/1/6 2476/1/6 2478/1/6
f 2479/11/6 2480/11/6 2481/11/6
f 2481/11/6 2480/11/6 2482/11/6
