# MagicaVoxel @ Ephtracy

# group
o 

# material
mtllib casa1-0.mtl
usemtl palette

# normals
vn -1 0 0
vn 1 0 0
vn 0 0 1
vn 0 0 -1
vn 0 -1 0
vn 0 1 0

# texcoords
vt 0.00195312 0.5
vt 0.00585938 0.5
vt 0.00976562 0.5
vt 0.0136719 0.5
vt 0.0175781 0.5
vt 0.0214844 0.5
vt 0.0253906 0.5
vt 0.0292969 0.5
vt 0.955078 0.5
vt 0.978516 0.5

# verts
v -2.6 1.4 -2.38419e-07
v -2.6 1.4 -0.4
v -2.6 1.4 -0.5
v -2.6 1.5 0.8
v -2.6 1.5 0.3
v -2.6 1.5 -2.38419e-07
v -2.6 1.5 -0.4
v -2.6 1.5 -0.5
v -2.6 1.6 1.6
v -2.6 1.6 0.8
v -2.6 1.6 0.3
v -2.6 1.7 2.1
v -2.6 1.7 1.6
v -2.6 1.7 0.8
v -2.6 1.8 2.1
v -2.6 1.8 1.6
v -2.6 4.7 1.3
v -2.6 4.7 0.3
v -2.6 4.8 2.1
v -2.6 4.8 1.3
v -2.6 4.8 0.3
v -2.6 4.9 2.1
v -2.6 4.9 1.3
v -2.6 6 -0.1
v -2.6 6 -0.5
v -2.6 6.1 2.1
v -2.6 6.1 0.4
v -2.6 6.1 0.3
v -2.6 6.1 0.2
v -2.6 6.1 -0.1
v -2.6 6.1 -0.5
v -2.6 6.2 2.1
v -2.6 6.2 0.4
v -2.6 6.2 0.3
v -2.6 6.2 0.2
v -2.5 0.1 2.1
v -2.5 0.1 1.3
v -2.5 1.2 1.3
v -2.5 1.2 0.3
v -2.5 1.5 0.8
v -2.5 1.5 0.3
v -2.5 1.5 -0.2
v -2.5 1.5 -0.4
v -2.5 1.5 -0.5
v -2.5 1.6 1.6
v -2.5 1.6 0.8
v -2.5 1.6 0.3
v -2.5 1.6 -0.2
v -2.5 1.6 -0.5
v -2.5 1.7 2.2
v -2.5 1.7 2.1
v -2.5 1.7 1.6
v -2.5 1.7 0.8
v -2.5 1.8 2.2
v -2.5 1.8 2.1
v -2.5 1.8 1.6
v -2.5 2.1 1.9
v -2.5 2.1 0.4
v -2.5 3 1.9
v -2.5 3 0.4
v -2.5 3.1 1.9
v -2.5 3.1 0.4
v -2.5 4.1 1.9
v -2.5 4.1 0.4
v -2.5 4.7 1.3
v -2.5 4.7 0.3
v -2.5 4.7 0.0999999
v -2.5 4.8 2.2
v -2.5 4.8 2.1
v -2.5 4.8 1.3
v -2.5 4.8 0.3
v -2.5 4.8 0.0999999
v -2.5 4.9 2.2
v -2.5 4.9 2.1
v -2.5 4.9 1.3
v -2.5 5.6 2
v -2.5 5.6 0.5
v -2.5 5.9 2
v -2.5 5.9 0.5
v -2.5 6 0.0999999
v -2.5 6 -0.1
v -2.5 6 -0.5
v -2.5 6 -1
v -2.5 6.1 2.2
v -2.5 6.1 2.1
v -2.5 6.1 0.4
v -2.5 6.1 0.3
v -2.5 6.1 0.2
v -2.5 6.1 0.0999999
v -2.5 6.1 -0.1
v -2.5 6.1 -0.5
v -2.5 6.1 -1
v -2.5 6.2 2.2
v -2.5 6.2 2.1
v -2.5 6.2 0.4
v -2.5 6.2 0.3
v -2.5 6.2 0.2
v -2.5 6.3 0.3
v -2.5 6.3 0.0999999
v -2.5 6.6 1.9
v -2.5 6.6 0.7
v -2.5 6.8 1.9
v -2.5 6.8 0.7
v -2.5 7 2.1
v -2.5 7 0.7
v -2.5 7 0.3
v -2.5 7.1 0.7
v -2.5 7.1 0.3
v -2.4 1.2 0.3
v -2.4 1.2 -2.38419e-07
v -2.4 1.4 0.2
v -2.4 1.4 0.0999999
v -2.4 1.4 -2.38419e-07
v -2.4 1.4 -0.5
v -2.4 1.4 -0.7
v -2.4 1.4 -0.9
v -2.4 1.4 -1
v -2.4 1.5 -2.38419e-07
v -2.4 1.5 -0.2
v -2.4 1.5 -0.5
v -2.4 1.5 -0.7
v -2.4 1.5 -0.9
v -2.4 1.5 -1
v -2.4 1.6 -0.2
v -2.4 1.6 -0.3
v -2.4 4.7 0.3
v -2.4 4.7 0.2
v -2.4 4.7 0.0999999
v -2.4 4.8 0.3
v -2.4 4.8 0.2
v -2.4 4.8 0.0999999
v -2.4 5.9 0.2
v -2.4 5.9 0.0999999
v -2.4 5.9 -0.3
v -2.4 6 0.0999999
v -2.4 6 -0.3
v -2.4 6 -1
v -2.4 6 -1.1
v -2.4 6.1 0.3
v -2.4 6.1 0.0999999
v -2.4 6.1 -2.38419e-07
v -2.4 6.1 -1
v -2.4 6.1 -1.1
v -2.4 6.3 0.3
v -2.4 6.3 0.2
v -2.4 6.3 0.0999999
v -2.4 6.3 -2.38419e-07
v -2.4 6.9 0.3
v -2.4 6.9 0.2
v -2.4 6.9 0.0999999
v -2.4 6.9 -0.1
v -2.4 7 0.3
v -2.4 7 0.0999999
v -2.4 7 -0.1
v -2.4 7.1 0.3
v -2.4 7.1 0.0999999
v -2.3 1.4 -0.7
v -2.3 1.4 -0.9
v -2.3 1.4 -1
v -2.3 1.4 -1.1
v -2.3 1.5 -0.7
v -2.3 1.5 -0.9
v -2.3 1.5 -1
v -2.3 1.5 -1.1
v -2.3 2.1 1.9
v -2.3 2.1 0.4
v -2.3 2.9 1.9
v -2.3 3 1.9
v -2.3 3 0.4
v -2.3 6 -1.1
v -2.3 6 -1.2
v -2.3 6.1 -2.38419e-07
v -2.3 6.1 -0.1
v -2.3 6.1 -1.1
v -2.3 6.1 -1.2
v -2.3 6.3 -2.38419e-07
v -2.3 6.3 -0.1
v -2.3 6.9 -0.1
v -2.3 6.9 -0.2
v -2.3 7 -0.1
v -2.3 7 -0.2
v -2.2 6 -1.2
v -2.2 6 -1.3
v -2.2 6.1 -0.1
v -2.2 6.1 -0.3
v -2.2 6.1 -1.2
v -2.2 6.1 -1.3
v -2.2 6.3 -0.1
v -2.2 6.3 -0.3
v -2.1 1.4 -1.1
v -2.1 1.4 -1.2
v -2.1 1.5 -0.3
v -2.1 1.5 -1
v -2.1 1.5 -1.1
v -2.1 1.5 -1.2
v -2.1 5.6 2
v -2.1 5.6 0.5
v -2.1 5.9 2
v -2.1 5.9 0.5
v -2.1 5.9 -0.3
v -2.1 5.9 -1
v -2.1 6 -0.3
v -2.1 6 -1
v -2.1 6 -1.3
v -2.1 6 -1.4
v -2.1 6.1 -0.3
v -2.1 6.1 -0.4
v -2.1 6.1 -1.3
v -2.1 6.1 -1.4
v -2.1 6.3 -0.3
v -2.1 6.3 -0.4
v -2.1 6.6 1.9
v -2.1 6.6 0.7
v -2.1 6.8 1.9
v -2.1 6.8 0.7
v -2 1 2.2
v -2 1 2.1
v -2 1.7 2.2
v -2 1.7 2.1
v -2 1.8 2.2
v -2 1.8 2.1
v -2 4.8 2.2
v -2 4.8 2.1
v -2 4.9 2.2
v -2 4.9 2.1
v -2 6.1 2.2
v -2 6.1 2.1
v -2 6.1 -0.4
v -2 6.1 -0.6
v -2 6.2 2.2
v -2 6.2 2.1
v -2 6.3 -0.4
v -2 6.3 -0.6
v -2 6.5 2.2
v -2 6.5 2.1
v -2 6.9 -0.2
v -2 6.9 -1
v -2 7 2.1
v -2 7 2
v -2 7 1.5
v -2 7 1.4
v -2 7 1
v -2 7 0.9
v -2 7 0.6
v -2 7 0.2
v -2 7 0.0999999
v -2 7 -0.2
v -2 7 -0.5
v -2 7 -1
v -2 7.1 0.2
v -2 7.1 0.0999999
v -2 7.2 2
v -2 7.2 1.5
v -2 7.2 1.4
v -2 7.2 1
v -2 7.2 0.6
v -2 7.2 -0.5
v -2 7.3 2
v -2 7.3 1.5
v -2 7.3 1.4
v -2 7.3 1
v -2 7.4 2.1
v -2 7.4 2
v -2 7.4 1.5
v -2 7.4 1.4
v -2 7.4 1
v -2 7.4 0.9
v -1.9 1.4 -1.2
v -1.9 1.4 -1.3
v -1.9 1.5 -1.2
v -1.9 1.5 -1.3
v -1.9 3.1 1.9
v -1.9 3.1 0.4
v -1.9 4.1 1.9
v -1.9 4.1 0.4
v -1.9 6 -1.4
v -1.9 6 -1.5
v -1.9 6.1 -0.6
v -1.9 6.1 -0.8
v -1.9 6.1 -1.4
v -1.9 6.1 -1.5
v -1.9 6.3 -0.6
v -1.9 6.3 -0.8
v -1.9 6.9 -1
v -1.9 6.9 -1.1
v -1.9 7 -1
v -1.9 7 -1.1
v -1.8 1.2 2.3
v -1.8 1.2 2.2
v -1.8 1.4 -1.3
v -1.8 1.4 -1.4
v -1.8 1.5 -1
v -1.8 1.5 -1.2
v -1.8 1.5 -1.3
v -1.8 1.5 -1.4
v -1.8 5.9 -1
v -1.8 5.9 -1.2
v -1.8 6 -1
v -1.8 6 -1.2
v -1.8 6 -1.5
v -1.8 6 -1.6
v -1.8 6.1 -0.8
v -1.8 6.1 -1
v -1.8 6.1 -1.5
v -1.8 6.1 -1.6
v -1.8 6.2 2.3
v -1.8 6.2 2.2
v -1.8 6.3 -0.8
v -1.8 6.3 -1
v -1.8 6.9 -1.1
v -1.8 6.9 -1.3
v -1.8 7 -1.1
v -1.8 7 -1.3
v -1.7 0.1 1.3
v -1.7 0.1 -0.2
v -1.7 0.2 1.2
v -1.7 0.2 -0.1
v -1.7 1.2 1.3
v -1.7 1.2 1.2
v -1.7 1.2 -2.38419e-07
v -1.7 1.4 -2.38419e-07
v -1.7 1.4 -0.1
v -1.7 1.4 -0.2
v -1.7 6.1 0.3
v -1.7 6.1 0.2
v -1.7 6.1 -0.8
v -1.7 6.1 -1
v -1.7 6.1 -1.1
v -1.7 6.2 0.3
v -1.7 6.2 0.2
v -1.7 6.2 0.0999999
v -1.7 6.3 -0.8
v -1.7 6.3 -1
v -1.7 6.3 -1.1
v -1.7 6.9 0.0999999
v -1.7 6.9 -0.8
v -1.7 7 -0.1
v -1.7 7 -1.1
v -1.7 7.1 -0.1
v -1.7 7.1 -1.1
v -1.6 6.1 -1.1
v -1.6 6.1 -1.2
v -1.6 6.3 -1.1
v -1.6 6.3 -1.2
v -1.6 7 1.5
v -1.6 7 1.4
v -1.6 7 -1.1
v -1.6 7 -1.2
v -1.6 7.1 -1.1
v -1.6 7.1 -1.2
v -1.6 8.8 1.5
v -1.6 8.8 1.4
v -1.5 5 -1.3
v -1.5 5 -1.4
v -1.5 5.1 -1.3
v -1.5 5.1 -1.4
v -1.5 7 2.1
v -1.5 7 2
v -1.5 7.2 2.1
v -1.5 7.2 2
v -1.5 7.3 2.1
v -1.5 7.3 2
v -1.5 7.4 2.1
v -1.5 7.4 2
v -1.4 1.5 -1.2
v -1.4 1.5 -1.3
v -1.4 1.5 -1.4
v -1.4 5 -1.3
v -1.4 5 -1.4
v -1.4 5 -1.5
v -1.4 5.1 -1.3
v -1.4 5.1 -1.4
v -1.4 5.1 -1.5
v -1.4 5.9 -1.2
v -1.4 5.9 -1.3
v -1.4 6 -1.2
v -1.4 6 -1.4
v -1.4 6.1 -0.8
v -1.4 6.1 -1
v -1.4 6.9 -0.8
v -1.4 6.9 -1
v -1.3 1.8 -1.4
v -1.3 1.8 -1.5
v -1.3 1.9 -1.4
v -1.3 1.9 -1.5
v -1.3 6.9 -1.3
v -1.3 6.9 -1.4
v -1.3 7 -1.2
v -1.3 7 -1.3
v -1.3 7 -1.4
v -1.3 7.1 -1.2
v -1.3 7.1 -1.3
v -1.2 6.2 -1.2
v -1.2 6.2 -1.5
v -1.2 6.3 -1.2
v -1.2 6.3 -1.5
v -1.1 0.1 -0.2
v -1.1 0.1 -0.7
v -1.1 0.2 -0.2
v -1.1 0.2 -0.6
v -1.1 1.4 -0.2
v -1.1 1.4 -0.6
v -1.1 1.4 -0.7
v -1.1 1.4 -1.4
v -1.1 1.4 -1.5
v -1.1 1.8 -1.4
v -1.1 1.8 -1.5
v -1.1 1.8 -1.6
v -1.1 1.9 -1.4
v -1.1 1.9 -1.5
v -1.1 1.9 -1.6
v -1.1 5 -1.4
v -1.1 5 -1.5
v -1.1 5 -1.6
v -1.1 5.1 -1.4
v -1.1 5.1 -1.5
v -1.1 5.1 -1.6
v -1.1 6 -1.4
v -1.1 6.1 -1
v -1.1 6.1 -1.1
v -1.1 6.1 -1.2
v -1.1 6.1 -1.3
v -1.1 6.1 -1.4
v -1.1 6.2 -1
v -1.1 6.2 -1.2
v -1.1 6.2 -1.5
v -1.1 6.2 -1.6
v -1.1 6.3 -1.1
v -1.1 6.3 -1.2
v -1.1 6.3 -1.5
v -1.1 6.3 -1.6
v -1.1 6.9 -1
v -1.1 6.9 -1.3
v -1.1 6.9 -1.4
v -1.1 6.9 -1.5
v -1.1 7 -1.3
v -1.1 7 -1.4
v -1.1 7.1 -1.3
v -1.1 7.1 -1.4
v -1 3.1 -1.5
v -1 3.1 -2.2
v -1 3.3 -1.8
v -1 3.3 -2.2
v -1 3.4 -1.6
v -1 3.4 -1.8
v -1 3.5 -1.5
v -1 3.5 -1.6
v -1 4 -1.5
v -1 4 -2.1
v -1 4.2 -1.8
v -1 4.2 -2.1
v -1 4.3 -1.6
v -1 4.3 -1.8
v -1 4.4 -1.5
v -1 4.4 -1.6
v -1 6.9 -1.4
v -1 6.9 -1.5
v -1 7 -1.4
v -1 7 -1.5
v -1 7.1 -1.4
v -1 7.1 -1.5
v -0.9 4.9 -1.5
v -0.9 4.9 -2.1
v -0.9 5 -1.5
v -0.9 5 -1.6
v -0.9 5.1 -1.5
v -0.9 5.1 -1.6
v -0.9 5.1 -1.9
v -0.9 5.1 -2.1
v -0.9 5.2 -1.7
v -0.9 5.2 -1.9
v -0.9 5.3 -1.5
v -0.9 5.3 -1.7
v -0.9 6 -1.5
v -0.9 6 -2
v -0.9 6.1 -1.9
v -0.9 6.1 -2
v -0.9 6.2 -1.5
v -0.9 6.2 -1.6
v -0.9 6.2 -1.8
v -0.9 6.2 -1.9
v -0.9 6.3 -1.6
v -0.9 6.3 -1.8
v -0.9 7.1 -1.4
v -0.9 7.1 -1.5
v -0.9 7.2 -1.4
v -0.9 7.2 -1.5
v -0.6 7 2.1
v -0.6 7 2
v -0.6 7.2 2.1
v -0.6 7.2 2
v -0.6 7.3 2.1
v -0.6 7.3 2
v -0.6 7.4 2.1
v -0.6 7.4 2
v -0.3 0.1 -0.7
v -0.3 0.1 -0.8
v -0.3 0.1 -1.4
v -0.3 0.2 -0.7
v -0.3 0.2 -0.8
v -0.3 1.4 -0.7
v -0.3 1.4 -0.8
v -0.3 1.4 -1.4
v -0.2 0.1 -1.4
v -0.2 0.1 -1.5
v -0.2 1.4 -1.4
v -0.2 1.4 -1.5
v -0.0999999 7 2.1
v -0.0999999 7 2
v -0.0999999 7.2 2.1
v -0.0999999 7.2 2
v 0 0.1 -1.5
v 0 0.1 -1.7
v 0 1.3 -1.5
v 0 1.3 -1.7
v 0.5 7 2.1
v 0.5 7 2
v 0.5 7.2 2.1
v 0.5 7.2 2
v 0.5 7.3 2.1
v 0.5 7.3 2
v 0.5 7.4 2.1
v 0.5 7.4 2
v 0.8 0.1 -1.6
v 0.8 0.1 -1.7
v 0.8 1.2 -1.6
v 0.8 1.2 -1.7
v 0.8 2.1 -1
v 0.8 2.1 -1.1
v 0.8 2.1 -1.4
v 0.8 2.1 -1.5
v 0.8 3 -1.4
v 0.8 3 -1.5
v 0.8 3.1 -1
v 0.8 3.1 -1.1
v 0.8 3.1 -1.5
v 0.8 3.3 -1.2
v 0.8 3.3 -1.3
v 0.8 3.3 -1.4
v 0.8 3.3 -1.5
v 0.8 3.5 -1.5
v 0.8 3.8 -1.2
v 0.8 3.8 -1.3
v 0.8 3.8 -1.4
v 0.8 3.8 -1.5
v 0.8 3.9 -1.5
v 0.8 3.9 -1.6
v 0.8 4 -1.5
v 0.8 4 -1.6
v 0.8 4.1 -1.1
v 0.8 4.1 -1.2
v 0.8 4.1 -1.5
v 0.8 4.2 -1.4
v 0.8 4.2 -1.5
v 0.8 4.4 -1.5
v 0.8 4.9 -1.1
v 0.8 4.9 -1.2
v 0.8 4.9 -1.4
v 0.8 4.9 -1.5
v 0.8 5.1 -1.1
v 0.8 5.1 -1.4
v 0.8 5.1 -1.5
v 0.8 5.3 -1.5
v 0.8 5.9 -1.4
v 0.8 5.9 -1.5
v 0.8 6 -1.1
v 0.8 6 -1.5
v 0.9 0.3 2.1
v 0.9 0.3 1.7
v 0.9 0.9 2.1
v 0.9 0.9 1.7
v 1 1.3 2.3
v 1 1.3 2.2
v 1 6.1 2.3
v 1 6.1 2.2
v 1 7 -1.3
v 1 7 -1.4
v 1 7.1 -1.3
v 1 7.1 -1.4
v 1.1 7 -1.2
v 1.1 7 -1.3
v 1.1 7.1 -1.2
v 1.1 7.1 -1.3
v 1.2 0.9 2.5
v 1.2 0.9 2.1
v 1.2 1 2.5
v 1.2 1 2.4
v 1.2 1 2.2
v 1.2 1 2.1
v 1.2 1.1 2.4
v 1.2 1.1 2.2
v 1.2 4 -1.3
v 1.2 4 -1.4
v 1.2 4.1 -1.3
v 1.2 4.1 -1.4
v 1.3 7 -1.1
v 1.3 7 -1.2
v 1.3 7.1 -1.1
v 1.3 7.1 -1.2
v 1.3 7.3 1.5
v 1.3 7.3 1.4
v 1.3 7.4 1.5
v 1.3 7.4 1.4
v 1.4 7 2.1
v 1.4 7 2
v 1.4 7 1.5
v 1.4 7 1.4
v 1.4 7.2 2.1
v 1.4 7.2 2
v 1.4 7.3 2.1
v 1.4 7.3 2
v 1.4 7.3 1.5
v 1.4 7.3 1.4
v 1.4 7.4 2.1
v 1.4 7.4 2
v 1.5 0.3 1.8
v 1.5 0.3 1.7
v 1.5 0.4 1.8
v 1.5 0.4 1.7
v 1.6 7 -0.1
v 1.6 7 -1.1
v 1.6 7.1 -0.1
v 1.6 7.1 -1.1
v 1.8 3.8 2.5
v 1.8 3.8 2.4
v 1.8 3.9 2.5
v 1.8 3.9 2.4
v 1.9 0.1 2.1
v 1.9 0.1 2
v 1.9 0.2 2
v 1.9 0.2 1.8
v 1.9 0.3 1.8
v 1.9 0.3 1.7
v 1.9 0.4 1.7
v 1.9 0.4 1.6
v 1.9 0.4 1.5
v 1.9 0.9 2.1
v 1.9 0.9 1.6
v 1.9 0.9 1.5
v 1.9 7 2.1
v 1.9 7 2
v 1.9 7 1.5
v 1.9 7 1.4
v 1.9 7 1
v 1.9 7 0.9
v 1.9 7 0.6
v 1.9 7 -0.5
v 1.9 7.2 2.1
v 1.9 7.2 2
v 1.9 7.2 1.5
v 1.9 7.2 1.4
v 1.9 7.2 1
v 1.9 7.2 0.6
v 1.9 7.2 -0.5
v 1.9 7.3 2.1
v 1.9 7.3 2
v 1.9 7.3 1.5
v 1.9 7.3 1.4
v 1.9 7.3 1
v 1.9 7.4 2.1
v 1.9 7.4 2
v 1.9 7.4 1.5
v 1.9 7.4 1.4
v 1.9 7.4 1
v 1.9 7.4 0.9
v -2.4 1.5 -0.3
v -2.4 1.5 -0.5
v -2.4 1.6 -0.3
v -2.4 1.6 -0.5
v -2.4 7 0.7
v -2.4 7 0.4
v -2.4 7.1 0.7
v -2.4 7.1 0.4
v -2.3 6.1 0.3
v -2.3 6.1 0.0999999
v -2.3 6.2 0.3
v -2.3 6.2 0.2
v -2.3 6.2 0.0999999
v -2.3 7 0.4
v -2.3 7 0.2
v -2.3 7.1 0.4
v -2.3 7.1 0.2
v -2.2 6.1 0.0999999
v -2.2 6.1 -0.1
v -2.2 6.2 0.0999999
v -2.2 6.3 0.0999999
v -2.2 6.3 -0.1
v -2.1 6.1 -0.1
v -2.1 6.1 -0.3
v -2.1 6.3 -0.1
v -2.1 6.3 -0.3
v -2 0.3 2.1
v -2 0.3 1.7
v -2 0.9 2.1
v -2 0.9 1.7
v -2 6.1 -0.3
v -2 6.1 -0.4
v -2 6.3 -0.3
v -2 6.3 -0.4
v -1.9 6.1 -0.4
v -1.9 6.1 -0.6
v -1.9 6.3 -0.4
v -1.9 6.3 -0.6
v -1.9 7 2.1
v -1.9 7 2
v -1.9 7 1.5
v -1.9 7 1.4
v -1.9 7 1
v -1.9 7 0.9
v -1.9 7 0.6
v -1.9 7 0.0999999
v -1.9 7 -0.5
v -1.9 7.2 2.1
v -1.9 7.2 2
v -1.9 7.2 1.5
v -1.9 7.2 1.4
v -1.9 7.2 1
v -1.9 7.2 0.6
v -1.9 7.2 -0.5
v -1.9 7.3 2.1
v -1.9 7.3 2
v -1.9 7.3 1.5
v -1.9 7.3 1.4
v -1.9 7.3 1
v -1.9 7.4 2.1
v -1.9 7.4 2
v -1.9 7.4 1.5
v -1.9 7.4 1.4
v -1.9 7.4 1
v -1.9 7.4 0.9
v -1.8 6.1 -0.6
v -1.8 6.1 -0.8
v -1.8 6.3 -0.6
v -1.8 6.3 -0.8
v -1.7 1.3 2.3
v -1.7 1.3 2.2
v -1.7 6.1 2.3
v -1.7 6.1 2.2
v -1.7 6.1 -0.8
v -1.7 6.1 -1
v -1.7 6.3 -0.8
v -1.7 6.3 -1
v -1.6 6 -1.5
v -1.6 6 -1.6
v -1.6 6.1 -1
v -1.6 6.1 -1.1
v -1.6 6.1 -1.5
v -1.6 6.1 -1.6
v -1.6 6.3 -1
v -1.6 6.3 -1.1
v -1.6 7 -0.1
v -1.6 7 -1.1
v -1.6 7.1 -0.1
v -1.6 7.1 -1.1
v -1.4 6 -1.4
v -1.4 6 -1.5
v -1.4 6.1 -1.4
v -1.4 6.1 -1.5
v -1.4 7 2.1
v -1.4 7 2
v -1.4 7 1.5
v -1.4 7 1.4
v -1.4 7.2 2.1
v -1.4 7.2 2
v -1.4 7.3 2.1
v -1.4 7.3 2
v -1.4 7.3 1.5
v -1.4 7.3 1.4
v -1.4 7.4 2.1
v -1.4 7.4 2
v -1.3 7 -1.1
v -1.3 7 -1.2
v -1.3 7.1 -1.1
v -1.3 7.1 -1.2
v -1.3 7.3 1.5
v -1.3 7.3 1.4
v -1.3 7.4 1.5
v -1.3 7.4 1.4
v -1.1 7 -1.2
v -1.1 7 -1.3
v -1.1 7.1 -1.2
v -1.1 7.1 -1.3
v -1 7 -1.3
v -1 7 -1.4
v -1 7.1 -1.3
v -1 7.1 -1.4
v -0.9 2.1 -1
v -0.9 2.1 -1.1
v -0.9 2.1 -1.4
v -0.9 2.1 -1.5
v -0.9 3 -1.4
v -0.9 3 -1.5
v -0.9 3.1 -1
v -0.9 3.1 -1.1
v -0.9 3.1 -1.5
v -0.9 3.3 -1.2
v -0.9 3.3 -1.3
v -0.9 3.3 -1.4
v -0.9 3.3 -1.5
v -0.9 3.5 -1.5
v -0.9 3.8 -1.2
v -0.9 3.8 -1.3
v -0.9 3.8 -1.4
v -0.9 3.8 -1.5
v -0.9 4.1 -1.1
v -0.9 4.1 -1.2
v -0.9 4.1 -1.5
v -0.9 4.2 -1.1
v -0.9 4.2 -1.2
v -0.9 4.2 -1.4
v -0.9 4.2 -1.5
v -0.9 4.4 -1.5
v -0.9 4.9 -1.1
v -0.9 4.9 -1.2
v -0.9 4.9 -1.4
v -0.9 4.9 -1.5
v -0.9 5.1 -1.1
v -0.9 5.1 -1.4
v -0.9 5.1 -1.5
v -0.9 5.3 -1.5
v -0.9 5.9 -1.4
v -0.9 5.9 -1.5
v -0.9 6 -1.1
v -0.9 6 -1.5
v -0.5 7 2.1
v -0.5 7 2
v -0.5 7.2 2.1
v -0.5 7.2 2
v -0.5 7.3 2.1
v -0.5 7.3 2
v -0.5 7.4 2.1
v -0.5 7.4 2
v 0.0999999 0.1 -1.6
v 0.0999999 0.1 -1.7
v 0.0999999 1.2 -1.6
v 0.0999999 1.2 -1.7
v 0.0999999 7 2.1
v 0.0999999 7 2
v 0.0999999 7.2 2.1
v 0.0999999 7.2 2
v 0.6 7 2.1
v 0.6 7 2
v 0.6 7.2 2.1
v 0.6 7.2 2
v 0.6 7.3 2.1
v 0.6 7.3 2
v 0.6 7.4 2.1
v 0.6 7.4 2
v 0.8 3.1 -1.5
v 0.8 3.1 -2.2
v 0.8 3.2 -1.5
v 0.8 3.3 -1.8
v 0.8 3.3 -2.2
v 0.8 3.4 -1.6
v 0.8 3.4 -1.8
v 0.8 3.5 -1.5
v 0.8 3.5 -1.6
v 0.8 4 -1.5
v 0.8 4 -1.6
v 0.8 4 -2.1
v 0.8 4.2 -1.5
v 0.8 4.2 -1.8
v 0.8 4.2 -2.1
v 0.8 4.3 -1.6
v 0.8 4.3 -1.8
v 0.8 4.4 -1.5
v 0.8 4.4 -1.6
v 0.8 4.9 -1.5
v 0.8 4.9 -2.1
v 0.8 5.1 -1.5
v 0.8 5.1 -1.9
v 0.8 5.1 -2.1
v 0.8 5.2 -1.7
v 0.8 5.2 -1.9
v 0.8 5.3 -1.5
v 0.8 5.3 -1.7
v 0.8 6 -1.5
v 0.8 6 -2
v 0.8 6.1 -1.9
v 0.8 6.1 -2
v 0.8 6.2 -1.5
v 0.8 6.2 -1.6
v 0.8 6.2 -1.8
v 0.8 6.2 -1.9
v 0.8 6.3 -1.6
v 0.8 6.3 -1.8
v 0.9 0.1 -1.4
v 0.9 0.1 -1.5
v 0.9 0.1 -1.7
v 0.9 1.3 -1.5
v 0.9 1.3 -1.7
v 0.9 1.8 -1.4
v 0.9 1.8 -1.5
v 0.9 1.8 -1.6
v 0.9 1.9 -1.4
v 0.9 1.9 -1.5
v 0.9 1.9 -1.6
v 0.9 2.1 -1.4
v 0.9 2.1 -1.5
v 0.9 3 -1.4
v 0.9 3 -1.5
v 0.9 3.2 -1.4
v 0.9 3.2 -1.5
v 0.9 3.9 -1.4
v 0.9 3.9 -1.5
v 0.9 3.9 -1.6
v 0.9 4 -1.4
v 0.9 4 -1.5
v 0.9 4 -1.6
v 0.9 4.2 -1.4
v 0.9 4.2 -1.5
v 0.9 4.9 -1.4
v 0.9 4.9 -1.5
v 0.9 5 -1.4
v 0.9 5 -1.5
v 0.9 5.1 -1.4
v 0.9 5.1 -1.5
v 0.9 5.9 -1.4
v 0.9 5.9 -1.5
v 0.9 6.2 -1.4
v 0.9 6.2 -1.5
v 0.9 6.2 -1.6
v 0.9 6.3 -1.4
v 0.9 6.3 -1.5
v 0.9 6.3 -1.6
v 0.9 7 -1.4
v 0.9 7 -1.5
v 0.9 7.1 -1.4
v 0.9 7.1 -1.5
v 0.9 7.2 -1.4
v 0.9 7.2 -1.5
v 1 7 -1.4
v 1 7 -1.5
v 1 7.1 -1.4
v 1 7.1 -1.5
v 1.1 0.1 -1.3
v 1.1 0.1 -1.4
v 1.1 1.2 2.3
v 1.1 1.2 2.2
v 1.1 1.8 -1.3
v 1.1 1.8 -1.4
v 1.1 1.8 -1.5
v 1.1 1.9 -1.3
v 1.1 1.9 -1.4
v 1.1 1.9 -1.5
v 1.1 3.9 -1.3
v 1.1 3.9 -1.4
v 1.1 3.9 -1.5
v 1.1 4 -1.3
v 1.1 4 -1.4
v 1.1 4 -1.5
v 1.1 4.9 -1.3
v 1.1 4.9 -1.4
v 1.1 4.9 -1.5
v 1.1 5 -1.3
v 1.1 5 -1.4
v 1.1 5 -1.5
v 1.1 6.2 2.3
v 1.1 6.2 2.2
v 1.1 6.2 -1.3
v 1.1 6.2 -1.4
v 1.1 6.2 -1.5
v 1.1 6.3 -1.3
v 1.1 6.3 -1.4
v 1.1 6.3 -1.5
v 1.1 7 -1.3
v 1.1 7 -1.4
v 1.1 7.1 -1.3
v 1.1 7.1 -1.4
v 1.2 0.1 2.1
v 1.2 0.1 2
v 1.2 0.2 2
v 1.2 0.2 1.8
v 1.2 0.3 1.8
v 1.2 0.3 1.7
v 1.2 0.4 1.7
v 1.2 0.4 1.6
v 1.2 0.4 1.5
v 1.2 0.9 2.1
v 1.2 0.9 1.7
v 1.2 0.9 1.6
v 1.2 0.9 1.5
v 1.2 3.9 -1.3
v 1.2 3.9 -1.4
v 1.2 4 -1.3
v 1.2 4 -1.4
v 1.3 0.1 -1.2
v 1.3 0.1 -1.3
v 1.3 1.2 2.2
v 1.3 1.2 2.1
v 1.3 1.8 2.2
v 1.3 1.8 2.1
v 1.3 1.8 -1.2
v 1.3 1.8 -1.3
v 1.3 1.8 -1.4
v 1.3 1.9 2.2
v 1.3 1.9 2.1
v 1.3 1.9 -1.2
v 1.3 1.9 -1.3
v 1.3 1.9 -1.4
v 1.3 3.8 2.2
v 1.3 3.8 2.1
v 1.3 3.9 2.2
v 1.3 3.9 2.1
v 1.3 3.9 -1.2
v 1.3 3.9 -1.3
v 1.3 4 -1.3
v 1.3 4 -1.4
v 1.3 4.1 -1.2
v 1.3 4.1 -1.3
v 1.3 4.1 -1.4
v 1.3 4.9 2.2
v 1.3 4.9 2.1
v 1.3 4.9 -1.2
v 1.3 4.9 -1.3
v 1.3 4.9 -1.4
v 1.3 5 2.2
v 1.3 5 2.1
v 1.3 5 -1.2
v 1.3 5 -1.3
v 1.3 5 -1.4
v 1.3 6.2 2.2
v 1.3 6.2 2.1
v 1.3 6.2 -1.2
v 1.3 6.2 -1.3
v 1.3 6.2 -1.4
v 1.3 6.3 2.2
v 1.3 6.3 2.1
v 1.3 6.3 -1.2
v 1.3 6.3 -1.3
v 1.3 6.3 -1.4
v 1.3 6.5 2.2
v 1.3 6.5 2.1
v 1.3 7 -1.2
v 1.3 7 -1.3
v 1.3 7.1 -1.2
v 1.3 7.1 -1.3
v 1.4 3.9 -1.2
v 1.4 3.9 -1.3
v 1.4 4 -1.2
v 1.4 4 -1.3
v 1.5 0.1 -1.1
v 1.5 0.1 -1.2
v 1.5 1.8 -1.1
v 1.5 1.8 -1.2
v 1.5 1.8 -1.3
v 1.5 1.9 -1.1
v 1.5 1.9 -1.2
v 1.5 1.9 -1.3
v 1.5 4 -1.1
v 1.5 4 -1.2
v 1.5 4 -1.3
v 1.5 4.1 -1.1
v 1.5 4.1 -1.2
v 1.5 4.1 -1.3
v 1.5 4.9 -1.1
v 1.5 4.9 -1.2
v 1.5 4.9 -1.3
v 1.5 5 -1.1
v 1.5 5 -1.2
v 1.5 5 -1.3
v 1.5 6.2 -1.1
v 1.5 6.2 -1.2
v 1.5 6.2 -1.3
v 1.5 6.3 -1.1
v 1.5 6.3 -1.2
v 1.5 6.3 -1.3
v 1.5 7 2.1
v 1.5 7 2
v 1.5 7 -1.1
v 1.5 7 -1.2
v 1.5 7.2 2.1
v 1.5 7.2 2
v 1.5 7.3 2.1
v 1.5 7.3 2
v 1.5 7.4 2.1
v 1.5 7.4 2
v 1.6 0.1 -1
v 1.6 0.1 -1.1
v 1.6 0.3 1.8
v 1.6 0.3 1.7
v 1.6 0.4 1.8
v 1.6 0.4 1.7
v 1.6 1.8 -1
v 1.6 1.8 -1.1
v 1.6 1.8 -1.2
v 1.6 1.9 -1
v 1.6 1.9 -1.1
v 1.6 1.9 -1.2
v 1.6 4 -1
v 1.6 4 -1.1
v 1.6 4 -1.2
v 1.6 4.1 -1
v 1.6 4.1 -1.1
v 1.6 4.1 -1.2
v 1.6 4.9 -1
v 1.6 4.9 -1.1
v 1.6 4.9 -1.2
v 1.6 5 -1
v 1.6 5 -1.1
v 1.6 5 -1.2
v 1.6 6.2 -1
v 1.6 6.2 -1.1
v 1.6 6.2 -1.2
v 1.6 6.3 -1
v 1.6 6.3 -1.1
v 1.6 6.3 -1.2
v 1.6 7 1.5
v 1.6 7 1.4
v 1.6 7 -1
v 1.6 7 -1.1
v 1.6 7 -1.2
v 1.6 7.1 -1.1
v 1.6 7.1 -1.2
v 1.6 8.8 1.5
v 1.6 8.8 1.4
v 1.7 0.1 -0.9
v 1.7 0.1 -1
v 1.7 1.8 -0.9
v 1.7 1.8 -1
v 1.7 1.8 -1.1
v 1.7 1.9 -0.9
v 1.7 1.9 -1
v 1.7 1.9 -1.1
v 1.7 4 -0.9
v 1.7 4 -1
v 1.7 4 -1.1
v 1.7 4.1 -0.9
v 1.7 4.1 -1
v 1.7 4.1 -1.1
v 1.7 4.9 -0.9
v 1.7 4.9 -1
v 1.7 4.9 -1.1
v 1.7 5 -0.9
v 1.7 5 -1
v 1.7 5 -1.1
v 1.7 6.2 -0.9
v 1.7 6.2 -1
v 1.7 6.2 -1.1
v 1.7 6.3 -0.9
v 1.7 6.3 -1
v 1.7 6.3 -1.1
v 1.7 7 -0.1
v 1.7 7 -0.9
v 1.7 7 -1
v 1.7 7 -1.1
v 1.7 7.1 -0.1
v 1.7 7.1 -1.1
v 1.8 0.1 -0.7
v 1.8 0.1 -0.9
v 1.8 1.8 -0.7
v 1.8 1.8 -0.9
v 1.8 1.8 -1
v 1.8 1.9 -0.7
v 1.8 1.9 -0.9
v 1.8 1.9 -1
v 1.8 4 -0.7
v 1.8 4 -0.9
v 1.8 4 -1
v 1.8 4.1 -0.7
v 1.8 4.1 -0.9
v 1.8 4.1 -1
v 1.8 4.9 -0.7
v 1.8 4.9 -0.9
v 1.8 4.9 -1
v 1.8 5 -0.7
v 1.8 5 -0.9
v 1.8 5 -1
v 1.8 6.2 -0.7
v 1.8 6.2 -0.9
v 1.8 6.2 -1
v 1.8 6.3 -0.7
v 1.8 6.3 -0.9
v 1.8 6.3 -1
v 1.8 7 -0.7
v 1.8 7 -0.9
v 1.9 0.1 -0.5
v 1.9 0.1 -0.7
v 1.9 1.8 -0.5
v 1.9 1.8 -0.7
v 1.9 1.8 -0.9
v 1.9 1.9 -0.5
v 1.9 1.9 -0.7
v 1.9 1.9 -0.9
v 1.9 4 -0.5
v 1.9 4 -0.7
v 1.9 4 -0.9
v 1.9 4.1 -0.5
v 1.9 4.1 -0.7
v 1.9 4.1 -0.9
v 1.9 4.9 -0.5
v 1.9 4.9 -0.7
v 1.9 4.9 -0.9
v 1.9 5 -0.5
v 1.9 5 -0.7
v 1.9 5 -0.9
v 1.9 6.2 -0.5
v 1.9 6.2 -0.7
v 1.9 6.2 -0.9
v 1.9 6.3 -0.5
v 1.9 6.3 -0.7
v 1.9 6.3 -0.9
v 1.9 7 -0.5
v 1.9 7 -0.7
v 2 0.1 -2.38419e-07
v 2 0.1 -0.5
v 2 0.9 2.5
v 2 0.9 2.1
v 2 1 2.5
v 2 1 2.4
v 2 1.1 2.4
v 2 1.1 2.2
v 2 1.2 2.2
v 2 1.2 2.1
v 2 1.4 2.1
v 2 1.4 -2.38419e-07
v 2 1.8 2.2
v 2 1.8 2.1
v 2 1.8 -0.5
v 2 1.8 -0.7
v 2 1.9 2.2
v 2 1.9 2.1
v 2 1.9 -0.5
v 2 1.9 -0.7
v 2 2 1.1
v 2 2 -0.5
v 2 3.6 1.1
v 2 3.6 -0.5
v 2 3.8 2.1
v 2 3.8 1.4
v 2 3.9 2.1
v 2 3.9 1.4
v 2 3.9 0.2
v 2 4 1.4
v 2 4 0.2
v 2 4 -0.5
v 2 4 -0.7
v 2 4.1 0.2
v 2 4.1 -0.5
v 2 4.1 -0.7
v 2 4.9 2.2
v 2 4.9 2.1
v 2 4.9 1.8
v 2 4.9 -0.3
v 2 4.9 -0.4
v 2 4.9 -0.5
v 2 4.9 -0.7
v 2 5 2.2
v 2 5 2.1
v 2 5 1.8
v 2 5 -0.4
v 2 5 -0.5
v 2 5 -0.7
v 2 6.2 2.2
v 2 6.2 2.1
v 2 6.2 1.8
v 2 6.2 -0.3
v 2 6.2 -0.5
v 2 6.2 -0.7
v 2 6.3 2.2
v 2 6.3 2.1
v 2 6.3 -0.5
v 2 6.3 -0.7
v 2 7 2.1
v 2 7 2
v 2 7 1.5
v 2 7 1.4
v 2 7 1
v 2 7 0.9
v 2 7 0.6
v 2 7 -0.5
v 2 7.2 2
v 2 7.2 1.5
v 2 7.2 1.4
v 2 7.2 1
v 2 7.2 0.6
v 2 7.2 -0.5
v 2 7.3 2
v 2 7.3 1.5
v 2 7.3 1.4
v 2 7.3 1
v 2 7.4 2.1
v 2 7.4 2
v 2 7.4 1.5
v 2 7.4 1.4
v 2 7.4 1
v 2 7.4 0.9
v 2.1 1.8 2.1
v 2.1 1.8 -0.5
v 2.1 1.9 2.1
v 2.1 1.9 -0.5
v 2.1 2.2 0.9
v 2.1 2.2 -0.3
v 2.1 3.4 0.9
v 2.1 3.4 -0.3
v 2.1 3.8 2.5
v 2.1 3.8 2.4
v 2.1 3.8 2.2
v 2.1 3.8 1.4
v 2.1 3.9 2.5
v 2.1 3.9 2.4
v 2.1 3.9 2.2
v 2.1 3.9 1.4
v 2.1 3.9 0.2
v 2.1 4 1.4
v 2.1 4 0.2
v 2.1 4 -0.5
v 2.1 4.1 0.2
v 2.1 4.1 -0.5
v 2.1 4.9 2.1
v 2.1 4.9 1.8
v 2.1 4.9 -0.4
v 2.1 4.9 -0.5
v 2.1 5 2.1
v 2.1 5 1.8
v 2.1 5 -0.4
v 2.1 5 -0.5
v 2.1 6.2 2.1
v 2.1 6.2 1.8
v 2.1 6.2 -0.3
v 2.1 6.2 -0.5
v 2.1 6.3 2.1
v 2.1 6.3 -0.5
v 2.3 0.2 1.9
v 2.3 0.2 0.2
v 2.3 1.1 1.9
v 2.3 1.1 0.2
v 2.4 2 1.1
v 2.4 2 -0.5
v 2.4 2.2 0.9
v 2.4 2.2 -0.3
v 2.4 3.4 0.9
v 2.4 3.4 -0.3
v 2.4 3.6 1.1
v 2.4 3.6 -0.5
v 2.6 0.1 2.1
v 2.6 0.1 -2.38419e-07
v 2.6 0.2 1.9
v 2.6 0.2 0.2
v 2.6 1.1 1.9
v 2.6 1.1 0.2
v 2.6 1.4 2.1
v 2.6 1.4 -2.38419e-07
v 2.7 5.1 1.5
v 2.7 5.1 -0.1
v 2.7 6 1.5
v 2.7 6 -0.1
v 3 4.9 1.8
v 3 4.9 -0.3
v 3 5.1 1.5
v 3 5.1 -0.1
v 3 6 1.5
v 3 6 -0.1
v 3 6.2 1.8
v 3 6.2 -0.3
v 1.2 0.9 2.5
v 1.2 1 2.5
v 1.8 3.8 2.5
v 1.8 3.9 2.5
v 2 0.9 2.5
v 2 1 2.5
v 2.1 3.8 2.5
v 2.1 3.9 2.5
v 1.2 1 2.4
v 1.2 1.1 2.4
v 2 1 2.4
v 2 1.1 2.4
v -1.8 1.2 2.3
v -1.8 6.2 2.3
v -1.7 1.3 2.3
v -1.7 6.1 2.3
v 1 1.3 2.3
v 1 6.1 2.3
v 1.1 1.2 2.3
v 1.1 6.2 2.3
v -2.5 1.7 2.2
v -2.5 1.8 2.2
v -2.5 4.8 2.2
v -2.5 4.9 2.2
v -2.5 6.1 2.2
v -2.5 6.2 2.2
v -2 1 2.2
v -2 1.7 2.2
v -2 1.8 2.2
v -2 4.8 2.2
v -2 4.9 2.2
v -2 6.1 2.2
v -2 6.2 2.2
v -2 6.5 2.2
v -1.8 1.2 2.2
v -1.8 6.2 2.2
v -1.7 1.3 2.2
v -1.7 6.1 2.2
v -1.3 3.7 2.2
v -1.3 3.8 2.2
v -1.2 2.8 2.2
v -1.2 3 2.2
v -1.2 5.3 2.2
v -1.2 5.6 2.2
v -1.1 1.5 2.2
v -1.1 2.2 2.2
v -1.1 2.8 2.2
v -1.1 2.9 2.2
v -1.1 3 2.2
v -1.1 3.3 2.2
v -1.1 4.7 2.2
v -1.1 4.9 2.2
v -1.1 5.2 2.2
v -1.1 5.3 2.2
v -1.1 5.4 2.2
v -1.1 5.6 2.2
v -1 1.5 2.2
v -1 2.1 2.2
v -1 2.2 2.2
v -1 2.4 2.2
v -1 2.9 2.2
v -1 3.1 2.2
v -1 3.3 2.2
v -1 3.7 2.2
v -1 3.8 2.2
v -1 3.9 2.2
v -1 4.4 2.2
v -1 4.5 2.2
v -1 4.8 2.2
v -1 4.9 2.2
v -1 5.3 2.2
v -1 5.4 2.2
v -0.9 2.1 2.2
v -0.9 2.3 2.2
v -0.9 3.1 2.2
v -0.9 3.2 2.2
v -0.9 3.3 2.2
v -0.9 3.7 2.2
v -0.9 3.8 2.2
v -0.9 3.9 2.2
v -0.9 4.5 2.2
v -0.9 4.7 2.2
v -0.8 4.4 2.2
v -0.8 4.6 2.2
v -0.8 4.8 2.2
v -0.8 4.9 2.2
v -0.7 2.4 2.2
v -0.7 2.6 2.2
v -0.7 4.9 2.2
v -0.7 5.2 2.2
v -0.6 1.7 2.2
v -0.6 1.8 2.2
v -0.6 2.1 2.2
v -0.6 2.3 2.2
v -0.6 2.4 2.2
v -0.6 2.6 2.2
v -0.6 4.6 2.2
v -0.6 4.7 2.2
v -0.6 4.8 2.2
v -0.6 5.2 2.2
v -0.6 5.3 2.2
v -0.6 5.7 2.2
v -0.5 1.7 2.2
v -0.5 1.8 2.2
v -0.5 2.1 2.2
v -0.5 2.2 2.2
v -0.5 2.3 2.2
v -0.5 2.4 2.2
v -0.5 2.5 2.2
v -0.5 4.8 2.2
v -0.5 4.9 2.2
v -0.5 5.2 2.2
v -0.5 5.3 2.2
v -0.5 5.4 2.2
v -0.5 5.6 2.2
v -0.5 5.7 2.2
v -0.5 5.8 2.2
v -0.4 2 2.2
v -0.4 2.2 2.2
v -0.4 2.3 2.2
v -0.4 2.4 2.2
v -0.4 4.7 2.2
v -0.4 4.8 2.2
v -0.4 5.4 2.2
v -0.4 5.5 2.2
v -0.4 5.6 2.2
v -0.4 5.8 2.2
v -0.3 1.7 2.2
v -0.3 1.8 2.2
v -0.3 3.5 2.2
v -0.3 3.7 2.2
v -0.3 3.8 2.2
v -0.3 4 2.2
v -0.3 4.8 2.2
v -0.3 4.9 2.2
v -0.3 5.3 2.2
v -0.3 5.4 2.2
v -0.2 1.6 2.2
v -0.2 1.7 2.2
v -0.2 1.8 2.2
v -0.2 1.9 2.2
v -0.2 2 2.2
v -0.2 2.1 2.2
v -0.2 3.3 2.2
v -0.2 3.5 2.2
v -0.2 3.6 2.2
v -0.2 3.7 2.2
v -0.2 3.8 2.2
v -0.2 4 2.2
v -0.2 5.5 2.2
v -0.2 5.6 2.2
v -0.0999999 1.6 2.2
v -0.0999999 1.8 2.2
v -0.0999999 1.9 2.2
v -0.0999999 2 2.2
v -0.0999999 3.4 2.2
v -0.0999999 3.6 2.2
v -0.0999999 3.8 2.2
v -0.0999999 3.9 2.2
v -0.0999999 5.4 2.2
v -0.0999999 5.5 2.2
v -0.0999999 5.6 2.2
v -0.0999999 5.7 2.2
v 0 2.4 2.2
v 0 2.5 2.2
v 0 3.1 2.2
v 0 3.2 2.2
v 0 3.3 2.2
v 0 3.4 2.2
v 0 3.7 2.2
v 0 3.8 2.2
v 0 3.9 2.2
v 0 4 2.2
v 0 5.5 2.2
v 0 5.6 2.2
v 0.0999999 2 2.2
v 0.0999999 2.1 2.2
v 0.0999999 3 2.2
v 0.0999999 3.1 2.2
v 0.0999999 3.2 2.2
v 0.0999999 3.3 2.2
v 0.0999999 3.8 2.2
v 0.0999999 3.9 2.2
v 0.0999999 4 2.2
v 0.0999999 4.2 2.2
v 0.0999999 5.6 2.2
v 0.0999999 5.7 2.2
v 0.2 3.1 2.2
v 0.2 3.2 2.2
v 0.2 3.9 2.2
v 0.2 4.2 2.2
v 0.3 3 2.2
v 0.3 3.1 2.2
v 1 1.3 2.2
v 1 6.1 2.2
v 1.1 1.2 2.2
v 1.1 6.2 2.2
v 1.2 1 2.2
v 1.2 1.1 2.2
v 1.3 1.1 2.2
v 1.3 1.2 2.2
v 1.3 1.8 2.2
v 1.3 1.9 2.2
v 1.3 3.8 2.2
v 1.3 3.9 2.2
v 1.3 4.9 2.2
v 1.3 5 2.2
v 1.3 6.2 2.2
v 1.3 6.3 2.2
v 1.3 6.5 2.2
v 2 1.1 2.2
v 2 1.2 2.2
v 2 1.8 2.2
v 2 1.9 2.2
v 2 4.9 2.2
v 2 5 2.2
v 2 6.2 2.2
v 2 6.3 2.2
v 2.1 3.8 2.2
v 2.1 3.9 2.2
v -2.6 1.7 2.1
v -2.6 1.8 2.1
v -2.6 4.8 2.1
v -2.6 4.9 2.1
v -2.6 6.1 2.1
v -2.6 6.2 2.1
v -2.5 0.1 2.1
v -2.5 1.7 2.1
v -2.5 1.8 2.1
v -2.5 4.8 2.1
v -2.5 4.9 2.1
v -2.5 6.1 2.1
v -2.5 6.2 2.1
v -2.5 7 2.1
v -2 0.3 2.1
v -2 0.9 2.1
v -2 1 2.1
v -2 1.7 2.1
v -2 1.8 2.1
v -2 4.8 2.1
v -2 4.9 2.1
v -2 6.1 2.1
v -2 6.2 2.1
v -2 6.5 2.1
v -2 7 2.1
v -2 7.4 2.1
v -1.9 7 2.1
v -1.9 7.2 2.1
v -1.9 7.3 2.1
v -1.9 7.4 2.1
v -1.5 7 2.1
v -1.5 7.2 2.1
v -1.5 7.3 2.1
v -1.5 7.4 2.1
v -1.4 7 2.1
v -1.4 7.2 2.1
v -1.4 7.3 2.1
v -1.4 7.4 2.1
v -0.6 7 2.1
v -0.6 7.2 2.1
v -0.6 7.3 2.1
v -0.6 7.4 2.1
v -0.5 7 2.1
v -0.5 7.2 2.1
v -0.5 7.3 2.1
v -0.5 7.4 2.1
v -0.0999999 7 2.1
v -0.0999999 7.2 2.1
v 0.0999999 7 2.1
v 0.0999999 7.2 2.1
v 0.5 7 2.1
v 0.5 7.2 2.1
v 0.5 7.3 2.1
v 0.5 7.4 2.1
v 0.6 7 2.1
v 0.6 7.2 2.1
v 0.6 7.3 2.1
v 0.6 7.4 2.1
v 0.9 0.3 2.1
v 0.9 0.9 2.1
v 1.2 0.1 2.1
v 1.2 0.9 2.1
v 1.2 1 2.1
v 1.3 1.2 2.1
v 1.3 1.8 2.1
v 1.3 1.9 2.1
v 1.3 3.8 2.1
v 1.3 3.9 2.1
v 1.3 4.9 2.1
v 1.3 5 2.1
v 1.3 6.2 2.1
v 1.3 6.3 2.1
v 1.3 6.5 2.1
v 1.4 7 2.1
v 1.4 7.2 2.1
v 1.4 7.3 2.1
v 1.4 7.4 2.1
v 1.5 7 2.1
v 1.5 7.2 2.1
v 1.5 7.3 2.1
v 1.5 7.4 2.1
v 1.9 0.1 2.1
v 1.9 0.9 2.1
v 1.9 7 2.1
v 1.9 7.2 2.1
v 1.9 7.3 2.1
v 1.9 7.4 2.1
v 2 0.9 2.1
v 2 1.2 2.1
v 2 1.4 2.1
v 2 1.8 2.1
v 2 1.9 2.1
v 2 3.8 2.1
v 2 3.9 2.1
v 2 4.9 2.1
v 2 5 2.1
v 2 6.2 2.1
v 2 6.3 2.1
v 2 7 2.1
v 2 7.4 2.1
v 2.1 1.8 2.1
v 2.1 1.9 2.1
v 2.1 4.9 2.1
v 2.1 5 2.1
v 2.1 6.2 2.1
v 2.1 6.3 2.1
v 2.6 0.1 2.1
v 2.6 1.4 2.1
v 1.2 0.1 2
v 1.2 0.2 2
v 1.9 0.1 2
v 1.9 0.2 2
v 1.2 0.2 1.8
v 1.2 0.3 1.8
v 1.5 0.3 1.8
v 1.5 0.4 1.8
v 1.6 0.3 1.8
v 1.6 0.4 1.8
v 1.9 0.2 1.8
v 1.9 0.3 1.8
v 2 5 1.8
v 2 6.2 1.8
v 2.1 4.9 1.8
v 2.1 5 1.8
v 2.1 6.2 1.8
v 3 4.9 1.8
v 3 6.2 1.8
v -2 0.3 1.7
v -2 0.9 1.7
v 0.9 0.3 1.7
v 0.9 0.9 1.7
v 1.2 0.3 1.7
v 1.2 0.4 1.7
v 1.5 0.3 1.7
v 1.5 0.4 1.7
v 1.6 0.3 1.7
v 1.6 0.4 1.7
v 1.9 0.3 1.7
v 1.9 0.4 1.7
v -2.6 1.6 1.6
v -2.6 1.7 1.6
v -2.5 1.6 1.6
v -2.5 1.7 1.6
v -2 7 1.5
v -2 7.2 1.5
v -2 7.3 1.5
v -2 7.4 1.5
v -1.9 7 1.5
v -1.9 7.2 1.5
v -1.9 7.3 1.5
v -1.9 7.4 1.5
v -1.6 7 1.5
v -1.6 8.8 1.5
v -1.5 7.5 1.5
v -1.5 8.7 1.5
v -1.4 7 1.5
v -1.4 7.3 1.5
v -1.4 7.6 1.5
v -1.4 8.6 1.5
v -1.3 7.3 1.5
v -1.3 7.4 1.5
v -1 7.7 1.5
v -1 7.9 1.5
v -0.9 7.7 1.5
v -0.9 7.8 1.5
v -0.9 7.9 1.5
v -0.9 8.3 1.5
v -0.8 7.7 1.5
v -0.8 7.8 1.5
v -0.8 7.9 1.5
v -0.8 8.1 1.5
v -0.8 8.2 1.5
v -0.8 8.3 1.5
v -0.8 8.5 1.5
v -0.7 7.7 1.5
v -0.7 7.8 1.5
v -0.7 8.1 1.5
v -0.7 8.2 1.5
v -0.7 8.4 1.5
v -0.6 7.7 1.5
v -0.6 7.8 1.5
v -0.5 7.7 1.5
v -0.5 7.8 1.5
v -0.5 8.1 1.5
v -0.5 8.2 1.5
v -0.5 8.4 1.5
v -0.4 7.7 1.5
v -0.4 7.8 1.5
v -0.4 7.9 1.5
v -0.4 8.1 1.5
v -0.4 8.2 1.5
v -0.4 8.3 1.5
v -0.4 8.5 1.5
v -0.3 7.7 1.5
v -0.3 8.3 1.5
v 0 8 1.5
v 0 8.1 1.5
v 0 8.2 1.5
v 0 8.3 1.5
v 0.0999999 7.9 1.5
v 0.0999999 8 1.5
v 0.2 8.1 1.5
v 0.2 8.2 1.5
v 0.2 8.3 1.5
v 0.2 8.4 1.5
v 0.3 7.8 1.5
v 0.3 7.9 1.5
v 0.3 8.2 1.5
v 0.3 8.3 1.5
v 0.3 8.4 1.5
v 0.3 8.5 1.5
v 0.4 7.8 1.5
v 0.4 7.9 1.5
v 0.4 8.2 1.5
v 0.4 8.3 1.5
v 0.4 8.4 1.5
v 0.4 8.5 1.5
v 0.5 7.9 1.5
v 0.5 8 1.5
v 0.5 8.2 1.5
v 0.5 8.4 1.5
v 0.6 8 1.5
v 0.6 8.2 1.5
v 0.7 7.8 1.5
v 0.7 8.4 1.5
v 0.8 7.8 1.5
v 0.8 7.9 1.5
v 0.8 8 1.5
v 0.8 8.2 1.5
v 0.8 8.3 1.5
v 0.8 8.4 1.5
v 0.8 8.5 1.5
v 0.9 7.8 1.5
v 0.9 7.9 1.5
v 0.9 8.2 1.5
v 0.9 8.3 1.5
v 0.9 8.4 1.5
v 1 7.8 1.5
v 1 7.9 1.5
v 1.1 7.8 1.5
v 1.1 7.9 1.5
v 1.1 8.2 1.5
v 1.1 8.3 1.5
v 1.1 8.4 1.5
v 1.2 0.4 1.5
v 1.2 0.9 1.5
v 1.2 7.8 1.5
v 1.2 7.9 1.5
v 1.2 8 1.5
v 1.2 8.2 1.5
v 1.2 8.3 1.5
v 1.2 8.4 1.5
v 1.2 8.5 1.5
v 1.3 7.3 1.5
v 1.3 7.4 1.5
v 1.3 7.6 1.5
v 1.3 7.9 1.5
v 1.3 8.4 1.5
v 1.3 8.6 1.5
v 1.4 7 1.5
v 1.4 7.3 1.5
v 1.4 7.5 1.5
v 1.4 8.7 1.5
v 1.6 7 1.5
v 1.6 8.8 1.5
v 1.9 0.4 1.5
v 1.9 0.9 1.5
v 1.9 7 1.5
v 1.9 7.2 1.5
v 1.9 7.3 1.5
v 1.9 7.4 1.5
v 2 7 1.5
v 2 7.2 1.5
v 2 7.3 1.5
v 2 7.4 1.5
v 2 3.9 1.4
v 2 4 1.4
v 2.1 3.9 1.4
v 2.1 4 1.4
v -2.6 4.7 1.3
v -2.6 4.8 1.3
v -2.5 4.7 1.3
v -2.5 4.8 1.3
v 2 2 1.1
v 2 3.6 1.1
v 2.4 2 1.1
v 2.4 3.6 1.1
v -2 7 1
v -2 7.2 1
v -2 7.3 1
v -2 7.4 1
v -1.9 7 1
v -1.9 7.2 1
v -1.9 7.3 1
v -1.9 7.4 1
v 1.9 7 1
v 1.9 7.2 1
v 1.9 7.3 1
v 1.9 7.4 1
v 2 7 1
v 2 7.2 1
v 2 7.3 1
v 2 7.4 1
v -2.6 1.5 0.8
v -2.6 1.6 0.8
v -2.5 1.5 0.8
v -2.5 1.6 0.8
v -2.5 6.6 0.7
v -2.5 6.8 0.7
v -2.5 7 0.7
v -2.5 7.1 0.7
v -2.4 7 0.7
v -2.4 7.1 0.7
v -2.1 6.6 0.7
v -2.1 6.8 0.7
v -2 7 0.6
v -2 7.2 0.6
v -1.9 7 0.6
v -1.9 7.2 0.6
v 1.9 7 0.6
v 1.9 7.2 0.6
v 2 7 0.6
v 2 7.2 0.6
v -2.5 5.6 0.5
v -2.5 5.9 0.5
v -2.1 5.6 0.5
v -2.1 5.9 0.5
v -2.5 2.1 0.4
v -2.5 3 0.4
v -2.5 3.1 0.4
v -2.5 4.1 0.4
v -2.4 2.1 0.4
v -2.4 7 0.4
v -2.4 7.1 0.4
v -2.3 2.1 0.4
v -2.3 3 0.4
v -2.3 7 0.4
v -2.3 7.1 0.4
v -2 3.1 0.4
v -2 4.1 0.4
v -1.9 3.1 0.4
v -1.9 4.1 0.4
v -2.6 6.1 0.3
v -2.6 6.2 0.3
v -2.5 6.1 0.3
v -2.5 6.2 0.3
v -2.3 7 0.2
v -2.3 7.1 0.2
v -2 7 0.2
v -2 7.1 0.2
v 2 4 0.2
v 2 4.1 0.2
v 2.1 4 0.2
v 2.1 4.1 0.2
v 2.3 0.2 0.2
v 2.3 1.1 0.2
v 2.6 0.2 0.2
v 2.6 1.1 0.2
v -2.5 6 0.0999999
v -2.5 6.1 0.0999999
v -2.4 6 0.0999999
v -2.4 6.1 0.0999999
v -2.3 6.1 0.0999999
v -2.3 6.2 0.0999999
v -2.2 6.1 0.0999999
v -2.2 6.2 0.0999999
v -2.6 1.4 -2.38419e-07
v -2.6 1.5 -2.38419e-07
v -2.4 1.4 -2.38419e-07
v -2.4 1.5 -2.38419e-07
v -2.6 6 -0.1
v -2.6 6.1 -0.1
v -2.5 6 -0.1
v -2.5 6.1 -0.1
v -2.2 6.1 -0.1
v -2.2 6.3 -0.1
v -2.1 6.1 -0.1
v -2.1 6.3 -0.1
v -1.7 7 -0.1
v -1.7 7.1 -0.1
v -1.6 7 -0.1
v -1.6 7.1 -0.1
v 1.6 7 -0.1
v 1.6 7.1 -0.1
v 1.7 7 -0.1
v 1.7 7.1 -0.1
v 2.7 5.1 -0.1
v 2.7 6 -0.1
v 3 5.1 -0.1
v 3 6 -0.1
v -2.5 1.5 -0.2
v -2.5 1.6 -0.2
v -2.4 1.5 -0.2
v -2.4 1.6 -0.2
v -2.1 6.1 -0.3
v -2.1 6.3 -0.3
v -2 6.1 -0.3
v -2 6.3 -0.3
v 2.1 2.2 -0.3
v 2.1 3.4 -0.3
v 2.4 2.2 -0.3
v 2.4 3.4 -0.3
v -2 6.1 -0.4
v -2 6.3 -0.4
v -1.9 6.1 -0.4
v -1.9 6.3 -0.4
v 2 4.9 -0.4
v 2 5 -0.4
v 2.1 4.9 -0.4
v 2.1 5 -0.4
v -1.9 6.1 -0.6
v -1.9 6.3 -0.6
v -1.8 6.1 -0.6
v -1.8 6.3 -0.6
v -1.8 6.1 -0.8
v -1.8 6.3 -0.8
v -1.7 6.1 -0.8
v -1.7 6.3 -0.8
v -2.4 1.4 -0.9
v -2.4 1.5 -0.9
v -2.3 1.4 -0.9
v -2.3 1.5 -0.9
v -1.7 6.1 -1
v -1.7 6.3 -1
v -1.6 6.1 -1
v -1.6 6.3 -1
v -1.6 6.1 -1.1
v -1.6 6.3 -1.1
v -1.6 7 -1.1
v -1.6 7.1 -1.1
v -1.3 7 -1.1
v -1.3 7.1 -1.1
v -1.1 6.1 -1.1
v -1.1 6.3 -1.1
v 1.3 7 -1.1
v 1.3 7.1 -1.1
v 1.6 7 -1.1
v 1.6 7.1 -1.1
v -1.3 7 -1.2
v -1.3 7.1 -1.2
v -1.1 7 -1.2
v -1.1 7.1 -1.2
v 1.1 7 -1.2
v 1.1 7.1 -1.2
v 1.3 7 -1.2
v 1.3 7.1 -1.2
v -1.5 5 -1.3
v -1.5 5.1 -1.3
v -1.4 5 -1.3
v -1.4 5.1 -1.3
v -1.1 7 -1.3
v -1.1 7.1 -1.3
v -1 7 -1.3
v -1 7.1 -1.3
v 1 7 -1.3
v 1 7.1 -1.3
v 1.1 7 -1.3
v 1.1 7.1 -1.3
v -1 7 -1.4
v -1 7.1 -1.4
v -0.9 7.1 -1.4
v -0.9 7.2 -1.4
v 0.9 7.1 -1.4
v 0.9 7.2 -1.4
v 1 7 -1.4
v 1 7.1 -1.4
v -0.9 3.3 -1.5
v -0.9 3.5 -1.5
v -0.9 4.1 -1.5
v -0.9 4.2 -1.5
v -0.9 4.4 -1.5
v -0.9 5.1 -1.5
v -0.9 5.3 -1.5
v 0.8 3.3 -1.5
v 0.8 3.5 -1.5
v 0.8 4.1 -1.5
v 0.8 4.2 -1.5
v 0.8 4.4 -1.5
v 0.8 5.1 -1.5
v 0.8 5.3 -1.5
v 1.8 3.8 2.4
v 1.8 3.9 2.4
v 2.1 3.8 2.4
v 2.1 3.9 2.4
v -2.5 5.6 2
v -2.5 5.9 2
v -2.1 5.6 2
v -2.1 5.9 2
v -2 7 2
v -2 7.2 2
v -2 7.3 2
v -2 7.4 2
v -1.9 7 2
v -1.9 7.2 2
v -1.9 7.3 2
v -1.9 7.4 2
v -1.5 7 2
v -1.5 7.2 2
v -1.5 7.3 2
v -1.5 7.4 2
v -1.4 7 2
v -1.4 7.2 2
v -1.4 7.3 2
v -1.4 7.4 2
v -0.6 7 2
v -0.6 7.2 2
v -0.6 7.3 2
v -0.6 7.4 2
v -0.5 7 2
v -0.5 7.2 2
v -0.5 7.3 2
v -0.5 7.4 2
v -0.0999999 7 2
v -0.0999999 7.2 2
v 0.0999999 7 2
v 0.0999999 7.2 2
v 0.5 7 2
v 0.5 7.2 2
v 0.5 7.3 2
v 0.5 7.4 2
v 0.6 7 2
v 0.6 7.2 2
v 0.6 7.3 2
v 0.6 7.4 2
v 1.4 7 2
v 1.4 7.2 2
v 1.4 7.3 2
v 1.4 7.4 2
v 1.5 7 2
v 1.5 7.2 2
v 1.5 7.3 2
v 1.5 7.4 2
v 1.9 7 2
v 1.9 7.2 2
v 1.9 7.3 2
v 1.9 7.4 2
v 2 7 2
v 2 7.2 2
v 2 7.3 2
v 2 7.4 2
v -2.5 2.1 1.9
v -2.5 3 1.9
v -2.5 3.1 1.9
v -2.5 4.1 1.9
v -2.5 6.6 1.9
v -2.5 6.8 1.9
v -2.4 2.1 1.9
v -2.4 2.9 1.9
v -2.3 2.1 1.9
v -2.3 2.9 1.9
v -2.3 3 1.9
v -2.1 6.6 1.9
v -2.1 6.8 1.9
v -2 3.1 1.9
v -2 4.1 1.9
v -1.9 3.1 1.9
v -1.9 4.1 1.9
v 2.3 0.2 1.9
v 2.3 1.1 1.9
v 2.6 0.2 1.9
v 2.6 1.1 1.9
v -2.6 1.7 1.6
v -2.6 1.8 1.6
v -2.5 1.7 1.6
v -2.5 1.8 1.6
v 2.7 5.1 1.5
v 2.7 6 1.5
v 3 5.1 1.5
v 3 6 1.5
v -2 7 1.4
v -2 7.2 1.4
v -2 7.3 1.4
v -2 7.4 1.4
v -1.9 7 1.4
v -1.9 7.2 1.4
v -1.9 7.3 1.4
v -1.9 7.4 1.4
v -1.6 7 1.4
v -1.6 8.8 1.4
v -1.5 7.5 1.4
v -1.5 8.7 1.4
v -1.4 7 1.4
v -1.4 7.3 1.4
v -1.4 7.6 1.4
v -1.4 8.6 1.4
v -1.3 7.3 1.4
v -1.3 7.4 1.4
v -1 7.7 1.4
v -1 7.9 1.4
v -0.9 7.7 1.4
v -0.9 7.8 1.4
v -0.9 7.9 1.4
v -0.9 8.3 1.4
v -0.8 7.7 1.4
v -0.8 7.8 1.4
v -0.8 7.9 1.4
v -0.8 8.1 1.4
v -0.8 8.2 1.4
v -0.8 8.3 1.4
v -0.8 8.5 1.4
v -0.7 7.7 1.4
v -0.7 7.8 1.4
v -0.7 8.1 1.4
v -0.7 8.2 1.4
v -0.7 8.4 1.4
v -0.6 7.7 1.4
v -0.6 7.8 1.4
v -0.5 7.7 1.4
v -0.5 7.8 1.4
v -0.5 8.1 1.4
v -0.5 8.2 1.4
v -0.5 8.4 1.4
v -0.4 7.7 1.4
v -0.4 7.8 1.4
v -0.4 7.9 1.4
v -0.4 8.1 1.4
v -0.4 8.2 1.4
v -0.4 8.3 1.4
v -0.4 8.5 1.4
v -0.3 7.7 1.4
v -0.3 8.3 1.4
v 0 8 1.4
v 0 8.1 1.4
v 0 8.2 1.4
v 0 8.3 1.4
v 0.0999999 7.9 1.4
v 0.0999999 8 1.4
v 0.2 8.1 1.4
v 0.2 8.2 1.4
v 0.2 8.3 1.4
v 0.2 8.4 1.4
v 0.3 7.8 1.4
v 0.3 7.9 1.4
v 0.3 8.2 1.4
v 0.3 8.3 1.4
v 0.3 8.4 1.4
v 0.3 8.5 1.4
v 0.4 7.8 1.4
v 0.4 7.9 1.4
v 0.4 8.2 1.4
v 0.4 8.3 1.4
v 0.4 8.4 1.4
v 0.4 8.5 1.4
v 0.5 7.9 1.4
v 0.5 8 1.4
v 0.5 8.2 1.4
v 0.5 8.4 1.4
v 0.6 8 1.4
v 0.6 8.2 1.4
v 0.7 7.8 1.4
v 0.7 8.4 1.4
v 0.8 7.8 1.4
v 0.8 7.9 1.4
v 0.8 8 1.4
v 0.8 8.2 1.4
v 0.8 8.3 1.4
v 0.8 8.4 1.4
v 0.8 8.5 1.4
v 0.9 7.8 1.4
v 0.9 7.9 1.4
v 0.9 8.2 1.4
v 0.9 8.3 1.4
v 0.9 8.4 1.4
v 1 7.8 1.4
v 1 7.9 1.4
v 1.1 7.8 1.4
v 1.1 7.9 1.4
v 1.1 8.2 1.4
v 1.1 8.3 1.4
v 1.1 8.4 1.4
v 1.2 7.8 1.4
v 1.2 7.9 1.4
v 1.2 8 1.4
v 1.2 8.2 1.4
v 1.2 8.3 1.4
v 1.2 8.4 1.4
v 1.2 8.5 1.4
v 1.3 7.3 1.4
v 1.3 7.4 1.4
v 1.3 7.6 1.4
v 1.3 7.9 1.4
v 1.3 8.4 1.4
v 1.3 8.6 1.4
v 1.4 7 1.4
v 1.4 7.3 1.4
v 1.4 7.5 1.4
v 1.4 8.7 1.4
v 1.6 7 1.4
v 1.6 8.8 1.4
v 1.9 7 1.4
v 1.9 7.2 1.4
v 1.9 7.3 1.4
v 1.9 7.4 1.4
v 2 3.8 1.4
v 2 3.9 1.4
v 2 7 1.4
v 2 7.2 1.4
v 2 7.3 1.4
v 2 7.4 1.4
v 2.1 3.8 1.4
v 2.1 3.9 1.4
v -2.6 4.8 1.3
v -2.6 4.9 1.3
v -2.5 0.1 1.3
v -2.5 1.2 1.3
v -2.5 4.8 1.3
v -2.5 4.9 1.3
v -1.8 1.2 1.3
v -1.7 0.1 1.3
v -1.7 1.2 1.3
v -2 7 0.9
v -2 7.4 0.9
v -1.9 7 0.9
v -1.9 7.4 0.9
v 1.9 7 0.9
v 1.9 7.4 0.9
v 2 7 0.9
v 2 7.4 0.9
v 2.1 2.2 0.9
v 2.1 3.4 0.9
v 2.4 2.2 0.9
v 2.4 3.4 0.9
v -2.6 1.6 0.8
v -2.6 1.7 0.8
v -2.5 1.6 0.8
v -2.5 1.7 0.8
v -2.6 6.1 0.4
v -2.6 6.2 0.4
v -2.5 6.1 0.4
v -2.5 6.2 0.4
v -2.6 1.5 0.3
v -2.6 1.6 0.3
v -2.6 4.7 0.3
v -2.6 4.8 0.3
v -2.5 1.2 0.3
v -2.5 1.5 0.3
v -2.5 1.6 0.3
v -2.5 4.7 0.3
v -2.5 4.8 0.3
v -2.5 6.1 0.3
v -2.5 6.3 0.3
v -2.5 7 0.3
v -2.5 7.1 0.3
v -2.4 1.2 0.3
v -2.4 4.7 0.3
v -2.4 4.8 0.3
v -2.4 6.1 0.3
v -2.4 6.3 0.3
v -2.4 6.9 0.3
v -2.4 7 0.3
v -2.4 7.1 0.3
v -2.3 6.1 0.3
v -2.3 6.2 0.3
v -1.8 6.1 0.3
v -1.7 6.1 0.3
v -1.7 6.2 0.3
v -2.6 6.1 0.2
v -2.6 6.2 0.2
v -2.5 6.1 0.2
v -2.5 6.2 0.2
v 2 3.9 0.2
v 2 4 0.2
v 2.1 3.9 0.2
v 2.1 4 0.2
v -2.5 4.7 0.0999999
v -2.5 4.8 0.0999999
v -2.5 6.1 0.0999999
v -2.5 6.3 0.0999999
v -2.4 4.7 0.0999999
v -2.4 4.8 0.0999999
v -2.4 6.1 0.0999999
v -2.4 6.3 0.0999999
v -2.4 6.9 0.0999999
v -2.4 7 0.0999999
v -2.4 7.1 0.0999999
v -2.2 6.2 0.0999999
v -2.2 6.3 0.0999999
v -2 7 0.0999999
v -2 7.1 0.0999999
v -1.7 6.2 0.0999999
v -1.7 6.9 0.0999999
v -2.4 1.2 -2.38419e-07
v -2.4 1.4 -2.38419e-07
v -2.4 6.1 -2.38419e-07
v -2.4 6.3 -2.38419e-07
v -2.3 1.4 -2.38419e-07
v -2.3 6.1 -2.38419e-07
v -2.3 6.3 -2.38419e-07
v -1.8 1.2 -2.38419e-07
v -1.8 1.4 -2.38419e-07
v -1.7 1.2 -2.38419e-07
v -1.7 1.4 -2.38419e-07
v 2 0.1 -2.38419e-07
v 2 1.4 -2.38419e-07
v 2.6 0.1 -2.38419e-07
v 2.6 1.4 -2.38419e-07
v -2.4 6.9 -0.1
v -2.4 7 -0.1
v -2.3 6.1 -0.1
v -2.3 6.3 -0.1
v -2.3 6.9 -0.1
v -2.3 7 -0.1
v -2.2 6.1 -0.1
v -2.2 6.3 -0.1
v -2.3 6.9 -0.2
v -2.3 7 -0.2
v -2 6.9 -0.2
v -2 7 -0.2
v -1.7 0.1 -0.2
v -1.7 1.4 -0.2
v -1.6 0.2 -0.2
v -1.6 1.4 -0.2
v -1.1 0.1 -0.2
v -1.1 0.2 -0.2
v -1.1 1.4 -0.2
v -2.4 1.5 -0.3
v -2.4 1.6 -0.3
v -2.4 5.9 -0.3
v -2.4 6 -0.3
v -2.2 6.1 -0.3
v -2.2 6.3 -0.3
v -2.1 1.5 -0.3
v -2.1 5.9 -0.3
v -2.1 6 -0.3
v -2.1 6.1 -0.3
v -2.1 6.3 -0.3
v 2 4.9 -0.3
v 2 6.2 -0.3
v 2.1 6.2 -0.3
v 3 4.9 -0.3
v 3 6.2 -0.3
v -2.1 6.1 -0.4
v -2.1 6.3 -0.4
v -2 6.1 -0.4
v -2 6.3 -0.4
v -2.6 1.4 -0.5
v -2.6 1.5 -0.5
v -2.6 6 -0.5
v -2.6 6.1 -0.5
v -2.5 1.4 -0.5
v -2.5 1.5 -0.5
v -2.5 1.6 -0.5
v -2.5 6 -0.5
v -2.5 6.1 -0.5
v -2.4 1.4 -0.5
v -2.4 1.5 -0.5
v -2.4 1.6 -0.5
v -2 7 -0.5
v -2 7.2 -0.5
v -1.9 7 -0.5
v -1.9 7.2 -0.5
v 1.9 0.1 -0.5
v 1.9 1.8 -0.5
v 1.9 1.9 -0.5
v 1.9 4 -0.5
v 1.9 4.1 -0.5
v 1.9 4.9 -0.5
v 1.9 5 -0.5
v 1.9 6.2 -0.5
v 1.9 6.3 -0.5
v 1.9 7 -0.5
v 1.9 7.2 -0.5
v 2 0.1 -0.5
v 2 1.8 -0.5
v 2 1.9 -0.5
v 2 2 -0.5
v 2 3.6 -0.5
v 2 4 -0.5
v 2 4.1 -0.5
v 2 4.9 -0.5
v 2 5 -0.5
v 2 6.2 -0.5
v 2 6.3 -0.5
v 2 7 -0.5
v 2 7.2 -0.5
v 2.1 1.8 -0.5
v 2.1 1.9 -0.5
v 2.1 4 -0.5
v 2.1 4.1 -0.5
v 2.1 4.9 -0.5
v 2.1 5 -0.5
v 2.1 6.2 -0.5
v 2.1 6.3 -0.5
v 2.4 2 -0.5
v 2.4 3.6 -0.5
v -2 6.1 -0.6
v -2 6.3 -0.6
v -1.9 6.1 -0.6
v -1.9 6.3 -0.6
v -2.4 1.4 -0.7
v -2.4 1.5 -0.7
v -2.3 1.4 -0.7
v -2.3 1.5 -0.7
v -1.1 0.1 -0.7
v -1.1 1.4 -0.7
v -1 0.2 -0.7
v -1 1.4 -0.7
v -0.4 0.2 -0.7
v -0.4 1.4 -0.7
v -0.3 0.1 -0.7
v -0.3 0.2 -0.7
v -0.3 1.4 -0.7
v 1.8 0.1 -0.7
v 1.8 1.8 -0.7
v 1.8 1.9 -0.7
v 1.8 4 -0.7
v 1.8 4.1 -0.7
v 1.8 4.9 -0.7
v 1.8 5 -0.7
v 1.8 6.2 -0.7
v 1.8 6.3 -0.7
v 1.8 7 -0.7
v 1.9 0.1 -0.7
v 1.9 1.8 -0.7
v 1.9 1.9 -0.7
v 1.9 4 -0.7
v 1.9 4.1 -0.7
v 1.9 4.9 -0.7
v 1.9 5 -0.7
v 1.9 6.2 -0.7
v 1.9 6.3 -0.7
v 1.9 7 -0.7
v 2 1.8 -0.7
v 2 1.9 -0.7
v 2 4 -0.7
v 2 4.1 -0.7
v 2 4.9 -0.7
v 2 5 -0.7
v 2 6.2 -0.7
v 2 6.3 -0.7
v -1.9 6.1 -0.8
v -1.9 6.3 -0.8
v -1.8 6.1 -0.8
v -1.8 6.3 -0.8
v -1.7 6.1 -0.8
v -1.7 6.3 -0.8
v -1.7 6.9 -0.8
v -1.4 6.1 -0.8
v -1.4 6.9 -0.8
v 1.7 0.1 -0.9
v 1.7 1.8 -0.9
v 1.7 1.9 -0.9
v 1.7 4 -0.9
v 1.7 4.1 -0.9
v 1.7 4.9 -0.9
v 1.7 5 -0.9
v 1.7 6.2 -0.9
v 1.7 6.3 -0.9
v 1.7 7 -0.9
v 1.8 0.1 -0.9
v 1.8 1.8 -0.9
v 1.8 1.9 -0.9
v 1.8 4 -0.9
v 1.8 4.1 -0.9
v 1.8 4.9 -0.9
v 1.8 5 -0.9
v 1.8 6.2 -0.9
v 1.8 6.3 -0.9
v 1.8 7 -0.9
v 1.9 1.8 -0.9
v 1.9 1.9 -0.9
v 1.9 4 -0.9
v 1.9 4.1 -0.9
v 1.9 4.9 -0.9
v 1.9 5 -0.9
v 1.9 6.2 -0.9
v 1.9 6.3 -0.9
v -2.5 6 -1
v -2.5 6.1 -1
v -2.4 1.4 -1
v -2.4 1.5 -1
v -2.4 6 -1
v -2.4 6.1 -1
v -2.3 1.4 -1
v -2.3 1.5 -1
v -2.1 1.5 -1
v -2.1 5.9 -1
v -2.1 6 -1
v -2 6.9 -1
v -2 7 -1
v -1.9 6.9 -1
v -1.9 7 -1
v -1.8 1.5 -1
v -1.8 5.9 -1
v -1.8 6 -1
v -1.8 6.1 -1
v -1.8 6.3 -1
v -1.7 6.1 -1
v -1.7 6.3 -1
v -1.4 6.1 -1
v -1.4 6.9 -1
v -1.2 6.2 -1
v -1.2 6.9 -1
v -1.1 6.1 -1
v -1.1 6.2 -1
v -1.1 6.9 -1
v -0.9 2.1 -1
v -0.9 3.1 -1
v 0.8 2.1 -1
v 0.8 3.1 -1
v 1.6 0.1 -1
v 1.6 1.8 -1
v 1.6 1.9 -1
v 1.6 4 -1
v 1.6 4.1 -1
v 1.6 4.9 -1
v 1.6 5 -1
v 1.6 6.2 -1
v 1.6 6.3 -1
v 1.6 7 -1
v 1.7 0.1 -1
v 1.7 1.8 -1
v 1.7 1.9 -1
v 1.7 4 -1
v 1.7 4.1 -1
v 1.7 4.9 -1
v 1.7 5 -1
v 1.7 6.2 -1
v 1.7 6.3 -1
v 1.7 7 -1
v 1.8 1.8 -1
v 1.8 1.9 -1
v 1.8 4 -1
v 1.8 4.1 -1
v 1.8 4.9 -1
v 1.8 5 -1
v 1.8 6.2 -1
v 1.8 6.3 -1
v -2.4 6 -1.1
v -2.4 6.1 -1.1
v -2.3 1.4 -1.1
v -2.3 1.5 -1.1
v -2.3 6 -1.1
v -2.3 6.1 -1.1
v -2.1 1.4 -1.1
v -2.1 1.5 -1.1
v -1.9 6.9 -1.1
v -1.9 7 -1.1
v -1.8 6.9 -1.1
v -1.8 7 -1.1
v -1.7 6.1 -1.1
v -1.7 6.3 -1.1
v -1.7 7 -1.1
v -1.7 7.1 -1.1
v -1.6 6.1 -1.1
v -1.6 6.3 -1.1
v -1.6 7 -1.1
v -1.6 7.1 -1.1
v -0.9 4.1 -1.1
v -0.9 4.2 -1.1
v -0.9 4.9 -1.1
v -0.9 5.1 -1.1
v -0.9 6 -1.1
v 0.7 4.9 -1.1
v 0.8 4.1 -1.1
v 0.8 4.9 -1.1
v 0.8 5.1 -1.1
v 0.8 6 -1.1
v 1.5 0.1 -1.1
v 1.5 1.8 -1.1
v 1.5 1.9 -1.1
v 1.5 4 -1.1
v 1.5 4.1 -1.1
v 1.5 4.9 -1.1
v 1.5 5 -1.1
v 1.5 6.2 -1.1
v 1.5 6.3 -1.1
v 1.5 7 -1.1
v 1.6 0.1 -1.1
v 1.6 1.8 -1.1
v 1.6 1.9 -1.1
v 1.6 4 -1.1
v 1.6 4.1 -1.1
v 1.6 4.9 -1.1
v 1.6 5 -1.1
v 1.6 6.2 -1.1
v 1.6 6.3 -1.1
v 1.6 7 -1.1
v 1.6 7.1 -1.1
v 1.7 1.8 -1.1
v 1.7 1.9 -1.1
v 1.7 4 -1.1
v 1.7 4.1 -1.1
v 1.7 4.9 -1.1
v 1.7 5 -1.1
v 1.7 6.2 -1.1
v 1.7 6.3 -1.1
v 1.7 7 -1.1
v 1.7 7.1 -1.1
v -2.3 6 -1.2
v -2.3 6.1 -1.2
v -2.2 6 -1.2
v -2.2 6.1 -1.2
v -2.1 1.4 -1.2
v -2.1 1.5 -1.2
v -1.9 1.4 -1.2
v -1.9 1.5 -1.2
v -1.8 1.5 -1.2
v -1.8 5.9 -1.2
v -1.8 6 -1.2
v -1.6 6.1 -1.2
v -1.6 6.3 -1.2
v -1.6 7 -1.2
v -1.6 7.1 -1.2
v -1.4 1.5 -1.2
v -1.4 5.9 -1.2
v -1.4 6 -1.2
v -1.4 6.1 -1.2
v -1.3 7 -1.2
v -1.3 7.1 -1.2
v -1.2 6.2 -1.2
v -1.2 6.3 -1.2
v -1.1 6.1 -1.2
v -1.1 6.2 -1.2
v -0.9 3.3 -1.2
v -0.9 3.8 -1.2
v 0.8 3.3 -1.2
v 0.8 3.8 -1.2
v 1.3 0.1 -1.2
v 1.3 1.8 -1.2
v 1.3 1.9 -1.2
v 1.3 3.9 -1.2
v 1.3 4.1 -1.2
v 1.3 4.9 -1.2
v 1.3 5 -1.2
v 1.3 6.2 -1.2
v 1.3 6.3 -1.2
v 1.3 7 -1.2
v 1.3 7.1 -1.2
v 1.4 3.9 -1.2
v 1.4 4 -1.2
v 1.5 0.1 -1.2
v 1.5 1.8 -1.2
v 1.5 1.9 -1.2
v 1.5 4 -1.2
v 1.5 4.1 -1.2
v 1.5 4.9 -1.2
v 1.5 5 -1.2
v 1.5 6.2 -1.2
v 1.5 6.3 -1.2
v 1.5 7 -1.2
v 1.6 1.8 -1.2
v 1.6 1.9 -1.2
v 1.6 4 -1.2
v 1.6 4.1 -1.2
v 1.6 4.9 -1.2
v 1.6 5 -1.2
v 1.6 6.2 -1.2
v 1.6 6.3 -1.2
v 1.6 7 -1.2
v 1.6 7.1 -1.2
v -2.2 6 -1.3
v -2.2 6.1 -1.3
v -2.1 6 -1.3
v -2.1 6.1 -1.3
v -1.9 1.4 -1.3
v -1.9 1.5 -1.3
v -1.8 1.4 -1.3
v -1.8 1.5 -1.3
v -1.8 6.9 -1.3
v -1.8 7 -1.3
v -1.3 6.9 -1.3
v -1.3 7 -1.3
v -1.3 7.1 -1.3
v -1.1 7 -1.3
v -1.1 7.1 -1.3
v 1.1 0.1 -1.3
v 1.1 1.8 -1.3
v 1.1 1.9 -1.3
v 1.1 3.9 -1.3
v 1.1 4 -1.3
v 1.1 4.9 -1.3
v 1.1 5 -1.3
v 1.1 6.2 -1.3
v 1.1 6.3 -1.3
v 1.1 7 -1.3
v 1.1 7.1 -1.3
v 1.2 3.9 -1.3
v 1.2 4 -1.3
v 1.2 4.1 -1.3
v 1.3 0.1 -1.3
v 1.3 1.8 -1.3
v 1.3 1.9 -1.3
v 1.3 3.9 -1.3
v 1.3 4 -1.3
v 1.3 4.1 -1.3
v 1.3 4.9 -1.3
v 1.3 5 -1.3
v 1.3 6.2 -1.3
v 1.3 6.3 -1.3
v 1.3 7 -1.3
v 1.3 7.1 -1.3
v 1.4 3.9 -1.3
v 1.4 4 -1.3
v 1.5 1.8 -1.3
v 1.5 1.9 -1.3
v 1.5 4 -1.3
v 1.5 4.1 -1.3
v 1.5 4.9 -1.3
v 1.5 5 -1.3
v 1.5 6.2 -1.3
v 1.5 6.3 -1.3
v -2.1 6 -1.4
v -2.1 6.1 -1.4
v -1.9 6 -1.4
v -1.9 6.1 -1.4
v -1.8 1.4 -1.4
v -1.8 1.5 -1.4
v -1.5 5 -1.4
v -1.5 5.1 -1.4
v -1.4 1.4 -1.4
v -1.4 1.5 -1.4
v -1.4 5 -1.4
v -1.4 5.1 -1.4
v -1.4 6 -1.4
v -1.4 6.1 -1.4
v -1.3 1.8 -1.4
v -1.3 1.9 -1.4
v -1.3 6 -1.4
v -1.3 6.1 -1.4
v -1.3 6.9 -1.4
v -1.3 7 -1.4
v -1.1 1.4 -1.4
v -1.1 1.8 -1.4
v -1.1 1.9 -1.4
v -1.1 5 -1.4
v -1.1 5.1 -1.4
v -1.1 6 -1.4
v -1.1 6.1 -1.4
v -1.1 6.9 -1.4
v -1.1 7 -1.4
v -1.1 7.1 -1.4
v -1 6.9 -1.4
v -1 7 -1.4
v -1 7.1 -1.4
v -0.3 0.1 -1.4
v -0.3 1.4 -1.4
v -0.2 0.1 -1.4
v -0.2 1.4 -1.4
v 0.9 0.1 -1.4
v 0.9 1.8 -1.4
v 0.9 1.9 -1.4
v 0.9 2.1 -1.4
v 0.9 3 -1.4
v 0.9 3.2 -1.4
v 0.9 3.9 -1.4
v 0.9 4 -1.4
v 0.9 4.2 -1.4
v 0.9 4.9 -1.4
v 0.9 5 -1.4
v 0.9 5.1 -1.4
v 0.9 5.9 -1.4
v 0.9 6.2 -1.4
v 0.9 6.3 -1.4
v 0.9 7 -1.4
v 1 7 -1.4
v 1 7.1 -1.4
v 1.1 0.1 -1.4
v 1.1 1.8 -1.4
v 1.1 1.9 -1.4
v 1.1 3.9 -1.4
v 1.1 4 -1.4
v 1.1 4.9 -1.4
v 1.1 5 -1.4
v 1.1 6.2 -1.4
v 1.1 6.3 -1.4
v 1.1 7 -1.4
v 1.1 7.1 -1.4
v 1.2 3.9 -1.4
v 1.2 4 -1.4
v 1.2 4.1 -1.4
v 1.3 1.8 -1.4
v 1.3 1.9 -1.4
v 1.3 4 -1.4
v 1.3 4.1 -1.4
v 1.3 4.9 -1.4
v 1.3 5 -1.4
v 1.3 6.2 -1.4
v 1.3 6.3 -1.4
v -1.9 6 -1.5
v -1.9 6.1 -1.5
v -1.8 6 -1.5
v -1.8 6.1 -1.5
v -1.6 6 -1.5
v -1.6 6.1 -1.5
v -1.4 5 -1.5
v -1.4 5.1 -1.5
v -1.4 6 -1.5
v -1.4 6.1 -1.5
v -1.3 1.8 -1.5
v -1.3 1.9 -1.5
v -1.2 6.2 -1.5
v -1.2 6.3 -1.5
v -1.1 1.4 -1.5
v -1.1 1.8 -1.5
v -1.1 1.9 -1.5
v -1.1 5 -1.5
v -1.1 5.1 -1.5
v -1.1 6.2 -1.5
v -1.1 6.3 -1.5
v -1.1 6.9 -1.5
v -1 2.1 -1.5
v -1 3 -1.5
v -1 3.1 -1.5
v -1 3.5 -1.5
v -1 3.9 -1.5
v -1 4 -1.5
v -1 4.4 -1.5
v -1 4.9 -1.5
v -1 5.1 -1.5
v -1 5.9 -1.5
v -1 6.9 -1.5
v -1 7 -1.5
v -1 7.1 -1.5
v -0.9 2 -1.5
v -0.9 2.1 -1.5
v -0.9 3 -1.5
v -0.9 3.1 -1.5
v -0.9 3.5 -1.5
v -0.9 3.8 -1.5
v -0.9 3.9 -1.5
v -0.9 4.4 -1.5
v -0.9 4.9 -1.5
v -0.9 5 -1.5
v -0.9 5.1 -1.5
v -0.9 5.3 -1.5
v -0.9 5.9 -1.5
v -0.9 6 -1.5
v -0.9 6.2 -1.5
v -0.9 7.1 -1.5
v -0.9 7.2 -1.5
v -0.2 0.1 -1.5
v -0.2 1.4 -1.5
v 0 0.1 -1.5
v 0 1.3 -1.5
v 0.8 2 -1.5
v 0.8 2.1 -1.5
v 0.8 3 -1.5
v 0.8 3.1 -1.5
v 0.8 3.2 -1.5
v 0.8 3.5 -1.5
v 0.8 3.8 -1.5
v 0.8 3.9 -1.5
v 0.8 4 -1.5
v 0.8 4.2 -1.5
v 0.8 4.4 -1.5
v 0.8 4.9 -1.5
v 0.8 5.1 -1.5
v 0.8 5.3 -1.5
v 0.8 5.9 -1.5
v 0.8 6 -1.5
v 0.8 6.2 -1.5
v 0.9 1.3 -1.5
v 0.9 1.8 -1.5
v 0.9 1.9 -1.5
v 0.9 2.1 -1.5
v 0.9 3 -1.5
v 0.9 3.2 -1.5
v 0.9 3.9 -1.5
v 0.9 4 -1.5
v 0.9 4.2 -1.5
v 0.9 4.9 -1.5
v 0.9 5 -1.5
v 0.9 5.1 -1.5
v 0.9 5.9 -1.5
v 0.9 6.2 -1.5
v 0.9 6.3 -1.5
v 0.9 7 -1.5
v 0.9 7.1 -1.5
v 0.9 7.2 -1.5
v 1 7 -1.5
v 1 7.1 -1.5
v 1.1 1.8 -1.5
v 1.1 1.9 -1.5
v 1.1 3.9 -1.5
v 1.1 4 -1.5
v 1.1 4.9 -1.5
v 1.1 5 -1.5
v 1.1 6.2 -1.5
v 1.1 6.3 -1.5
v -1.8 6 -1.6
v -1.8 6.1 -1.6
v -1.6 6 -1.6
v -1.6 6.1 -1.6
v -1.1 1.8 -1.6
v -1.1 1.9 -1.6
v -1.1 5 -1.6
v -1.1 5.1 -1.6
v -1.1 6.2 -1.6
v -1.1 6.3 -1.6
v -1 3.4 -1.6
v -1 3.5 -1.6
v -1 4.3 -1.6
v -1 4.4 -1.6
v -0.9 5 -1.6
v -0.9 5.1 -1.6
v -0.9 6.2 -1.6
v -0.9 6.3 -1.6
v 0.0999999 0.1 -1.6
v 0.0999999 1.2 -1.6
v 0.8 0.1 -1.6
v 0.8 1.2 -1.6
v 0.8 3.4 -1.6
v 0.8 3.5 -1.6
v 0.8 3.9 -1.6
v 0.8 4 -1.6
v 0.8 4.3 -1.6
v 0.8 4.4 -1.6
v 0.8 6.2 -1.6
v 0.8 6.3 -1.6
v 0.9 1.8 -1.6
v 0.9 1.9 -1.6
v 0.9 3.9 -1.6
v 0.9 4 -1.6
v 0.9 6.2 -1.6
v 0.9 6.3 -1.6
v -0.9 5.2 -1.7
v -0.9 5.3 -1.7
v 0 0.1 -1.7
v 0 1.3 -1.7
v 0.0999999 0.1 -1.7
v 0.0999999 1.2 -1.7
v 0.8 0.1 -1.7
v 0.8 1.2 -1.7
v 0.8 5.2 -1.7
v 0.8 5.3 -1.7
v 0.9 0.1 -1.7
v 0.9 1.3 -1.7
v -1 3.3 -1.8
v -1 3.4 -1.8
v -1 4.2 -1.8
v -1 4.3 -1.8
v -0.9 6.2 -1.8
v -0.9 6.3 -1.8
v 0.8 3.3 -1.8
v 0.8 3.4 -1.8
v 0.8 4.2 -1.8
v 0.8 4.3 -1.8
v 0.8 6.2 -1.8
v 0.8 6.3 -1.8
v -0.9 5.1 -1.9
v -0.9 5.2 -1.9
v -0.9 6.1 -1.9
v -0.9 6.2 -1.9
v 0.8 5.1 -1.9
v 0.8 5.2 -1.9
v 0.8 6.1 -1.9
v 0.8 6.2 -1.9
v -0.9 6 -2
v -0.9 6.1 -2
v 0.8 6 -2
v 0.8 6.1 -2
v -1 4 -2.1
v -1 4.2 -2.1
v -0.9 4.9 -2.1
v -0.9 5.1 -2.1
v 0.8 4 -2.1
v 0.8 4.2 -2.1
v 0.8 4.9 -2.1
v 0.8 5.1 -2.1
v -1 3.1 -2.2
v -1 3.3 -2.2
v 0.8 3.1 -2.2
v 0.8 3.3 -2.2
v -2.5 0.1 2.1
v 1.2 0.1 2.1
v 1.9 0.1 2.1
v 2.6 0.1 2.1
v 1.2 0.1 2
v 1.9 0.1 2
v 1.1 0.1 1.6
v 1.2 0.1 1.6
v 1.9 0.1 1.6
v 2 0.1 1.6
v 1.1 0.1 1.5
v 1.2 0.1 1.5
v 1.9 0.1 1.5
v 2 0.1 1.5
v 1.2 0.1 1.4
v 1.9 0.1 1.4
v -2.5 0.1 1.3
v -1.7 0.1 1.3
v -1.6 0.1 1.3
v 2 0.1 -2.38419e-07
v 2.6 0.1 -2.38419e-07
v -1.6 0.1 -0.1
v -1.1 0.1 -0.1
v -1.7 0.1 -0.2
v -1.1 0.1 -0.2
v -1 0.1 -0.2
v 1.9 0.1 -0.5
v 2 0.1 -0.5
v -1 0.1 -0.6
v -0.3 0.1 -0.6
v -1.1 0.1 -0.7
v -0.3 0.1 -0.7
v -0.2 0.1 -0.7
v 1.8 0.1 -0.7
v 1.9 0.1 -0.7
v -0.3 0.1 -0.8
v -0.2 0.1 -0.8
v 1.7 0.1 -0.9
v 1.8 0.1 -0.9
v 1.6 0.1 -1
v 1.7 0.1 -1
v 1.5 0.1 -1.1
v 1.6 0.1 -1.1
v 1.3 0.1 -1.2
v 1.5 0.1 -1.2
v 1.1 0.1 -1.3
v 1.3 0.1 -1.3
v -0.3 0.1 -1.4
v -0.2 0.1 -1.4
v 0.9 0.1 -1.4
v 1.1 0.1 -1.4
v -0.2 0.1 -1.5
v 0 0.1 -1.5
v 0.0999999 0.1 -1.5
v 0.8 0.1 -1.5
v 0.9 0.1 -1.5
v 0.0999999 0.1 -1.6
v 0.8 0.1 -1.6
v 0 0.1 -1.7
v 0.0999999 0.1 -1.7
v 0.8 0.1 -1.7
v 0.9 0.1 -1.7
v 1.2 0.9 2.5
v 2 0.9 2.5
v -2 0.9 2.1
v 0.9 0.9 2.1
v 1.2 0.9 2.1
v 1.9 0.9 2.1
v 2 0.9 2.1
v -2 0.9 1.7
v 0.9 0.9 1.7
v 1.2 0.9 1.7
v 1.5 0.9 1.7
v 1.2 0.9 1.6
v 1.5 0.9 1.6
v 1.9 0.9 1.6
v 1.2 0.9 1.5
v 1.9 0.9 1.5
v -2 1 2.2
v 1.2 1 2.2
v -2 1 2.1
v 1.2 1 2.1
v 2.3 1.1 1.9
v 2.6 1.1 1.9
v 2.3 1.1 0.2
v 2.6 1.1 0.2
v -1.8 1.2 2.3
v 1.1 1.2 2.3
v -1.8 1.2 2.2
v 1.1 1.2 2.2
v -2.5 1.2 1.3
v -1.8 1.2 1.3
v -1.7 1.2 1.3
v -1.7 1.2 1.2
v -2.5 1.2 0.3
v -2.4 1.2 0.3
v -2.4 1.2 -2.38419e-07
v -1.8 1.2 -2.38419e-07
v -1.7 1.2 -2.38419e-07
v 0.0999999 1.2 -1.6
v 0.8 1.2 -1.6
v 0.0999999 1.2 -1.7
v 0.8 1.2 -1.7
v -2.6 1.4 -2.38419e-07
v -2.4 1.4 -2.38419e-07
v -2.3 1.4 -2.38419e-07
v -1.8 1.4 -2.38419e-07
v -1.7 1.4 -2.38419e-07
v -1.7 1.4 -0.1
v -2.3 1.4 -0.2
v -2.1 1.4 -0.2
v -1.7 1.4 -0.2
v -1.6 1.4 -0.2
v -1.1 1.4 -0.2
v -2.4 1.4 -0.3
v -2.1 1.4 -0.3
v -2 1.4 -0.3
v -1.8 1.4 -0.3
v -1.2 1.4 -0.3
v -2.6 1.4 -0.4
v -2.5 1.4 -0.4
v -2.6 1.4 -0.5
v -2.5 1.4 -0.5
v -2.4 1.4 -0.5
v -1.1 1.4 -0.6
v -2.4 1.4 -0.7
v -2.3 1.4 -0.7
v -1.1 1.4 -0.7
v -1 1.4 -0.7
v -0.4 1.4 -0.7
v -0.3 1.4 -0.7
v -1.2 1.4 -0.8
v -0.3 1.4 -0.8
v -2.4 1.4 -0.9
v -2.3 1.4 -0.9
v -2 1.4 -0.9
v -1.8 1.4 -0.9
v -2.4 1.4 -1
v -2.3 1.4 -1
v -2.1 1.4 -1
v -1.8 1.4 -1
v -1.7 1.4 -1
v -2.3 1.4 -1.1
v -2.1 1.4 -1.1
v -1.7 1.4 -1.1
v -1.4 1.4 -1.1
v -2.1 1.4 -1.2
v -1.9 1.4 -1.2
v -1.8 1.4 -1.2
v -1.4 1.4 -1.2
v -1.9 1.4 -1.3
v -1.8 1.4 -1.3
v -1.8 1.4 -1.4
v -1.4 1.4 -1.4
v -1.1 1.4 -1.4
v -0.3 1.4 -1.4
v -0.2 1.4 -1.4
v -1.1 1.4 -1.5
v -0.2 1.4 -1.5
v -2.6 1.5 0.8
v -2.5 1.5 0.8
v -2.6 1.5 0.3
v -2.5 1.5 0.3
v -2.6 1.6 1.6
v -2.5 1.6 1.6
v -2.6 1.6 0.8
v -2.5 1.6 0.8
v -2.5 1.7 2.2
v -2 1.7 2.2
v -2.6 1.7 2.1
v -2.5 1.7 2.1
v -2 1.7 2.1
v -2.6 1.7 1.6
v -2.5 1.7 1.6
v 1.3 1.8 2.2
v 2 1.8 2.2
v 1.3 1.8 2.1
v 2 1.8 2.1
v 2.1 1.8 2.1
v 1.9 1.8 -0.5
v 2 1.8 -0.5
v 2.1 1.8 -0.5
v 1.8 1.8 -0.7
v 1.9 1.8 -0.7
v 2 1.8 -0.7
v 1.7 1.8 -0.9
v 1.8 1.8 -0.9
v 1.9 1.8 -0.9
v 1.6 1.8 -1
v 1.7 1.8 -1
v 1.8 1.8 -1
v 1.5 1.8 -1.1
v 1.6 1.8 -1.1
v 1.7 1.8 -1.1
v 1.3 1.8 -1.2
v 1.5 1.8 -1.2
v 1.6 1.8 -1.2
v 1.1 1.8 -1.3
v 1.3 1.8 -1.3
v 1.5 1.8 -1.3
v -1.3 1.8 -1.4
v -1.1 1.8 -1.4
v 0.9 1.8 -1.4
v 1.1 1.8 -1.4
v 1.3 1.8 -1.4
v -1.3 1.8 -1.5
v -1.1 1.8 -1.5
v 0.9 1.8 -1.5
v 1.1 1.8 -1.5
v -1.1 1.8 -1.6
v 0.9 1.8 -1.6
v 2 2 1.1
v 2.4 2 1.1
v 2 2 -0.5
v 2.4 2 -0.5
v -2.5 3 1.9
v -2.3 3 1.9
v -2.5 3 0.4
v -2.3 3 0.4
v -0.9 3.1 -1
v 0.8 3.1 -1
v -0.9 3.1 -1.1
v 0.8 3.1 -1.1
v -1 3.1 -1.5
v -0.9 3.1 -1.5
v 0.8 3.1 -1.5
v -1 3.1 -2.2
v 0.8 3.1 -2.2
v 2.1 3.4 0.9
v 2.4 3.4 0.9
v 2.1 3.4 -0.3
v 2.4 3.4 -0.3
v 1.8 3.8 2.5
v 2.1 3.8 2.5
v 1.8 3.8 2.4
v 2.1 3.8 2.4
v 1.3 3.8 2.2
v 2.1 3.8 2.2
v 1.3 3.8 2.1
v 2 3.8 2.1
v 2 3.8 1.4
v 2.1 3.8 1.4
v -0.9 3.8 -1.2
v 0.8 3.8 -1.2
v -0.9 3.8 -1.3
v 0.8 3.8 -1.3
v -0.9 3.8 -1.4
v 0.8 3.8 -1.4
v -0.9 3.8 -1.5
v 0.8 3.8 -1.5
v 2 3.9 1.4
v 2.1 3.9 1.4
v 2 3.9 0.2
v 2.1 3.9 0.2
v 1.3 3.9 -1.2
v 1.4 3.9 -1.2
v 1.1 3.9 -1.3
v 1.2 3.9 -1.3
v 1.3 3.9 -1.3
v 1.4 3.9 -1.3
v 0.9 3.9 -1.4
v 1.1 3.9 -1.4
v 1.2 3.9 -1.4
v 0.8 3.9 -1.5
v 0.9 3.9 -1.5
v 1.1 3.9 -1.5
v 0.8 3.9 -1.6
v 0.9 3.9 -1.6
v 2 4 0.2
v 2.1 4 0.2
v 1.9 4 -0.5
v 2 4 -0.5
v 2.1 4 -0.5
v 1.8 4 -0.7
v 1.9 4 -0.7
v 2 4 -0.7
v 1.7 4 -0.9
v 1.8 4 -0.9
v 1.9 4 -0.9
v 1.6 4 -1
v 1.7 4 -1
v 1.8 4 -1
v 1.5 4 -1.1
v 1.6 4 -1.1
v 1.7 4 -1.1
v 1.4 4 -1.2
v 1.5 4 -1.2
v 1.6 4 -1.2
v 1.2 4 -1.3
v 1.3 4 -1.3
v 1.4 4 -1.3
v 1.5 4 -1.3
v 1.2 4 -1.4
v 1.3 4 -1.4
v -1 4 -1.5
v 0.8 4 -1.5
v 0.8 4 -1.6
v -1 4 -2.1
v 0.8 4 -2.1
v -2.5 4.1 1.9
v -2 4.1 1.9
v -1.9 4.1 1.9
v -2.5 4.1 0.4
v -2 4.1 0.4
v -1.9 4.1 0.4
v -2.6 4.7 1.3
v -2.5 4.7 1.3
v -2.6 4.7 0.3
v -2.5 4.7 0.3
v -2.4 4.7 0.3
v -2.4 4.7 0.2
v -2.5 4.7 0.0999999
v -2.4 4.7 0.0999999
v -2.5 4.8 2.2
v -2 4.8 2.2
v -2.6 4.8 2.1
v -2.5 4.8 2.1
v -2 4.8 2.1
v -2.6 4.8 1.3
v -2.5 4.8 1.3
v 1.3 4.9 2.2
v 2 4.9 2.2
v 1.3 4.9 2.1
v 2 4.9 2.1
v 2.1 4.9 2.1
v 2 4.9 1.8
v 2.1 4.9 1.8
v 3 4.9 1.8
v 2 4.9 -0.3
v 3 4.9 -0.3
v 2 4.9 -0.4
v 2.1 4.9 -0.4
v 1.9 4.9 -0.5
v 2 4.9 -0.5
v 2.1 4.9 -0.5
v 1.8 4.9 -0.7
v 1.9 4.9 -0.7
v 2 4.9 -0.7
v 1.7 4.9 -0.9
v 1.8 4.9 -0.9
v 1.9 4.9 -0.9
v 1.6 4.9 -1
v 1.7 4.9 -1
v 1.8 4.9 -1
v -0.9 4.9 -1.1
v 0.7 4.9 -1.1
v 0.8 4.9 -1.1
v 1.5 4.9 -1.1
v 1.6 4.9 -1.1
v 1.7 4.9 -1.1
v -0.9 4.9 -1.2
v 0.7 4.9 -1.2
v 0.8 4.9 -1.2
v 1.3 4.9 -1.2
v 1.5 4.9 -1.2
v 1.6 4.9 -1.2
v 1.1 4.9 -1.3
v 1.3 4.9 -1.3
v 1.5 4.9 -1.3
v -0.9 4.9 -1.4
v 0.8 4.9 -1.4
v 0.9 4.9 -1.4
v 1.1 4.9 -1.4
v 1.3 4.9 -1.4
v -0.9 4.9 -1.5
v 0.8 4.9 -1.5
v 0.9 4.9 -1.5
v 1.1 4.9 -1.5
v -0.9 4.9 -2.1
v 0.8 4.9 -2.1
v -1.5 5 -1.3
v -1.4 5 -1.3
v -1.5 5 -1.4
v -1.4 5 -1.4
v -1.1 5 -1.4
v -1.4 5 -1.5
v -1.1 5 -1.5
v -0.9 5 -1.5
v -1.1 5 -1.6
v -0.9 5 -1.6
v -2.5 5.9 2
v -2.1 5.9 2
v -2.5 5.9 0.5
v -2.1 5.9 0.5
v 2.7 6 1.5
v 3 6 1.5
v -2.5 6 0.0999999
v -2.4 6 0.0999999
v -2.6 6 -0.1
v -2.5 6 -0.1
v 2.7 6 -0.1
v 3 6 -0.1
v -2.4 6 -0.3
v -2.1 6 -0.3
v -2.6 6 -0.5
v -2.5 6 -0.5
v -2.5 6 -1
v -2.4 6 -1
v -2.1 6 -1
v -1.8 6 -1
v -2.4 6 -1.1
v -2.3 6 -1.1
v -0.9 6 -1.1
v 0.8 6 -1.1
v -2.3 6 -1.2
v -2.2 6 -1.2
v -1.8 6 -1.2
v -1.4 6 -1.2
v -2.2 6 -1.3
v -2.1 6 -1.3
v -2.1 6 -1.4
v -1.9 6 -1.4
v -1.4 6 -1.4
v -1.9 6 -1.5
v -1.8 6 -1.5
v -1.6 6 -1.5
v -1.4 6 -1.5
v -0.9 6 -1.5
v 0.8 6 -1.5
v -1.8 6 -1.6
v -1.6 6 -1.6
v -0.9 6 -2
v 0.8 6 -2
v -1.7 6.1 2.3
v 1 6.1 2.3
v -2.5 6.1 2.2
v -2 6.1 2.2
v -1.7 6.1 2.2
v 1 6.1 2.2
v -2.6 6.1 2.1
v -2.5 6.1 2.1
v -2 6.1 2.1
v -2.6 6.1 0.4
v -2.5 6.1 0.4
v -2.6 6.1 0.3
v -2.5 6.1 0.3
v -2.4 6.1 0.3
v -2.6 6.1 0.2
v -2.5 6.1 0.2
v -2.5 6.1 0.0999999
v -2.4 6.1 0.0999999
v 1.3 6.2 2.2
v 2 6.2 2.2
v 1.3 6.2 2.1
v 2 6.2 2.1
v 2.1 6.2 2.1
v 2 6.2 1.8
v 2.1 6.2 1.8
v -2.3 6.2 0.3
v -1.7 6.2 0.3
v -2.3 6.2 0.2
v -1.7 6.2 0.2
v -2.3 6.2 0.0999999
v -2.2 6.2 0.0999999
v -1.7 6.2 0.0999999
v 2 6.2 -0.3
v 2.1 6.2 -0.3
v 1.9 6.2 -0.5
v 2 6.2 -0.5
v 2.1 6.2 -0.5
v 1.8 6.2 -0.7
v 1.9 6.2 -0.7
v 2 6.2 -0.7
v 1.7 6.2 -0.9
v 1.8 6.2 -0.9
v 1.9 6.2 -0.9
v 1.6 6.2 -1
v 1.7 6.2 -1
v 1.8 6.2 -1
v 1.5 6.2 -1.1
v 1.6 6.2 -1.1
v 1.7 6.2 -1.1
v -1.2 6.2 -1.2
v -1.1 6.2 -1.2
v 1.3 6.2 -1.2
v 1.5 6.2 -1.2
v 1.6 6.2 -1.2
v 1.1 6.2 -1.3
v 1.3 6.2 -1.3
v 1.5 6.2 -1.3
v 0.9 6.2 -1.4
v 1.1 6.2 -1.4
v 1.3 6.2 -1.4
v -1.2 6.2 -1.5
v -1.1 6.2 -1.5
v -0.9 6.2 -1.5
v 0.8 6.2 -1.5
v 0.9 6.2 -1.5
v 1.1 6.2 -1.5
v -1.1 6.2 -1.6
v -0.9 6.2 -1.6
v 0.8 6.2 -1.6
v 0.9 6.2 -1.6
v -2.5 6.8 1.9
v -2.1 6.8 1.9
v -2.5 6.8 0.7
v -2.1 6.8 0.7
v -2.4 6.9 0.0999999
v -1.7 6.9 0.0999999
v -2.4 6.9 -0.1
v -2.3 6.9 -0.1
v -2.3 6.9 -0.2
v -2 6.9 -0.2
v -1.7 6.9 -0.8
v -1.4 6.9 -0.8
v -2 6.9 -1
v -1.9 6.9 -1
v -1.4 6.9 -1
v -1.2 6.9 -1
v -1.1 6.9 -1
v -1.9 6.9 -1.1
v -1.8 6.9 -1.1
v -1.7 6.9 -1.1
v -1.6 6.9 -1.1
v -1.6 6.9 -1.2
v -1.3 6.9 -1.2
v -1.8 6.9 -1.3
v -1.3 6.9 -1.3
v -1.1 6.9 -1.3
v -1.3 6.9 -1.4
v -1.1 6.9 -1.4
v 1.6 7 -1
v 1.7 7 -1
v 1.5 7 -1.1
v 1.6 7 -1.1
v 1.7 7 -1.1
v 1.5 7 -1.2
v 1.6 7 -1.2
v 0.9 7 -1.4
v 1 7 -1.4
v 0.9 7 -1.5
v 1 7 -1.5
v -1.9 7.2 2.1
v -1.5 7.2 2.1
v -1.4 7.2 2.1
v -0.6 7.2 2.1
v -0.5 7.2 2.1
v -0.0999999 7.2 2.1
v 0.0999999 7.2 2.1
v 0.5 7.2 2.1
v 0.6 7.2 2.1
v 1.4 7.2 2.1
v 1.5 7.2 2.1
v 1.9 7.2 2.1
v -2 7.2 2
v -1.9 7.2 2
v -1.5 7.2 2
v -1.4 7.2 2
v -0.6 7.2 2
v -0.5 7.2 2
v -0.0999999 7.2 2
v 0.0999999 7.2 2
v 0.5 7.2 2
v 0.6 7.2 2
v 1.4 7.2 2
v 1.5 7.2 2
v 1.9 7.2 2
v 2 7.2 2
v -2 7.2 1.5
v -1.9 7.2 1.5
v 1.9 7.2 1.5
v 2 7.2 1.5
v -2 7.2 1.4
v -1.9 7.2 1.4
v 1.9 7.2 1.4
v 2 7.2 1.4
v -2 7.2 1
v -1.9 7.2 1
v 1.9 7.2 1
v 2 7.2 1
v -1.4 7.3 1.5
v -1.3 7.3 1.5
v 1.3 7.3 1.5
v 1.4 7.3 1.5
v -1.4 7.3 1.4
v -1.3 7.3 1.4
v 1.3 7.3 1.4
v 1.4 7.3 1.4
v -1.3 7.4 1.5
v 1.3 7.4 1.5
v -1.3 7.4 1.4
v 1.3 7.4 1.4
v 1.2 0.2 2
v 1.9 0.2 2
v 2.3 0.2 1.9
v 2.6 0.2 1.9
v 1.2 0.2 1.8
v 1.9 0.2 1.8
v 2.3 0.2 0.2
v 2.6 0.2 0.2
v -2 0.3 2.1
v 0.9 0.3 2.1
v 1.2 0.3 1.8
v 1.5 0.3 1.8
v 1.6 0.3 1.8
v 1.9 0.3 1.8
v -2 0.3 1.7
v 0.9 0.3 1.7
v 1.2 0.3 1.7
v 1.5 0.3 1.7
v 1.6 0.3 1.7
v 1.9 0.3 1.7
v 1.5 0.4 1.8
v 1.6 0.4 1.8
v 1.2 0.4 1.7
v 1.5 0.4 1.7
v 1.6 0.4 1.7
v 1.9 0.4 1.7
v 1.2 0.4 1.6
v 1.9 0.4 1.6
v 1.2 0.4 1.5
v 1.9 0.4 1.5
v 1.2 1 2.5
v 2 1 2.5
v 1.2 1 2.4
v 2 1 2.4
v 1.2 1.1 2.4
v 2 1.1 2.4
v 1.2 1.1 2.2
v 1.3 1.1 2.2
v 2 1.1 2.2
v 1.3 1.2 2.2
v 2 1.2 2.2
v 1.3 1.2 2.1
v 2 1.2 2.1
v -1.7 1.3 2.3
v 1 1.3 2.3
v -1.7 1.3 2.2
v 1 1.3 2.2
v 0 1.3 -1.5
v 0.9 1.3 -1.5
v 0 1.3 -1.7
v 0.9 1.3 -1.7
v 2 1.4 2.1
v 2.6 1.4 2.1
v 2 1.4 -2.38419e-07
v 2.6 1.4 -2.38419e-07
v -2.6 1.5 -2.38419e-07
v -2.4 1.5 -2.38419e-07
v -2.5 1.5 -0.2
v -2.4 1.5 -0.2
v -2.4 1.5 -0.3
v -2.1 1.5 -0.3
v -2.6 1.5 -0.4
v -2.5 1.5 -0.4
v -2.6 1.5 -0.5
v -2.5 1.5 -0.5
v -2.4 1.5 -0.5
v -2.4 1.5 -0.7
v -2.3 1.5 -0.7
v -2.4 1.5 -0.9
v -2.3 1.5 -0.9
v -2.4 1.5 -1
v -2.3 1.5 -1
v -2.1 1.5 -1
v -1.8 1.5 -1
v -2.3 1.5 -1.1
v -2.1 1.5 -1.1
v -2.1 1.5 -1.2
v -1.9 1.5 -1.2
v -1.8 1.5 -1.2
v -1.4 1.5 -1.2
v -1.9 1.5 -1.3
v -1.8 1.5 -1.3
v -1.4 1.5 -1.3
v -1.8 1.5 -1.4
v -1.4 1.5 -1.4
v -2.6 1.6 0.8
v -2.5 1.6 0.8
v -2.6 1.6 0.3
v -2.5 1.6 0.3
v -2.5 1.6 -0.2
v -2.4 1.6 -0.2
v -2.4 1.6 -0.3
v -2.5 1.6 -0.5
v -2.4 1.6 -0.5
v -2.6 1.7 1.6
v -2.5 1.7 1.6
v -2.6 1.7 0.8
v -2.5 1.7 0.8
v -2.5 1.8 2.2
v -2 1.8 2.2
v -2.6 1.8 2.1
v -2.5 1.8 2.1
v -2 1.8 2.1
v -2.6 1.8 1.6
v -2.5 1.8 1.6
v 1.3 1.9 2.2
v 2 1.9 2.2
v 1.3 1.9 2.1
v 2 1.9 2.1
v 2.1 1.9 2.1
v 1.9 1.9 -0.5
v 2 1.9 -0.5
v 2.1 1.9 -0.5
v 1.8 1.9 -0.7
v 1.9 1.9 -0.7
v 2 1.9 -0.7
v 1.7 1.9 -0.9
v 1.8 1.9 -0.9
v 1.9 1.9 -0.9
v 1.6 1.9 -1
v 1.7 1.9 -1
v 1.8 1.9 -1
v 1.5 1.9 -1.1
v 1.6 1.9 -1.1
v 1.7 1.9 -1.1
v 1.3 1.9 -1.2
v 1.5 1.9 -1.2
v 1.6 1.9 -1.2
v 1.1 1.9 -1.3
v 1.3 1.9 -1.3
v 1.5 1.9 -1.3
v -1.3 1.9 -1.4
v -1.1 1.9 -1.4
v 0.9 1.9 -1.4
v 1.1 1.9 -1.4
v 1.3 1.9 -1.4
v -1.3 1.9 -1.5
v -1.1 1.9 -1.5
v 0.9 1.9 -1.5
v 1.1 1.9 -1.5
v -1.1 1.9 -1.6
v 0.9 1.9 -1.6
v -2.5 2.1 1.9
v -2.4 2.1 1.9
v -2.3 2.1 1.9
v -2.5 2.1 0.4
v -2.4 2.1 0.4
v -2.3 2.1 0.4
v -0.9 2.1 -1
v 0.8 2.1 -1
v -0.9 2.1 -1.1
v 0.8 2.1 -1.1
v -0.9 2.1 -1.4
v 0.8 2.1 -1.4
v -0.9 2.1 -1.5
v 0.8 2.1 -1.5
v 2.1 2.2 0.9
v 2.4 2.2 0.9
v 2.1 2.2 -0.3
v 2.4 2.2 -0.3
v -2.5 3.1 1.9
v -2 3.1 1.9
v -1.9 3.1 1.9
v -2.5 3.1 0.4
v -2 3.1 0.4
v -1.9 3.1 0.4
v -0.9 3.3 -1.2
v 0.8 3.3 -1.2
v -0.9 3.3 -1.3
v 0.8 3.3 -1.3
v -0.9 3.3 -1.4
v 0.8 3.3 -1.4
v -0.9 3.3 -1.5
v 0.8 3.3 -1.5
v -1 3.3 -1.8
v 0.8 3.3 -1.8
v -1 3.3 -2.2
v 0.8 3.3 -2.2
v -1 3.4 -1.6
v 0.8 3.4 -1.6
v -1 3.4 -1.8
v 0.8 3.4 -1.8
v -1 3.5 -1.5
v -0.9 3.5 -1.5
v 0.8 3.5 -1.5
v -1 3.5 -1.6
v 0.8 3.5 -1.6
v 2 3.6 1.1
v 2.4 3.6 1.1
v 2 3.6 -0.5
v 2.4 3.6 -0.5
v 1.8 3.9 2.5
v 2.1 3.9 2.5
v 1.8 3.9 2.4
v 2.1 3.9 2.4
v 1.3 3.9 2.2
v 2.1 3.9 2.2
v 1.3 3.9 2.1
v 2 3.9 2.1
v 2 3.9 1.4
v 2.1 3.9 1.4
v 2 4 1.4
v 2.1 4 1.4
v 2 4 0.2
v 2.1 4 0.2
v 1.1 4 -1.3
v 1.2 4 -1.3
v 0.9 4 -1.4
v 1.1 4 -1.4
v 1.2 4 -1.4
v 0.8 4 -1.5
v 0.9 4 -1.5
v 1.1 4 -1.5
v 0.8 4 -1.6
v 0.9 4 -1.6
v 2 4.1 0.2
v 2.1 4.1 0.2
v 1.9 4.1 -0.5
v 2 4.1 -0.5
v 2.1 4.1 -0.5
v 1.8 4.1 -0.7
v 1.9 4.1 -0.7
v 2 4.1 -0.7
v 1.7 4.1 -0.9
v 1.8 4.1 -0.9
v 1.9 4.1 -0.9
v 1.6 4.1 -1
v 1.7 4.1 -1
v 1.8 4.1 -1
v -0.9 4.1 -1.1
v 0.8 4.1 -1.1
v 1.5 4.1 -1.1
v 1.6 4.1 -1.1
v 1.7 4.1 -1.1
v -0.9 4.1 -1.2
v 0.8 4.1 -1.2
v 1.3 4.1 -1.2
v 1.5 4.1 -1.2
v 1.6 4.1 -1.2
v 1.2 4.1 -1.3
v 1.3 4.1 -1.3
v 1.5 4.1 -1.3
v 1.2 4.1 -1.4
v 1.3 4.1 -1.4
v -0.9 4.1 -1.5
v 0.8 4.1 -1.5
v -1 4.2 -1.8
v 0.8 4.2 -1.8
v -1 4.2 -2.1
v 0.8 4.2 -2.1
v -1 4.3 -1.6
v 0.8 4.3 -1.6
v -1 4.3 -1.8
v 0.8 4.3 -1.8
v -1 4.4 -1.5
v -0.9 4.4 -1.5
v 0.8 4.4 -1.5
v -1 4.4 -1.6
v 0.8 4.4 -1.6
v -2.6 4.8 1.3
v -2.5 4.8 1.3
v -2.6 4.8 0.3
v -2.5 4.8 0.3
v -2.4 4.8 0.3
v -2.4 4.8 0.2
v -2.5 4.8 0.0999999
v -2.4 4.8 0.0999999
v -2.5 4.9 2.2
v -2 4.9 2.2
v -2.6 4.9 2.1
v -2.5 4.9 2.1
v -2 4.9 2.1
v -2.6 4.9 1.3
v -2.5 4.9 1.3
v 1.3 5 2.2
v 2 5 2.2
v 1.3 5 2.1
v 2 5 2.1
v 2.1 5 2.1
v 2 5 1.8
v 2.1 5 1.8
v 2 5 -0.4
v 2.1 5 -0.4
v 1.9 5 -0.5
v 2 5 -0.5
v 2.1 5 -0.5
v 1.8 5 -0.7
v 1.9 5 -0.7
v 2 5 -0.7
v 1.7 5 -0.9
v 1.8 5 -0.9
v 1.9 5 -0.9
v 1.6 5 -1
v 1.7 5 -1
v 1.8 5 -1
v 1.5 5 -1.1
v 1.6 5 -1.1
v 1.7 5 -1.1
v 1.3 5 -1.2
v 1.5 5 -1.2
v 1.6 5 -1.2
v 1.1 5 -1.3
v 1.3 5 -1.3
v 1.5 5 -1.3
v 0.9 5 -1.4
v 1.1 5 -1.4
v 1.3 5 -1.4
v 0.9 5 -1.5
v 1.1 5 -1.5
v 2.7 5.1 1.5
v 3 5.1 1.5
v 2.7 5.1 -0.1
v 3 5.1 -0.1
v -0.9 5.1 -1.1
v 0.8 5.1 -1.1
v -1.5 5.1 -1.3
v -1.4 5.1 -1.3
v -1.5 5.1 -1.4
v -1.4 5.1 -1.4
v -1.1 5.1 -1.4
v -0.9 5.1 -1.4
v 0.8 5.1 -1.4
v -1.4 5.1 -1.5
v -1.1 5.1 -1.5
v -1 5.1 -1.5
v -0.9 5.1 -1.5
v 0.8 5.1 -1.5
v -1.1 5.1 -1.6
v -0.9 5.1 -1.6
v -0.9 5.1 -1.9
v 0.8 5.1 -1.9
v -0.9 5.1 -2.1
v 0.8 5.1 -2.1
v -0.9 5.2 -1.7
v 0.8 5.2 -1.7
v -0.9 5.2 -1.9
v 0.8 5.2 -1.9
v -0.9 5.3 -1.5
v 0.8 5.3 -1.5
v -0.9 5.3 -1.7
v 0.8 5.3 -1.7
v -2.5 5.6 2
v -2.1 5.6 2
v -2.5 5.6 0.5
v -2.1 5.6 0.5
v -2.3 6.1 0.3
v -1.8 6.1 0.3
v -1.7 6.1 0.3
v -1.8 6.1 0.2
v -1.7 6.1 0.2
v -2.5 6.1 0.0999999
v -2.4 6.1 0.0999999
v -2.3 6.1 0.0999999
v -2.2 6.1 0.0999999
v -2.4 6.1 -2.38419e-07
v -2.3 6.1 -2.38419e-07
v -2.6 6.1 -0.1
v -2.5 6.1 -0.1
v -2.3 6.1 -0.1
v -2.2 6.1 -0.1
v -2.1 6.1 -0.1
v -2.4 6.1 -0.3
v -2.2 6.1 -0.3
v -2.1 6.1 -0.3
v -2 6.1 -0.3
v -2.1 6.1 -0.4
v -2 6.1 -0.4
v -1.9 6.1 -0.4
v -2.6 6.1 -0.5
v -2.5 6.1 -0.5
v -2 6.1 -0.6
v -1.9 6.1 -0.6
v -1.8 6.1 -0.6
v -1.9 6.1 -0.8
v -1.8 6.1 -0.8
v -1.7 6.1 -0.8
v -1.4 6.1 -0.8
v -2.5 6.1 -1
v -2.4 6.1 -1
v -2.1 6.1 -1
v -1.8 6.1 -1
v -1.7 6.1 -1
v -1.6 6.1 -1
v -1.4 6.1 -1
v -1.1 6.1 -1
v -2.4 6.1 -1.1
v -2.3 6.1 -1.1
v -1.7 6.1 -1.1
v -1.6 6.1 -1.1
v -1.1 6.1 -1.1
v -2.3 6.1 -1.2
v -2.2 6.1 -1.2
v -1.8 6.1 -1.2
v -1.6 6.1 -1.2
v -1.4 6.1 -1.2
v -1.1 6.1 -1.2
v -2.2 6.1 -1.3
v -2.1 6.1 -1.3
v -1.3 6.1 -1.3
v -1.1 6.1 -1.3
v -2.1 6.1 -1.4
v -1.9 6.1 -1.4
v -1.4 6.1 -1.4
v -1.3 6.1 -1.4
v -1.1 6.1 -1.4
v -1.9 6.1 -1.5
v -1.8 6.1 -1.5
v -1.6 6.1 -1.5
v -1.4 6.1 -1.5
v -1.8 6.1 -1.6
v -1.6 6.1 -1.6
v -0.9 6.1 -1.9
v 0.8 6.1 -1.9
v -0.9 6.1 -2
v 0.8 6.1 -2
v -1.8 6.2 2.3
v 1.1 6.2 2.3
v -2.5 6.2 2.2
v -2 6.2 2.2
v -1.8 6.2 2.2
v 1.1 6.2 2.2
v -2.6 6.2 2.1
v -2.5 6.2 2.1
v -2 6.2 2.1
v 2.1 6.2 1.8
v 3 6.2 1.8
v -2.6 6.2 0.4
v -2.5 6.2 0.4
v -2.6 6.2 0.3
v -2.5 6.2 0.3
v -2.6 6.2 0.2
v -2.5 6.2 0.2
v 2.1 6.2 -0.3
v 3 6.2 -0.3
v -0.9 6.2 -1.8
v 0.8 6.2 -1.8
v -0.9 6.2 -1.9
v 0.8 6.2 -1.9
v 1.3 6.3 2.2
v 2 6.3 2.2
v 1.3 6.3 2.1
v 2 6.3 2.1
v 2.1 6.3 2.1
v -2.5 6.3 0.3
v -2.4 6.3 0.3
v -2.4 6.3 0.2
v -2.5 6.3 0.0999999
v -2.4 6.3 0.0999999
v -2.2 6.3 0.0999999
v -2.4 6.3 -2.38419e-07
v -2.3 6.3 -2.38419e-07
v -2.3 6.3 -0.1
v -2.2 6.3 -0.1
v -2.1 6.3 -0.1
v -2.2 6.3 -0.3
v -2.1 6.3 -0.3
v -2 6.3 -0.3
v -2.1 6.3 -0.4
v -2 6.3 -0.4
v -1.9 6.3 -0.4
v 1.9 6.3 -0.5
v 2 6.3 -0.5
v 2.1 6.3 -0.5
v -2 6.3 -0.6
v -1.9 6.3 -0.6
v -1.8 6.3 -0.6
v 1.8 6.3 -0.7
v 1.9 6.3 -0.7
v 2 6.3 -0.7
v -1.9 6.3 -0.8
v -1.8 6.3 -0.8
v -1.7 6.3 -0.8
v 1.7 6.3 -0.9
v 1.8 6.3 -0.9
v 1.9 6.3 -0.9
v -1.8 6.3 -1
v -1.7 6.3 -1
v -1.6 6.3 -1
v 1.6 6.3 -1
v 1.7 6.3 -1
v 1.8 6.3 -1
v -1.7 6.3 -1.1
v -1.6 6.3 -1.1
v -1.1 6.3 -1.1
v 1.5 6.3 -1.1
v 1.6 6.3 -1.1
v 1.7 6.3 -1.1
v -1.6 6.3 -1.2
v -1.2 6.3 -1.2
v -1.1 6.3 -1.2
v 1.3 6.3 -1.2
v 1.5 6.3 -1.2
v 1.6 6.3 -1.2
v 1.1 6.3 -1.3
v 1.3 6.3 -1.3
v 1.5 6.3 -1.3
v 0.9 6.3 -1.4
v 1.1 6.3 -1.4
v 1.3 6.3 -1.4
v -1.2 6.3 -1.5
v -1.1 6.3 -1.5
v 0.9 6.3 -1.5
v 1.1 6.3 -1.5
v -1.1 6.3 -1.6
v -0.9 6.3 -1.6
v 0.8 6.3 -1.6
v 0.9 6.3 -1.6
v -0.9 6.3 -1.8
v 0.8 6.3 -1.8
v -2 6.5 2.2
v 1.3 6.5 2.2
v -2 6.5 2.1
v 1.3 6.5 2.1
v -2.5 6.6 1.9
v -2.1 6.6 1.9
v -2.5 6.6 0.7
v -2.1 6.6 0.7
v -1.1 6.9 -1.4
v -1 6.9 -1.4
v -1.1 6.9 -1.5
v -1 6.9 -1.5
v -2.5 7 2.1
v -2 7 2.1
v -1.9 7 2.1
v -1.5 7 2.1
v -1.4 7 2.1
v -0.6 7 2.1
v -0.5 7 2.1
v -0.0999999 7 2.1
v 0.0999999 7 2.1
v 0.5 7 2.1
v 0.6 7 2.1
v 1.4 7 2.1
v 1.5 7 2.1
v 1.9 7 2.1
v -2 7 2
v -1.9 7 2
v -1.5 7 2
v -1.4 7 2
v -0.6 7 2
v -0.5 7 2
v -0.0999999 7 2
v 0.0999999 7 2
v 0.5 7 2
v 0.6 7 2
v 1.4 7 2
v 1.5 7 2
v 1.9 7 2
v 2 7 2
v -2 7 1.5
v -1.9 7 1.5
v -1.6 7 1.5
v -1.4 7 1.5
v 1.4 7 1.5
v 1.6 7 1.5
v 1.9 7 1.5
v 2 7 1.5
v -2 7 1.4
v -1.9 7 1.4
v -1.6 7 1.4
v -1.4 7 1.4
v 1.4 7 1.4
v 1.6 7 1.4
v 1.9 7 1.4
v 2 7 1.4
v -2 7 1
v -1.9 7 1
v 1.9 7 1
v 2 7 1
v -2 7 0.9
v -1.9 7 0.9
v 1.9 7 0.9
v 2 7 0.9
v -2.5 7 0.7
v -2.4 7 0.7
v -2 7 0.6
v -1.9 7 0.6
v 1.9 7 0.6
v 2 7 0.6
v -2.4 7 0.4
v -2.3 7 0.4
v -2.3 7 0.2
v -2 7 0.2
v -2.4 7 0.0999999
v -2 7 0.0999999
v -1.9 7 0.0999999
v -1.7 7 0.0999999
v -2.4 7 -0.1
v -2.3 7 -0.1
v -1.7 7 -0.1
v -1.6 7 -0.1
v 1.6 7 -0.1
v 1.7 7 -0.1
v -2.3 7 -0.2
v -2 7 -0.2
v -2 7 -0.5
v -1.9 7 -0.5
v 1.9 7 -0.5
v 1.8 7 -0.7
v 1.9 7 -0.7
v 1.7 7 -0.9
v 1.8 7 -0.9
v -2 7 -1
v -1.9 7 -1
v -1.9 7 -1.1
v -1.8 7 -1.1
v -1.7 7 -1.1
v -1.6 7 -1.1
v -1.3 7 -1.1
v 1.3 7 -1.1
v 1.6 7 -1.1
v -1.6 7 -1.2
v -1.3 7 -1.2
v -1.1 7 -1.2
v 1.1 7 -1.2
v 1.3 7 -1.2
v -1.8 7 -1.3
v -1.3 7 -1.3
v -1.1 7 -1.3
v -1 7 -1.3
v 1 7 -1.3
v 1.1 7 -1.3
v -1.3 7 -1.4
v -1.1 7 -1.4
v -1 7 -1.4
v 1 7 -1.4
v -2.5 7.1 0.7
v -2.4 7.1 0.7
v -2.4 7.1 0.4
v -2.3 7.1 0.4
v -2.5 7.1 0.3
v -2.4 7.1 0.3
v -2.3 7.1 0.2
v -2 7.1 0.2
v -2.4 7.1 0.0999999
v -2 7.1 0.0999999
v -1.7 7.1 -0.1
v -1.6 7.1 -0.1
v 1.6 7.1 -0.1
v 1.7 7.1 -0.1
v -1.7 7.1 -1.1
v -1.6 7.1 -1.1
v -1.3 7.1 -1.1
v 1.3 7.1 -1.1
v 1.6 7.1 -1.1
v 1.7 7.1 -1.1
v -1.6 7.1 -1.2
v -1.3 7.1 -1.2
v -1.1 7.1 -1.2
v 1.1 7.1 -1.2
v 1.3 7.1 -1.2
v 1.6 7.1 -1.2
v -1.3 7.1 -1.3
v -1.1 7.1 -1.3
v -1 7.1 -1.3
v 1 7.1 -1.3
v 1.1 7.1 -1.3
v 1.3 7.1 -1.3
v -1.1 7.1 -1.4
v -1 7.1 -1.4
v -0.9 7.1 -1.4
v 0.9 7.1 -1.4
v 1 7.1 -1.4
v 1.1 7.1 -1.4
v -1 7.1 -1.5
v -0.9 7.1 -1.5
v 0.9 7.1 -1.5
v 1 7.1 -1.5
v -2 7.2 0.6
v -1.9 7.2 0.6
v 1.9 7.2 0.6
v 2 7.2 0.6
v -2 7.2 -0.5
v -1.9 7.2 -0.5
v 1.9 7.2 -0.5
v 2 7.2 -0.5
v -0.9 7.2 -1.4
v 0.9 7.2 -1.4
v -0.9 7.2 -1.5
v 0.9 7.2 -1.5
v -1.9 7.3 2.1
v -1.5 7.3 2.1
v -1.4 7.3 2.1
v -0.6 7.3 2.1
v -0.5 7.3 2.1
v 0.5 7.3 2.1
v 0.6 7.3 2.1
v 1.4 7.3 2.1
v 1.5 7.3 2.1
v 1.9 7.3 2.1
v -2 7.3 2
v -1.9 7.3 2
v -1.5 7.3 2
v -1.4 7.3 2
v -0.6 7.3 2
v -0.5 7.3 2
v 0.5 7.3 2
v 0.6 7.3 2
v 1.4 7.3 2
v 1.5 7.3 2
v 1.9 7.3 2
v 2 7.3 2
v -2 7.3 1.5
v -1.9 7.3 1.5
v 1.9 7.3 1.5
v 2 7.3 1.5
v -2 7.3 1.4
v -1.9 7.3 1.4
v 1.9 7.3 1.4
v 2 7.3 1.4
v -2 7.3 1
v -1.9 7.3 1
v 1.9 7.3 1
v 2 7.3 1
v -2 7.4 2.1
v -1.9 7.4 2.1
v -1.5 7.4 2.1
v -1.4 7.4 2.1
v -0.6 7.4 2.1
v -0.5 7.4 2.1
v 0.5 7.4 2.1
v 0.6 7.4 2.1
v 1.4 7.4 2.1
v 1.5 7.4 2.1
v 1.9 7.4 2.1
v 2 7.4 2.1
v -2 7.4 2
v -1.9 7.4 2
v -1.5 7.4 2
v -1.4 7.4 2
v -0.6 7.4 2
v -0.5 7.4 2
v 0.5 7.4 2
v 0.6 7.4 2
v 1.4 7.4 2
v 1.5 7.4 2
v 1.9 7.4 2
v 2 7.4 2
v -2 7.4 1.5
v -1.9 7.4 1.5
v 1.9 7.4 1.5
v 2 7.4 1.5
v -2 7.4 1.4
v -1.9 7.4 1.4
v 1.9 7.4 1.4
v 2 7.4 1.4
v -2 7.4 1
v -1.9 7.4 1
v 1.9 7.4 1
v 2 7.4 1
v -2 7.4 0.9
v -1.9 7.4 0.9
v 1.9 7.4 0.9
v 2 7.4 0.9
v -1.6 8.8 1.5
v 1.6 8.8 1.5
v -1.6 8.8 1.4
v 1.6 8.8 1.4

# faces
f 6/10/1 2/10/1 1/10/1
f 7/6/1 3/6/1 2/6/1
f 7/10/1 2/10/1 6/10/1
f 8/6/1 3/6/1 7/6/1
f 10/6/1 5/6/1 4/6/1
f 11/6/1 5/6/1 10/6/1
f 13/6/1 10/6/1 9/6/1
f 14/6/1 10/6/1 13/6/1
f 15/6/1 13/6/1 12/6/1
f 16/6/1 13/6/1 15/6/1
f 20/6/1 18/6/1 17/6/1
f 21/6/1 18/6/1 20/6/1
f 22/6/1 20/6/1 19/6/1
f 23/6/1 20/6/1 22/6/1
f 30/10/1 25/10/1 24/10/1
f 31/10/1 25/10/1 30/10/1
f 32/6/1 27/6/1 26/6/1
f 33/6/1 27/6/1 32/6/1
f 34/9/1 29/9/1 28/9/1
f 35/9/1 29/9/1 34/9/1
f 38/1/1 37/1/1 36/1/1
f 40/1/1 39/1/1 38/1/1
f 41/1/1 39/1/1 40/1/1
f 45/1/1 38/1/1 36/1/1
f 45/1/1 40/1/1 38/1/1
f 46/1/1 40/1/1 45/1/1
f 48/6/1 44/6/1 43/6/1
f 48/6/1 43/6/1 42/6/1
f 49/6/1 44/6/1 48/6/1
f 51/1/1 45/1/1 36/1/1
f 52/1/1 45/1/1 51/1/1
f 53/1/1 47/1/1 46/1/1
f 54/6/1 51/6/1 50/6/1
f 55/6/1 51/6/1 54/6/1
f 56/1/1 53/1/1 52/1/1
f 57/1/1 56/1/1 55/1/1
f 58/1/1 53/1/1 56/1/1
f 58/1/1 56/1/1 57/1/1
f 58/1/1 47/1/1 53/1/1
f 59/1/1 57/1/1 55/1/1
f 60/1/1 47/1/1 58/1/1
f 61/1/1 59/1/1 55/1/1
f 61/1/1 60/1/1 59/1/1
f 62/1/1 47/1/1 60/1/1
f 62/1/1 60/1/1 61/1/1
f 63/1/1 61/1/1 55/1/1
f 64/1/1 47/1/1 62/1/1
f 65/1/1 64/1/1 63/1/1
f 66/1/1 47/1/1 64/1/1
f 66/1/1 64/1/1 65/1/1
f 69/1/1 63/1/1 55/1/1
f 69/1/1 65/1/1 63/1/1
f 70/1/1 65/1/1 69/1/1
f 71/6/1 67/6/1 66/6/1
f 72/6/1 67/6/1 71/6/1
f 73/6/1 69/6/1 68/6/1
f 74/6/1 69/6/1 73/6/1
f 75/1/1 71/1/1 70/1/1
f 76/1/1 75/1/1 74/1/1
f 77/1/1 71/1/1 75/1/1
f 77/1/1 75/1/1 76/1/1
f 78/1/1 76/1/1 74/1/1
f 79/1/1 71/1/1 77/1/1
f 85/1/1 79/1/1 78/1/1
f 85/1/1 78/1/1 74/1/1
f 86/1/1 71/1/1 79/1/1
f 86/1/1 79/1/1 85/1/1
f 87/1/1 71/1/1 86/1/1
f 89/10/1 81/10/1 80/10/1
f 90/10/1 81/10/1 89/10/1
f 91/10/1 83/10/1 82/10/1
f 92/10/1 83/10/1 91/10/1
f 93/6/1 85/6/1 84/6/1
f 94/6/1 85/6/1 93/6/1
f 95/6/1 87/6/1 86/6/1
f 96/6/1 87/6/1 95/6/1
f 97/9/1 89/9/1 88/9/1
f 98/9/1 97/9/1 96/9/1
f 98/1/1 96/1/1 95/1/1
f 98/1/1 95/1/1 94/1/1
f 99/9/1 89/9/1 97/9/1
f 99/9/1 97/9/1 98/9/1
f 100/1/1 98/1/1 94/1/1
f 101/1/1 98/1/1 100/1/1
f 102/1/1 100/1/1 94/1/1
f 103/1/1 98/1/1 101/1/1
f 104/1/1 102/1/1 94/1/1
f 104/1/1 103/1/1 102/1/1
f 105/1/1 98/1/1 103/1/1
f 105/1/1 103/1/1 104/1/1
f 106/1/1 98/1/1 105/1/1
f 107/10/1 106/10/1 105/10/1
f 108/10/1 106/10/1 107/10/1
f 111/1/1 110/1/1 109/1/1
f 112/1/1 110/1/1 111/1/1
f 113/1/1 110/1/1 112/1/1
f 118/6/1 113/6/1 112/6/1
f 120/10/1 115/10/1 114/10/1
f 121/10/1 115/10/1 120/10/1
f 122/10/1 117/10/1 116/10/1
f 123/10/1 117/10/1 122/10/1
f 124/6/1 119/6/1 118/6/1
f 126/1/1 111/1/1 109/1/1
f 127/3/1 112/3/1 111/3/1
f 127/1/1 111/1/1 126/1/1
f 128/6/1 125/6/1 124/6/1
f 128/3/1 112/3/1 127/3/1
f 128/6/1 118/6/1 112/6/1
f 128/6/1 124/6/1 118/6/1
f 131/6/1 125/6/1 128/6/1
f 132/1/1 130/1/1 129/1/1
f 132/3/1 131/3/1 130/3/1
f 133/6/1 125/6/1 131/6/1
f 133/3/1 131/3/1 132/3/1
f 134/6/1 125/6/1 133/6/1
f 135/1/1 133/1/1 132/1/1
f 135/1/1 134/1/1 133/1/1
f 136/1/1 134/1/1 135/1/1
f 139/1/1 132/1/1 129/1/1
f 139/1/1 135/1/1 132/1/1
f 140/1/1 135/1/1 139/1/1
f 142/10/1 138/10/1 137/10/1
f 143/10/1 138/10/1 142/10/1
f 146/9/1 141/9/1 140/9/1
f 147/9/1 141/9/1 146/9/1
f 148/3/1 145/3/1 144/3/1
f 149/6/1 146/6/1 145/6/1
f 149/3/1 145/3/1 148/3/1
f 150/6/1 146/6/1 149/6/1
f 152/1/1 150/1/1 149/1/1
f 152/1/1 149/1/1 148/1/1
f 153/10/1 151/10/1 150/10/1
f 153/1/1 150/1/1 152/1/1
f 154/10/1 151/10/1 153/10/1
f 155/10/1 153/10/1 152/10/1
f 156/10/1 153/10/1 155/10/1
f 161/10/1 158/10/1 157/10/1
f 162/10/1 158/10/1 161/10/1
f 163/10/1 160/10/1 159/10/1
f 164/10/1 160/10/1 163/10/1
f 167/8/1 166/8/1 165/8/1
f 168/8/1 166/8/1 167/8/1
f 169/8/1 166/8/1 168/8/1
f 174/10/1 171/10/1 170/10/1
f 175/10/1 171/10/1 174/10/1
f 176/9/1 173/9/1 172/9/1
f 177/9/1 173/9/1 176/9/1
f 180/10/1 179/10/1 178/10/1
f 181/10/1 179/10/1 180/10/1
f 186/10/1 183/10/1 182/10/1
f 187/10/1 183/10/1 186/10/1
f 188/9/1 185/9/1 184/9/1
f 189/9/1 185/9/1 188/9/1
f 194/10/1 191/10/1 190/10/1
f 195/10/1 191/10/1 194/10/1
f 198/8/1 197/8/1 196/8/1
f 199/8/1 197/8/1 198/8/1
f 200/6/1 193/6/1 192/6/1
f 201/6/1 193/6/1 200/6/1
f 202/1/1 201/1/1 200/1/1
f 203/1/1 201/1/1 202/1/1
f 208/10/1 205/10/1 204/10/1
f 209/10/1 205/10/1 208/10/1
f 210/9/1 207/9/1 206/9/1
f 211/9/1 207/9/1 210/9/1
f 214/8/1 213/8/1 212/8/1
f 215/8/1 213/8/1 214/8/1
f 218/3/1 217/3/1 216/3/1
f 219/3/1 217/3/1 218/3/1
f 222/3/1 221/3/1 220/3/1
f 223/3/1 221/3/1 222/3/1
f 226/3/1 225/3/1 224/3/1
f 227/3/1 225/3/1 226/3/1
f 232/9/1 229/9/1 228/9/1
f 233/9/1 229/9/1 232/9/1
f 234/3/1 231/3/1 230/3/1
f 235/3/1 231/3/1 234/3/1
f 247/10/1 237/10/1 236/10/1
f 248/10/1 237/10/1 247/10/1
f 249/10/1 237/10/1 248/10/1
f 250/10/1 245/10/1 244/10/1
f 251/10/1 247/10/1 246/10/1
f 251/10/1 248/10/1 247/10/1
f 252/10/1 239/10/1 238/10/1
f 253/10/1 241/10/1 240/10/1
f 254/10/1 241/10/1 253/10/1
f 255/10/1 243/10/1 242/10/1
f 256/10/1 251/10/1 250/10/1
f 256/10/1 250/10/1 244/10/1
f 257/10/1 248/10/1 251/10/1
f 257/10/1 251/10/1 256/10/1
f 258/10/1 255/10/1 254/10/1
f 258/10/1 252/10/1 238/10/1
f 258/10/1 254/10/1 253/10/1
f 258/10/1 253/10/1 252/10/1
f 259/10/1 255/10/1 258/10/1
f 260/10/1 255/10/1 259/10/1
f 261/10/1 243/10/1 255/10/1
f 261/10/1 255/10/1 260/10/1
f 262/10/1 258/10/1 238/10/1
f 263/10/1 258/10/1 262/10/1
f 264/10/1 260/10/1 259/10/1
f 265/10/1 260/10/1 264/10/1
f 266/10/1 243/10/1 261/10/1
f 267/10/1 243/10/1 266/10/1
f 270/10/1 269/10/1 268/10/1
f 271/10/1 269/10/1 270/10/1
f 274/8/1 273/8/1 272/8/1
f 275/8/1 273/8/1 274/8/1
f 280/10/1 277/10/1 276/10/1
f 281/10/1 277/10/1 280/10/1
f 282/9/1 279/9/1 278/9/1
f 283/9/1 279/9/1 282/9/1
f 286/10/1 285/10/1 284/10/1
f 287/10/1 285/10/1 286/10/1
f 294/10/1 291/10/1 290/10/1
f 295/10/1 291/10/1 294/10/1
f 296/6/1 293/6/1 292/6/1
f 297/6/1 293/6/1 296/6/1
f 298/1/1 297/1/1 296/1/1
f 299/1/1 297/1/1 298/1/1
f 304/10/1 301/10/1 300/10/1
f 305/10/1 301/10/1 304/10/1
f 306/5/1 289/5/1 288/5/1
f 307/5/1 289/5/1 306/5/1
f 308/9/1 303/9/1 302/9/1
f 309/9/1 303/9/1 308/9/1
f 312/10/1 311/10/1 310/10/1
f 313/10/1 311/10/1 312/10/1
f 316/3/1 315/3/1 314/3/1
f 317/3/1 315/3/1 316/3/1
f 318/3/1 316/3/1 314/3/1
f 319/4/1 317/4/1 316/4/1
f 319/3/1 316/3/1 318/3/1
f 320/4/1 317/4/1 319/4/1
f 321/4/1 317/4/1 320/4/1
f 322/3/1 315/3/1 317/3/1
f 322/4/1 317/4/1 321/4/1
f 323/3/1 315/3/1 322/3/1
f 329/6/1 325/6/1 324/6/1
f 329/6/1 326/6/1 325/6/1
f 330/6/1 326/6/1 329/6/1
f 331/6/1 326/6/1 330/6/1
f 332/6/1 326/6/1 331/6/1
f 333/9/1 328/9/1 327/9/1
f 334/9/1 328/9/1 333/9/1
f 335/6/1 332/6/1 331/6/1
f 336/6/1 332/6/1 335/6/1
f 339/10/1 338/10/1 337/10/1
f 340/10/1 338/10/1 339/10/1
f 343/9/1 342/9/1 341/9/1
f 344/9/1 342/9/1 343/9/1
f 349/10/1 348/10/1 347/10/1
f 350/10/1 348/10/1 349/10/1
f 351/3/1 346/3/1 345/3/1
f 352/3/1 346/3/1 351/3/1
f 355/6/1 354/6/1 353/6/1
f 356/6/1 354/6/1 355/6/1
f 359/10/1 358/10/1 357/10/1
f 360/10/1 358/10/1 359/10/1
f 363/10/1 362/10/1 361/10/1
f 364/10/1 362/10/1 363/10/1
f 368/3/1 366/3/1 365/3/1
f 368/1/1 367/1/1 366/1/1
f 369/1/1 367/1/1 368/1/1
f 371/3/1 368/3/1 365/3/1
f 372/6/1 370/6/1 369/6/1
f 373/6/1 370/6/1 372/6/1
f 374/3/1 371/3/1 365/3/1
f 375/1/1 372/1/1 371/1/1
f 375/3/1 371/3/1 374/3/1
f 376/1/1 375/1/1 374/1/1
f 377/1/1 372/1/1 375/1/1
f 377/1/1 375/1/1 376/1/1
f 380/6/1 379/6/1 378/6/1
f 381/6/1 379/6/1 380/6/1
f 384/6/1 383/6/1 382/6/1
f 385/6/1 383/6/1 384/6/1
f 389/10/1 387/10/1 386/10/1
f 390/10/1 387/10/1 389/10/1
f 391/10/1 389/10/1 388/10/1
f 392/10/1 389/10/1 391/10/1
f 395/6/1 394/6/1 393/6/1
f 396/6/1 394/6/1 395/6/1
f 399/3/1 398/3/1 397/3/1
f 400/3/1 398/3/1 399/3/1
f 401/4/1 400/4/1 399/4/1
f 402/3/1 398/3/1 400/3/1
f 402/4/1 400/4/1 401/4/1
f 403/3/1 398/3/1 402/3/1
f 406/1/1 405/1/1 404/1/1
f 407/1/1 405/1/1 406/1/1
f 410/6/1 408/6/1 407/6/1
f 411/6/1 408/6/1 410/6/1
f 412/1/1 410/1/1 409/1/1
f 413/1/1 410/1/1 412/1/1
f 416/6/1 414/6/1 413/6/1
f 417/6/1 414/6/1 416/6/1
f 418/1/1 416/1/1 415/1/1
f 423/1/1 416/1/1 418/1/1
f 424/1/1 420/1/1 419/1/1
f 425/1/1 422/1/1 421/1/1
f 425/1/1 423/1/1 422/1/1
f 426/1/1 416/1/1 423/1/1
f 426/1/1 423/1/1 425/1/1
f 428/1/1 420/1/1 424/1/1
f 430/6/1 427/6/1 426/6/1
f 431/6/1 427/6/1 430/6/1
f 432/1/1 429/1/1 428/1/1
f 432/1/1 428/1/1 424/1/1
f 432/1/1 430/1/1 429/1/1
f 433/1/1 430/1/1 432/1/1
f 434/1/1 430/1/1 433/1/1
f 435/1/1 430/1/1 434/1/1
f 438/10/1 437/10/1 436/10/1
f 439/10/1 437/10/1 438/10/1
f 442/4/1 441/4/1 440/4/1
f 443/4/1 441/4/1 442/4/1
f 444/4/1 442/4/1 440/4/1
f 445/4/1 442/4/1 444/4/1
f 446/4/1 444/4/1 440/4/1
f 447/4/1 444/4/1 446/4/1
f 450/4/1 449/4/1 448/4/1
f 451/4/1 449/4/1 450/4/1
f 452/4/1 450/4/1 448/4/1
f 453/4/1 450/4/1 452/4/1
f 454/4/1 452/4/1 448/4/1
f 455/4/1 452/4/1 454/4/1
f 458/1/1 457/1/1 456/1/1
f 459/1/1 457/1/1 458/1/1
f 460/10/1 459/10/1 458/10/1
f 461/10/1 459/10/1 460/10/1
f 464/4/1 463/4/1 462/4/1
f 465/4/1 463/4/1 464/4/1
f 467/4/1 463/4/1 465/4/1
f 468/4/1 463/4/1 467/4/1
f 469/4/1 463/4/1 468/4/1
f 470/4/1 467/4/1 466/4/1
f 470/4/1 468/4/1 467/4/1
f 471/4/1 468/4/1 470/4/1
f 472/4/1 470/4/1 466/4/1
f 473/4/1 470/4/1 472/4/1
f 476/4/1 475/4/1 474/4/1
f 477/4/1 475/4/1 476/4/1
f 478/4/1 476/4/1 474/4/1
f 479/4/1 476/4/1 478/4/1
f 480/4/1 476/4/1 479/4/1
f 481/4/1 476/4/1 480/4/1
f 482/4/1 480/4/1 479/4/1
f 483/4/1 480/4/1 482/4/1
f 486/10/1 485/10/1 484/10/1
f 487/10/1 485/10/1 486/10/1
f 490/10/1 489/10/1 488/10/1
f 491/10/1 489/10/1 490/10/1
f 494/10/1 493/10/1 492/10/1
f 495/10/1 493/10/1 494/10/1
f 499/3/1 497/3/1 496/3/1
f 500/1/1 498/1/1 497/1/1
f 500/3/1 497/3/1 499/3/1
f 501/1/1 500/1/1 499/1/1
f 502/1/1 498/1/1 500/1/1
f 502/1/1 500/1/1 501/1/1
f 503/1/1 498/1/1 502/1/1
f 506/1/1 505/1/1 504/1/1
f 507/1/1 505/1/1 506/1/1
f 510/10/1 509/10/1 508/10/1
f 511/10/1 509/10/1 510/10/1
f 514/6/1 513/6/1 512/6/1
f 515/6/1 513/6/1 514/6/1
f 518/10/1 517/10/1 516/10/1
f 519/10/1 517/10/1 518/10/1
f 522/10/1 521/10/1 520/10/1
f 523/10/1 521/10/1 522/10/1
f 526/6/1 525/6/1 524/6/1
f 527/6/1 525/6/1 526/6/1
f 532/1/1 530/1/1 529/1/1
f 532/3/1 531/3/1 530/3/1
f 533/3/1 531/3/1 532/3/1
f 534/3/1 529/3/1 528/3/1
f 535/1/1 532/1/1 529/1/1
f 535/3/1 529/3/1 534/3/1
f 535/1/1 533/1/1 532/1/1
f 536/1/1 533/1/1 535/1/1
f 541/3/1 540/3/1 539/3/1
f 542/3/1 538/3/1 537/3/1
f 543/1/1 539/1/1 538/1/1
f 543/3/1 538/3/1 542/3/1
f 544/3/1 541/3/1 539/3/1
f 544/1/1 539/1/1 543/1/1
f 545/3/1 541/3/1 544/3/1
f 548/6/1 547/6/1 546/6/1
f 549/6/1 547/6/1 548/6/1
f 553/1/1 552/1/1 551/1/1
f 554/1/1 552/1/1 553/1/1
f 555/3/1 554/3/1 553/3/1
f 556/3/1 551/3/1 550/3/1
f 557/1/1 553/1/1 551/1/1
f 557/3/1 551/3/1 556/3/1
f 558/3/1 555/3/1 553/3/1
f 558/1/1 553/1/1 557/1/1
f 559/3/1 555/3/1 558/3/1
f 563/3/1 562/3/1 561/3/1
f 564/1/1 561/1/1 560/1/1
f 564/3/1 563/3/1 561/3/1
f 565/3/1 563/3/1 564/3/1
f 566/1/1 564/1/1 560/1/1
f 566/1/1 565/1/1 564/1/1
f 567/1/1 565/1/1 566/1/1
f 570/1/1 569/1/1 568/1/1
f 571/1/1 569/1/1 570/1/1
f 574/5/1 573/5/1 572/5/1
f 575/5/1 573/5/1 574/5/1
f 578/10/1 577/10/1 576/10/1
f 579/10/1 577/10/1 578/10/1
f 582/10/1 581/10/1 580/10/1
f 583/10/1 581/10/1 582/10/1
f 586/4/1 585/4/1 584/4/1
f 587/4/1 585/4/1 586/4/1
f 588/4/1 585/4/1 587/4/1
f 589/4/1 585/4/1 588/4/1
f 590/4/1 588/4/1 587/4/1
f 591/4/1 588/4/1 590/4/1
f 594/6/1 593/6/1 592/6/1
f 595/6/1 593/6/1 594/6/1
f 598/10/1 597/10/1 596/10/1
f 599/10/1 597/10/1 598/10/1
f 602/3/1 601/3/1 600/3/1
f 603/3/1 601/3/1 602/3/1
f 608/10/1 605/10/1 604/10/1
f 609/10/1 605/10/1 608/10/1
f 612/3/1 607/3/1 606/3/1
f 613/3/1 607/3/1 612/3/1
f 614/10/1 611/10/1 610/10/1
f 615/10/1 611/10/1 614/10/1
f 618/1/1 617/1/1 616/1/1
f 619/1/1 617/1/1 618/1/1
f 622/10/1 621/10/1 620/10/1
f 623/10/1 621/10/1 622/10/1
f 626/6/1 625/6/1 624/6/1
f 627/6/1 625/6/1 626/6/1
f 630/1/1 629/1/1 628/1/1
f 632/1/1 631/1/1 630/1/1
f 634/1/1 633/1/1 632/1/1
f 637/1/1 630/1/1 628/1/1
f 637/1/1 632/1/1 630/1/1
f 637/1/1 635/1/1 634/1/1
f 637/1/1 634/1/1 632/1/1
f 638/3/1 636/3/1 635/3/1
f 638/1/1 635/1/1 637/1/1
f 639/3/1 636/3/1 638/3/1
f 648/10/1 641/10/1 640/10/1
f 649/10/1 641/10/1 648/10/1
f 650/10/1 643/10/1 642/10/1
f 651/10/1 643/10/1 650/10/1
f 652/10/1 645/10/1 644/10/1
f 653/10/1 647/10/1 646/10/1
f 654/10/1 647/10/1 653/10/1
f 656/10/1 652/10/1 651/10/1
f 656/10/1 651/10/1 650/10/1
f 656/10/1 650/10/1 649/10/1
f 657/10/1 652/10/1 656/10/1
f 658/10/1 652/10/1 657/10/1
f 659/10/1 645/10/1 652/10/1
f 659/10/1 652/10/1 658/10/1
f 660/10/1 656/10/1 655/10/1
f 661/10/1 656/10/1 660/10/1
f 662/10/1 658/10/1 657/10/1
f 663/10/1 658/10/1 662/10/1
f 664/10/1 645/10/1 659/10/1
f 665/10/1 645/10/1 664/10/1
f 666/6/2 667/6/2 668/6/2
f 668/6/2 667/6/2 669/6/2
f 670/10/2 671/10/2 672/10/2
f 672/10/2 671/10/2 673/10/2
f 674/9/2 675/9/2 676/9/2
f 676/9/2 675/9/2 677/9/2
f 677/9/2 675/9/2 678/9/2
f 679/10/2 680/10/2 681/10/2
f 681/10/2 680/10/2 682/10/2
f 683/9/2 684/9/2 685/9/2
f 685/9/2 684/9/2 686/9/2
f 686/9/2 684/9/2 687/9/2
f 688/9/2 689/9/2 690/9/2
f 690/9/2 689/9/2 691/9/2
f 692/1/2 693/1/2 694/1/2
f 694/1/2 693/1/2 695/1/2
f 696/9/2 697/9/2 698/9/2
f 698/9/2 697/9/2 699/9/2
f 700/9/2 701/9/2 702/9/2
f 702/9/2 701/9/2 703/9/2
f 704/10/2 705/10/2 713/10/2
f 713/10/2 705/10/2 714/10/2
f 706/10/2 707/10/2 715/10/2
f 715/10/2 707/10/2 716/10/2
f 708/10/2 709/10/2 717/10/2
f 711/10/2 712/10/2 718/10/2
f 710/10/2 711/10/2 718/10/2
f 718/10/2 712/10/2 719/10/2
f 716/10/2 717/10/2 721/10/2
f 715/10/2 716/10/2 721/10/2
f 714/10/2 715/10/2 721/10/2
f 721/10/2 717/10/2 722/10/2
f 722/10/2 717/10/2 723/10/2
f 717/10/2 709/10/2 724/10/2
f 723/10/2 717/10/2 724/10/2
f 720/10/2 721/10/2 725/10/2
f 725/10/2 721/10/2 726/10/2
f 722/10/2 723/10/2 727/10/2
f 727/10/2 723/10/2 728/10/2
f 724/10/2 709/10/2 729/10/2
f 729/10/2 709/10/2 730/10/2
f 731/9/2 732/9/2 733/9/2
f 733/9/2 732/9/2 734/9/2
f 735/5/2 736/5/2 737/5/2
f 737/5/2 736/5/2 738/5/2
f 739/9/2 740/9/2 741/9/2
f 741/9/2 740/9/2 742/9/2
f 743/10/2 744/10/2 747/10/2
f 747/10/2 744/10/2 748/10/2
f 745/9/2 746/9/2 749/9/2
f 749/9/2 746/9/2 750/9/2
f 751/10/2 752/10/2 753/10/2
f 753/10/2 752/10/2 754/10/2
f 755/10/2 756/10/2 757/10/2
f 757/10/2 756/10/2 758/10/2
f 759/10/2 760/10/2 763/10/2
f 763/10/2 760/10/2 764/10/2
f 761/3/2 762/3/2 767/3/2
f 767/3/2 762/3/2 768/3/2
f 765/10/2 766/10/2 769/10/2
f 769/10/2 766/10/2 770/10/2
f 771/10/2 772/10/2 773/10/2
f 773/10/2 772/10/2 774/10/2
f 775/3/2 776/3/2 777/3/2
f 777/3/2 776/3/2 778/3/2
f 779/10/2 780/10/2 781/10/2
f 781/10/2 780/10/2 782/10/2
f 783/10/2 784/10/2 785/10/2
f 785/10/2 784/10/2 786/10/2
f 788/1/2 789/1/2 791/1/2
f 789/3/2 790/3/2 791/3/2
f 791/3/2 790/3/2 792/3/2
f 787/3/2 788/3/2 793/3/2
f 788/1/2 791/1/2 794/1/2
f 793/3/2 788/3/2 794/3/2
f 791/1/2 792/1/2 794/1/2
f 794/1/2 792/1/2 795/1/2
f 798/3/2 799/3/2 800/3/2
f 796/3/2 797/3/2 801/3/2
f 797/1/2 798/1/2 802/1/2
f 801/3/2 797/3/2 802/3/2
f 798/3/2 800/3/2 803/3/2
f 802/1/2 798/1/2 803/1/2
f 803/3/2 800/3/2 804/3/2
f 805/1/2 806/1/2 808/1/2
f 806/1/2 807/1/2 808/1/2
f 808/1/2 807/1/2 809/1/2
f 809/1/2 807/1/2 810/1/2
f 810/1/2 807/1/2 811/1/2
f 810/3/2 811/3/2 812/3/2
f 808/3/2 809/3/2 813/3/2
f 809/1/2 810/1/2 814/1/2
f 813/3/2 809/3/2 814/3/2
f 810/3/2 812/3/2 815/3/2
f 814/1/2 810/1/2 815/1/2
f 815/3/2 812/3/2 816/3/2
f 818/3/2 819/3/2 820/3/2
f 817/1/2 818/1/2 821/1/2
f 818/3/2 820/3/2 821/3/2
f 821/3/2 820/3/2 822/3/2
f 817/1/2 821/1/2 823/1/2
f 821/1/2 822/1/2 823/1/2
f 823/1/2 822/1/2 824/1/2
f 825/10/2 826/10/2 827/10/2
f 827/10/2 826/10/2 828/10/2
f 829/10/2 830/10/2 831/10/2
f 831/10/2 830/10/2 832/10/2
f 833/6/2 834/6/2 835/6/2
f 835/6/2 834/6/2 836/6/2
f 837/10/2 838/10/2 839/10/2
f 839/10/2 838/10/2 840/10/2
f 841/10/2 842/10/2 843/10/2
f 843/10/2 842/10/2 844/10/2
f 845/10/2 846/10/2 847/10/2
f 847/10/2 846/10/2 848/10/2
f 849/4/2 850/4/2 851/4/2
f 851/4/2 850/4/2 852/4/2
f 852/4/2 850/4/2 853/4/2
f 851/4/2 852/4/2 854/4/2
f 854/4/2 852/4/2 855/4/2
f 851/4/2 854/4/2 856/4/2
f 856/4/2 854/4/2 857/4/2
f 858/4/2 859/4/2 861/4/2
f 859/4/2 860/4/2 861/4/2
f 861/4/2 860/4/2 862/4/2
f 862/4/2 860/4/2 863/4/2
f 861/4/2 862/4/2 864/4/2
f 864/4/2 862/4/2 865/4/2
f 861/4/2 864/4/2 866/4/2
f 866/4/2 864/4/2 867/4/2
f 868/4/2 869/4/2 870/4/2
f 870/4/2 869/4/2 871/4/2
f 871/4/2 869/4/2 872/4/2
f 870/4/2 871/4/2 873/4/2
f 873/4/2 871/4/2 874/4/2
f 870/4/2 873/4/2 875/4/2
f 875/4/2 873/4/2 876/4/2
f 877/4/2 878/4/2 879/4/2
f 879/4/2 878/4/2 880/4/2
f 877/4/2 879/4/2 881/4/2
f 881/4/2 879/4/2 882/4/2
f 882/4/2 879/4/2 883/4/2
f 883/4/2 879/4/2 884/4/2
f 882/4/2 883/4/2 885/4/2
f 885/4/2 883/4/2 886/4/2
f 887/1/2 888/1/2 890/1/2
f 888/6/2 889/6/2 890/6/2
f 890/6/2 889/6/2 891/6/2
f 887/1/2 890/1/2 892/1/2
f 892/1/2 890/1/2 893/1/2
f 893/6/2 894/6/2 896/6/2
f 896/6/2 894/6/2 897/6/2
f 895/1/2 896/1/2 898/1/2
f 898/1/2 896/1/2 899/1/2
f 898/3/2 899/3/2 900/3/2
f 900/3/2 899/3/2 901/3/2
f 900/1/2 901/1/2 902/1/2
f 902/1/2 901/1/2 903/1/2
f 902/3/2 903/3/2 904/3/2
f 904/3/2 903/3/2 905/3/2
f 905/6/2 906/6/2 908/6/2
f 908/6/2 906/6/2 909/6/2
f 907/1/2 908/1/2 910/1/2
f 910/1/2 908/1/2 911/1/2
f 910/3/2 911/3/2 912/3/2
f 912/3/2 911/3/2 913/3/2
f 914/1/2 915/1/2 916/1/2
f 916/1/2 915/1/2 917/1/2
f 916/3/2 917/3/2 918/3/2
f 918/3/2 917/3/2 919/3/2
f 918/1/2 919/1/2 920/1/2
f 920/1/2 919/1/2 921/1/2
f 921/6/2 922/6/2 924/6/2
f 924/6/2 922/6/2 925/6/2
f 923/1/2 924/1/2 926/1/2
f 926/1/2 924/1/2 927/1/2
f 928/10/2 929/10/2 930/10/2
f 930/10/2 929/10/2 931/10/2
f 932/10/2 933/10/2 934/10/2
f 934/10/2 933/10/2 935/10/2
f 936/1/2 937/1/2 940/1/2
f 940/1/2 937/1/2 941/1/2
f 941/6/2 942/6/2 944/6/2
f 944/6/2 942/6/2 945/6/2
f 943/1/2 944/1/2 946/1/2
f 946/1/2 944/1/2 947/1/2
f 947/6/2 948/6/2 950/6/2
f 950/6/2 948/6/2 951/6/2
f 949/1/2 950/1/2 952/1/2
f 952/1/2 950/1/2 953/1/2
f 953/6/2 954/6/2 956/6/2
f 956/6/2 954/6/2 957/6/2
f 938/5/2 939/5/2 958/5/2
f 958/5/2 939/5/2 959/5/2
f 955/1/2 956/1/2 960/1/2
f 960/1/2 956/1/2 961/1/2
f 961/6/2 962/6/2 964/6/2
f 964/6/2 962/6/2 965/6/2
f 963/1/2 964/1/2 966/1/2
f 966/1/2 964/1/2 967/1/2
f 966/10/2 967/10/2 968/10/2
f 968/10/2 967/10/2 969/10/2
f 970/1/2 971/1/2 972/1/2
f 972/1/2 973/1/2 974/1/2
f 974/1/2 975/1/2 976/1/2
f 970/1/2 972/1/2 979/1/2
f 972/1/2 974/1/2 979/1/2
f 976/1/2 977/1/2 979/1/2
f 974/1/2 976/1/2 979/1/2
f 979/1/2 977/1/2 980/1/2
f 977/3/2 978/3/2 981/3/2
f 980/1/2 977/1/2 981/1/2
f 981/3/2 978/3/2 982/3/2
f 983/6/2 984/6/2 985/6/2
f 985/6/2 984/6/2 986/6/2
f 989/3/2 990/3/2 991/3/2
f 991/3/2 990/3/2 992/3/2
f 987/1/2 988/1/2 993/1/2
f 993/1/2 988/1/2 994/1/2
f 994/6/2 995/6/2 999/6/2
f 999/6/2 995/6/2 1000/6/2
f 996/3/2 997/3/2 1001/3/2
f 1001/3/2 997/3/2 1002/3/2
f 998/1/2 999/1/2 1005/1/2
f 1005/1/2 999/1/2 1006/1/2
f 1007/6/2 1008/6/2 1010/6/2
f 1010/6/2 1008/6/2 1011/6/2
f 1003/3/2 1004/3/2 1012/3/2
f 1012/3/2 1004/3/2 1013/3/2
f 1009/1/2 1010/1/2 1014/1/2
f 1014/1/2 1010/1/2 1015/1/2
f 1015/6/2 1016/6/2 1020/6/2
f 1020/6/2 1016/6/2 1021/6/2
f 1017/3/2 1018/3/2 1022/3/2
f 1022/3/2 1018/3/2 1023/3/2
f 1019/1/2 1020/1/2 1024/1/2
f 1024/1/2 1020/1/2 1025/1/2
f 1025/6/2 1026/6/2 1030/6/2
f 1030/6/2 1026/6/2 1031/6/2
f 1027/3/2 1028/3/2 1032/3/2
f 1032/3/2 1028/3/2 1033/3/2
f 1029/1/2 1030/1/2 1034/1/2
f 1034/1/2 1030/1/2 1035/1/2
f 1034/10/2 1035/10/2 1036/10/2
f 1036/10/2 1035/10/2 1037/10/2
f 1038/6/2 1039/6/2 1040/6/2
f 1040/6/2 1039/6/2 1041/6/2
f 1042/1/2 1043/1/2 1044/1/2
f 1044/1/2 1043/1/2 1045/1/2
f 1045/6/2 1046/6/2 1048/6/2
f 1048/6/2 1046/6/2 1049/6/2
f 1047/1/2 1048/1/2 1050/1/2
f 1050/1/2 1048/1/2 1051/1/2
f 1051/6/2 1052/6/2 1054/6/2
f 1054/6/2 1052/6/2 1055/6/2
f 1053/1/2 1054/1/2 1056/1/2
f 1056/1/2 1054/1/2 1057/1/2
f 1057/6/2 1058/6/2 1060/6/2
f 1060/6/2 1058/6/2 1061/6/2
f 1059/1/2 1060/1/2 1062/1/2
f 1062/1/2 1060/1/2 1063/1/2
f 1063/6/2 1064/6/2 1066/6/2
f 1066/6/2 1064/6/2 1067/6/2
f 1065/1/2 1066/1/2 1070/1/2
f 1070/1/2 1066/1/2 1071/1/2
f 1068/10/2 1069/10/2 1072/10/2
f 1072/10/2 1069/10/2 1073/10/2
f 1074/10/2 1075/10/2 1076/10/2
f 1076/10/2 1075/10/2 1077/10/2
f 1080/1/2 1081/1/2 1082/1/2
f 1082/1/2 1081/1/2 1083/1/2
f 1078/1/2 1079/1/2 1084/1/2
f 1084/1/2 1079/1/2 1085/1/2
f 1085/6/2 1086/6/2 1088/6/2
f 1088/6/2 1086/6/2 1089/6/2
f 1087/1/2 1088/1/2 1090/1/2
f 1090/1/2 1088/1/2 1091/1/2
f 1091/6/2 1092/6/2 1094/6/2
f 1094/6/2 1092/6/2 1095/6/2
f 1093/1/2 1094/1/2 1096/1/2
f 1096/1/2 1094/1/2 1097/1/2
f 1097/6/2 1098/6/2 1100/6/2
f 1100/6/2 1098/6/2 1101/6/2
f 1099/1/2 1100/1/2 1102/1/2
f 1102/1/2 1100/1/2 1103/1/2
f 1103/6/2 1104/6/2 1106/6/2
f 1106/6/2 1104/6/2 1107/6/2
f 1105/1/2 1106/1/2 1110/1/2
f 1110/1/2 1106/1/2 1111/1/2
f 1111/10/2 1112/10/2 1113/10/2
f 1113/10/2 1112/10/2 1114/10/2
f 1108/3/2 1109/3/2 1115/3/2
f 1115/3/2 1109/3/2 1116/3/2
f 1117/1/2 1118/1/2 1119/1/2
f 1119/1/2 1118/1/2 1120/1/2
f 1120/6/2 1121/6/2 1123/6/2
f 1123/6/2 1121/6/2 1124/6/2
f 1122/1/2 1123/1/2 1125/1/2
f 1125/1/2 1123/1/2 1126/1/2
f 1126/6/2 1127/6/2 1129/6/2
f 1129/6/2 1127/6/2 1130/6/2
f 1128/1/2 1129/1/2 1131/1/2
f 1131/1/2 1129/1/2 1132/1/2
f 1132/6/2 1133/6/2 1135/6/2
f 1135/6/2 1133/6/2 1136/6/2
f 1134/1/2 1135/1/2 1137/1/2
f 1137/1/2 1135/1/2 1138/1/2
f 1138/6/2 1139/6/2 1141/6/2
f 1141/6/2 1139/6/2 1142/6/2
f 1140/1/2 1141/1/2 1144/1/2
f 1144/1/2 1141/1/2 1145/1/2
f 1143/10/2 1144/10/2 1147/10/2
f 1145/10/2 1146/10/2 1147/10/2
f 1144/10/2 1145/10/2 1147/10/2
f 1147/10/2 1146/10/2 1148/10/2
f 1149/1/2 1150/1/2 1151/1/2
f 1151/1/2 1150/1/2 1152/1/2
f 1152/6/2 1153/6/2 1155/6/2
f 1155/6/2 1153/6/2 1156/6/2
f 1154/1/2 1155/1/2 1157/1/2
f 1157/1/2 1155/1/2 1158/1/2
f 1158/6/2 1159/6/2 1161/6/2
f 1161/6/2 1159/6/2 1162/6/2
f 1160/1/2 1161/1/2 1163/1/2
f 1163/1/2 1161/1/2 1164/1/2
f 1164/6/2 1165/6/2 1167/6/2
f 1167/6/2 1165/6/2 1168/6/2
f 1166/1/2 1167/1/2 1169/1/2
f 1169/1/2 1167/1/2 1170/1/2
f 1170/6/2 1171/6/2 1173/6/2
f 1173/6/2 1171/6/2 1174/6/2
f 1172/1/2 1173/1/2 1175/1/2
f 1175/1/2 1173/1/2 1176/1/2
f 1177/1/2 1178/1/2 1179/1/2
f 1179/1/2 1178/1/2 1180/1/2
f 1180/6/2 1181/6/2 1183/6/2
f 1183/6/2 1181/6/2 1184/6/2
f 1182/1/2 1183/1/2 1185/1/2
f 1185/1/2 1183/1/2 1186/1/2
f 1186/6/2 1187/6/2 1189/6/2
f 1189/6/2 1187/6/2 1190/6/2
f 1188/1/2 1189/1/2 1191/1/2
f 1191/1/2 1189/1/2 1192/1/2
f 1192/6/2 1193/6/2 1195/6/2
f 1195/6/2 1193/6/2 1196/6/2
f 1194/1/2 1195/1/2 1197/1/2
f 1197/1/2 1195/1/2 1198/1/2
f 1198/6/2 1199/6/2 1201/6/2
f 1201/6/2 1199/6/2 1202/6/2
f 1200/1/2 1201/1/2 1203/1/2
f 1203/1/2 1201/1/2 1204/1/2
f 1207/4/2 1208/4/2 1209/4/2
f 1209/4/2 1208/4/2 1210/4/2
f 1210/4/2 1208/4/2 1211/4/2
f 1211/4/2 1208/4/2 1212/4/2
f 1212/4/2 1208/4/2 1213/4/2
f 1213/4/2 1208/4/2 1214/4/2
f 1205/1/2 1206/1/2 1216/1/2
f 1215/1/2 1216/1/2 1218/1/2
f 1216/1/2 1206/1/2 1219/1/2
f 1218/1/2 1216/1/2 1219/1/2
f 1217/6/2 1218/6/2 1221/6/2
f 1221/6/2 1218/6/2 1222/6/2
f 1219/6/2 1220/6/2 1223/6/2
f 1223/6/2 1220/6/2 1224/6/2
f 1222/1/2 1223/1/2 1225/1/2
f 1225/1/2 1223/1/2 1226/1/2
f 1222/1/2 1225/1/2 1227/1/2
f 1222/1/2 1227/1/2 1229/1/2
f 1227/1/2 1228/1/2 1229/1/2
f 1229/1/2 1228/1/2 1230/1/2
f 1230/1/2 1228/1/2 1232/1/2
f 1232/1/2 1228/1/2 1233/1/2
f 1231/1/2 1232/1/2 1234/1/2
f 1233/1/2 1228/1/2 1235/1/2
f 1235/1/2 1228/1/2 1236/1/2
f 1234/1/2 1235/1/2 1238/1/2
f 1236/6/2 1237/6/2 1239/6/2
f 1239/6/2 1237/6/2 1240/6/2
f 1234/1/2 1238/1/2 1242/1/2
f 1231/1/2 1234/1/2 1242/1/2
f 1238/1/2 1239/1/2 1242/1/2
f 1242/1/2 1239/1/2 1243/1/2
f 1243/1/2 1239/1/2 1244/1/2
f 1244/1/2 1239/1/2 1245/1/2
f 1245/1/2 1239/1/2 1246/1/2
f 1241/6/2 1242/6/2 1248/6/2
f 1248/6/2 1242/6/2 1249/6/2
f 1244/1/2 1245/1/2 1251/1/2
f 1246/6/2 1247/6/2 1252/6/2
f 1252/6/2 1247/6/2 1253/6/2
f 1249/1/2 1250/1/2 1255/1/2
f 1255/1/2 1250/1/2 1256/1/2
f 1244/1/2 1251/1/2 1257/1/2
f 1251/1/2 1252/1/2 1257/1/2
f 1257/1/2 1252/1/2 1258/1/2
f 1254/6/2 1255/6/2 1260/6/2
f 1260/6/2 1255/6/2 1261/6/2
f 1258/6/2 1259/6/2 1262/6/2
f 1262/6/2 1259/6/2 1263/6/2
f 1261/1/2 1262/1/2 1264/1/2
f 1264/1/2 1262/1/2 1265/1/2
f 1265/1/2 1262/1/2 1266/1/2
f 1266/1/2 1262/1/2 1267/1/2
f 1267/1/2 1262/1/2 1268/1/2
f 1268/1/2 1262/1/2 1269/1/2
f 1269/1/2 1262/1/2 1270/1/2
f 1270/1/2 1262/1/2 1271/1/2
f 1264/10/2 1265/10/2 1272/10/2
f 1266/10/2 1267/10/2 1273/10/2
f 1273/10/2 1267/10/2 1274/10/2
f 1268/10/2 1269/10/2 1275/10/2
f 1270/10/2 1271/10/2 1276/10/2
f 1276/10/2 1271/10/2 1277/10/2
f 1274/10/2 1275/10/2 1278/10/2
f 1264/10/2 1272/10/2 1278/10/2
f 1273/10/2 1274/10/2 1278/10/2
f 1272/10/2 1273/10/2 1278/10/2
f 1278/10/2 1275/10/2 1279/10/2
f 1279/10/2 1275/10/2 1280/10/2
f 1275/10/2 1269/10/2 1281/10/2
f 1280/10/2 1275/10/2 1281/10/2
f 1264/10/2 1278/10/2 1282/10/2
f 1282/10/2 1278/10/2 1283/10/2
f 1279/10/2 1280/10/2 1284/10/2
f 1284/10/2 1280/10/2 1285/10/2
f 1281/10/2 1269/10/2 1286/10/2
f 1286/10/2 1269/10/2 1287/10/2
f 1288/6/2 1289/6/2 1290/6/2
f 1290/6/2 1289/6/2 1291/6/2
f 1292/5/2 1293/5/2 1294/5/2
f 1294/5/2 1293/5/2 1295/5/2
f 1296/6/2 1297/6/2 1300/6/2
f 1300/6/2 1297/6/2 1301/6/2
f 1298/6/2 1299/6/2 1302/6/2
f 1302/6/2 1299/6/2 1303/6/2
f 1303/6/2 1304/6/2 1305/6/2
f 1305/6/2 1304/6/2 1306/6/2
f 1306/6/2 1307/6/2 1308/6/2
f 1308/6/2 1307/6/2 1309/6/2
f 1310/6/2 1311/6/2 1314/6/2
f 1314/6/2 1311/6/2 1315/6/2
f 1312/6/2 1313/6/2 1316/6/2
f 1316/6/2 1313/6/2 1317/6/2
f 1318/6/2 1319/6/2 1322/6/2
f 1320/6/2 1321/6/2 1322/6/2
f 1319/6/2 1320/6/2 1322/6/2
f 1322/6/2 1321/6/2 1323/6/2
f 1324/5/2 1325/5/2 1326/5/2
f 1326/5/2 1325/5/2 1327/5/2
f 1328/1/2 1329/1/2 1330/1/2
f 1330/1/2 1329/1/2 1331/1/2
f 1328/1/2 1330/1/2 1332/1/2
f 1331/1/2 1329/1/2 1333/1/2
f 1328/1/2 1332/1/2 1334/1/2
f 1332/1/2 1333/1/2 1334/1/2
f 1333/1/2 1329/1/2 1335/1/2
f 1334/1/2 1333/1/2 1335/1/2
f 1336/1/2 1337/1/2 1338/1/2
f 1338/1/2 1337/1/2 1339/1/2
f 1336/1/2 1338/1/2 1340/1/2
f 1339/1/2 1337/1/2 1341/1/2
f 1336/1/2 1340/1/2 1342/1/2
f 1340/1/2 1341/1/2 1342/1/2
f 1341/1/2 1337/1/2 1343/1/2
f 1342/1/2 1341/1/2 1343/1/2
f 1344/5/2 1345/5/2 1346/5/2
f 1346/5/2 1345/5/2 1347/5/2
f 1348/1/2 1349/1/2 1350/1/2
f 1350/1/2 1349/1/2 1351/1/2
f 1348/1/2 1350/1/2 1352/1/2
f 1351/1/2 1349/1/2 1353/1/2
f 1348/1/2 1352/1/2 1354/1/2
f 1352/1/2 1353/1/2 1354/1/2
f 1353/1/2 1349/1/2 1355/1/2
f 1354/1/2 1353/1/2 1355/1/2
f 1360/4/3 1357/4/3 1356/4/3
f 1361/4/3 1357/4/3 1360/4/3
f 1362/6/3 1359/6/3 1358/6/3
f 1363/6/3 1359/6/3 1362/6/3
f 1366/4/3 1365/4/3 1364/4/3
f 1367/4/3 1365/4/3 1366/4/3
f 1370/5/3 1369/5/3 1368/5/3
f 1371/5/3 1369/5/3 1370/5/3
f 1372/5/3 1370/5/3 1368/5/3
f 1373/5/3 1369/5/3 1371/5/3
f 1374/5/3 1372/5/3 1368/5/3
f 1374/5/3 1373/5/3 1372/5/3
f 1375/5/3 1369/5/3 1373/5/3
f 1375/5/3 1373/5/3 1374/5/3
f 1383/6/3 1377/6/3 1376/6/3
f 1384/6/3 1377/6/3 1383/6/3
f 1385/6/3 1379/6/3 1378/6/3
f 1386/6/3 1379/6/3 1385/6/3
f 1387/6/3 1381/6/3 1380/6/3
f 1388/6/3 1381/6/3 1387/6/3
f 1390/3/3 1386/3/3 1385/3/3
f 1390/3/3 1389/3/3 1388/3/3
f 1390/3/3 1388/3/3 1387/3/3
f 1390/3/3 1387/3/3 1386/3/3
f 1390/3/3 1384/3/3 1383/3/3
f 1390/3/3 1385/3/3 1384/3/3
f 1390/3/3 1383/3/3 1382/3/3
f 1391/3/3 1389/3/3 1390/3/3
f 1394/3/3 1393/3/3 1392/3/3
f 1395/3/3 1393/3/3 1394/3/3
f 1396/3/3 1394/3/3 1392/3/3
f 1397/3/3 1394/3/3 1396/3/3
f 1398/3/3 1393/3/3 1395/3/3
f 1399/3/3 1393/3/3 1398/3/3
f 1400/3/3 1396/3/3 1392/3/3
f 1401/3/3 1396/3/3 1400/3/3
f 1402/2/3 1397/2/3 1396/2/3
f 1402/3/3 1396/3/3 1401/3/3
f 1403/2/3 1397/2/3 1402/2/3
f 1404/3/3 1394/3/3 1397/3/3
f 1404/2/3 1397/2/3 1403/2/3
f 1405/3/3 1394/3/3 1404/3/3
f 1406/3/3 1398/3/3 1395/3/3
f 1407/3/3 1398/3/3 1406/3/3
f 1408/3/3 1398/3/3 1407/3/3
f 1409/2/3 1399/2/3 1398/2/3
f 1409/3/3 1398/3/3 1408/3/3
f 1410/2/3 1399/2/3 1409/2/3
f 1411/3/3 1393/3/3 1399/3/3
f 1411/2/3 1399/2/3 1410/2/3
f 1412/2/3 1401/2/3 1400/2/3
f 1412/3/3 1400/3/3 1392/3/3
f 1413/2/3 1401/2/3 1412/2/3
f 1414/3/3 1403/3/3 1402/3/3
f 1414/2/3 1401/2/3 1413/2/3
f 1414/3/3 1402/3/3 1401/3/3
f 1415/3/3 1403/3/3 1414/3/3
f 1416/2/3 1404/2/3 1403/2/3
f 1416/3/3 1403/3/3 1415/3/3
f 1416/2/3 1405/2/3 1404/2/3
f 1417/2/3 1405/2/3 1416/2/3
f 1418/3/3 1394/3/3 1405/3/3
f 1418/2/3 1405/2/3 1417/2/3
f 1419/2/3 1395/2/3 1394/2/3
f 1419/3/3 1394/3/3 1418/3/3
f 1420/3/3 1406/3/3 1395/3/3
f 1420/2/3 1395/2/3 1419/2/3
f 1421/3/3 1406/3/3 1420/3/3
f 1422/3/3 1406/3/3 1421/3/3
f 1423/3/3 1406/3/3 1422/3/3
f 1424/2/3 1407/2/3 1406/2/3
f 1425/3/3 1408/3/3 1407/3/3
f 1425/2/3 1407/2/3 1424/2/3
f 1426/2/3 1410/2/3 1409/2/3
f 1426/2/3 1409/2/3 1408/2/3
f 1427/3/3 1411/3/3 1410/3/3
f 1427/2/3 1410/2/3 1426/2/3
f 1428/3/3 1413/3/3 1412/3/3
f 1428/2/3 1415/2/3 1414/2/3
f 1428/2/3 1414/2/3 1413/2/3
f 1429/2/3 1415/2/3 1428/2/3
f 1430/2/3 1418/2/3 1417/2/3
f 1430/3/3 1417/3/3 1416/3/3
f 1430/2/3 1419/2/3 1418/2/3
f 1430/3/3 1416/3/3 1415/3/3
f 1430/2/3 1420/2/3 1419/2/3
f 1430/2/3 1421/2/3 1420/2/3
f 1431/2/3 1421/2/3 1430/2/3
f 1432/2/3 1421/2/3 1431/2/3
f 1433/2/3 1421/2/3 1432/2/3
f 1434/2/3 1421/2/3 1433/2/3
f 1435/3/3 1422/3/3 1421/3/3
f 1435/2/3 1421/2/3 1434/2/3
f 1436/2/3 1423/2/3 1422/2/3
f 1436/3/3 1406/3/3 1423/3/3
f 1437/2/3 1424/2/3 1406/2/3
f 1437/3/3 1406/3/3 1436/3/3
f 1438/2/3 1436/2/3 1422/2/3
f 1438/3/3 1422/3/3 1435/3/3
f 1438/2/3 1437/2/3 1436/2/3
f 1438/3/3 1435/3/3 1434/3/3
f 1439/2/3 1437/2/3 1438/2/3
f 1440/2/3 1424/2/3 1437/2/3
f 1440/2/3 1437/2/3 1439/2/3
f 1440/3/3 1425/3/3 1424/3/3
f 1441/3/3 1408/3/3 1425/3/3
f 1441/3/3 1425/3/3 1440/3/3
f 1442/2/3 1415/2/3 1429/2/3
f 1442/3/3 1430/3/3 1415/3/3
f 1442/3/3 1431/3/3 1430/3/3
f 1443/3/3 1431/3/3 1442/3/3
f 1444/3/3 1408/3/3 1441/3/3
f 1444/2/3 1440/2/3 1439/2/3
f 1444/2/3 1441/2/3 1440/2/3
f 1445/2/3 1426/2/3 1408/2/3
f 1445/3/3 1408/3/3 1444/3/3
f 1446/3/3 1429/3/3 1428/3/3
f 1446/3/3 1428/3/3 1412/3/3
f 1447/3/3 1429/3/3 1446/3/3
f 1448/3/3 1429/3/3 1447/3/3
f 1449/2/3 1443/2/3 1442/2/3
f 1449/3/3 1429/3/3 1448/3/3
f 1449/2/3 1442/2/3 1429/2/3
f 1450/2/3 1443/2/3 1449/2/3
f 1451/3/3 1431/3/3 1443/3/3
f 1451/2/3 1443/2/3 1450/2/3
f 1452/3/3 1439/3/3 1438/3/3
f 1452/2/3 1444/2/3 1439/2/3
f 1452/2/3 1445/2/3 1444/2/3
f 1453/2/3 1445/2/3 1452/2/3
f 1454/2/3 1445/2/3 1453/2/3
f 1455/2/3 1426/2/3 1445/2/3
f 1455/2/3 1445/2/3 1454/2/3
f 1456/3/3 1427/3/3 1426/3/3
f 1456/2/3 1426/2/3 1455/2/3
f 1457/3/3 1411/3/3 1427/3/3
f 1457/3/3 1427/3/3 1456/3/3
f 1457/3/3 1393/3/3 1411/3/3
f 1458/2/3 1447/2/3 1446/2/3
f 1458/3/3 1446/3/3 1412/3/3
f 1459/3/3 1448/3/3 1447/3/3
f 1459/2/3 1447/2/3 1458/2/3
f 1460/2/3 1450/2/3 1449/2/3
f 1460/3/3 1448/3/3 1459/3/3
f 1460/2/3 1449/2/3 1448/2/3
f 1461/2/3 1450/2/3 1460/2/3
f 1462/2/3 1450/2/3 1461/2/3
f 1463/3/3 1451/3/3 1450/3/3
f 1463/2/3 1450/2/3 1462/2/3
f 1464/3/3 1451/3/3 1463/3/3
f 1465/2/3 1454/2/3 1453/2/3
f 1465/3/3 1455/3/3 1454/3/3
f 1466/3/3 1455/3/3 1465/3/3
f 1467/2/3 1456/2/3 1455/2/3
f 1467/3/3 1455/3/3 1466/3/3
f 1467/2/3 1457/2/3 1456/2/3
f 1468/2/3 1457/2/3 1467/2/3
f 1469/2/3 1457/2/3 1468/2/3
f 1470/2/3 1457/2/3 1469/2/3
f 1471/3/3 1393/3/3 1457/3/3
f 1471/2/3 1457/2/3 1470/2/3
f 1472/3/3 1393/3/3 1471/3/3
f 1473/2/3 1460/2/3 1459/2/3
f 1473/2/3 1461/2/3 1460/2/3
f 1474/3/3 1462/3/3 1461/3/3
f 1474/2/3 1461/2/3 1473/2/3
f 1475/2/3 1464/2/3 1463/2/3
f 1475/3/3 1462/3/3 1474/3/3
f 1475/2/3 1463/2/3 1462/2/3
f 1476/2/3 1464/2/3 1475/2/3
f 1477/2/3 1466/2/3 1465/2/3
f 1477/3/3 1453/3/3 1452/3/3
f 1477/2/3 1465/2/3 1453/2/3
f 1478/2/3 1466/2/3 1477/2/3
f 1479/3/3 1470/3/3 1469/3/3
f 1479/2/3 1469/2/3 1468/2/3
f 1480/3/3 1470/3/3 1479/3/3
f 1481/2/3 1472/2/3 1471/2/3
f 1481/3/3 1470/3/3 1480/3/3
f 1481/2/3 1471/2/3 1470/2/3
f 1482/3/3 1393/3/3 1472/3/3
f 1482/2/3 1472/2/3 1481/2/3
f 1483/3/3 1459/3/3 1458/3/3
f 1483/3/3 1458/3/3 1412/3/3
f 1484/2/3 1473/2/3 1459/2/3
f 1484/3/3 1459/3/3 1483/3/3
f 1485/3/3 1433/3/3 1432/3/3
f 1486/2/3 1434/2/3 1433/2/3
f 1486/3/3 1433/3/3 1485/3/3
f 1487/3/3 1452/3/3 1438/3/3
f 1487/2/3 1434/2/3 1486/2/3
f 1487/3/3 1438/3/3 1434/3/3
f 1487/3/3 1478/3/3 1477/3/3
f 1487/3/3 1477/3/3 1452/3/3
f 1488/3/3 1478/3/3 1487/3/3
f 1489/2/3 1466/2/3 1478/2/3
f 1489/3/3 1478/3/3 1488/3/3
f 1490/3/3 1467/3/3 1466/3/3
f 1490/2/3 1466/2/3 1489/2/3
f 1490/3/3 1468/3/3 1467/3/3
f 1491/2/3 1480/2/3 1479/2/3
f 1491/3/3 1468/3/3 1490/3/3
f 1491/2/3 1479/2/3 1468/2/3
f 1492/2/3 1480/2/3 1491/2/3
f 1493/3/3 1483/3/3 1412/3/3
f 1494/2/3 1484/2/3 1483/2/3
f 1494/3/3 1483/3/3 1493/3/3
f 1495/2/3 1473/2/3 1484/2/3
f 1495/2/3 1484/2/3 1494/2/3
f 1496/2/3 1473/2/3 1495/2/3
f 1497/3/3 1476/3/3 1475/3/3
f 1497/2/3 1473/2/3 1496/2/3
f 1497/3/3 1474/3/3 1473/3/3
f 1497/3/3 1475/3/3 1474/3/3
f 1498/3/3 1476/3/3 1497/3/3
f 1499/2/3 1432/2/3 1431/2/3
f 1499/3/3 1485/3/3 1432/3/3
f 1500/2/3 1486/2/3 1485/2/3
f 1500/3/3 1485/3/3 1499/3/3
f 1500/2/3 1488/2/3 1487/2/3
f 1500/2/3 1487/2/3 1486/2/3
f 1501/2/3 1488/2/3 1500/2/3
f 1502/2/3 1488/2/3 1501/2/3
f 1503/2/3 1488/2/3 1502/2/3
f 1504/3/3 1492/3/3 1491/3/3
f 1504/2/3 1488/2/3 1503/2/3
f 1504/3/3 1490/3/3 1489/3/3
f 1504/3/3 1491/3/3 1490/3/3
f 1504/3/3 1489/3/3 1488/3/3
f 1505/3/3 1482/3/3 1481/3/3
f 1505/2/3 1480/2/3 1492/2/3
f 1505/3/3 1481/3/3 1480/3/3
f 1506/3/3 1482/3/3 1505/3/3
f 1507/2/3 1495/2/3 1494/2/3
f 1507/2/3 1494/2/3 1493/2/3
f 1507/3/3 1493/3/3 1412/3/3
f 1508/3/3 1496/3/3 1495/3/3
f 1508/2/3 1495/2/3 1507/2/3
f 1509/2/3 1498/2/3 1497/2/3
f 1509/3/3 1496/3/3 1508/3/3
f 1509/2/3 1497/2/3 1496/2/3
f 1510/2/3 1498/2/3 1509/2/3
f 1511/2/3 1501/2/3 1500/2/3
f 1511/2/3 1500/2/3 1499/2/3
f 1512/3/3 1502/3/3 1501/3/3
f 1512/2/3 1501/2/3 1511/2/3
f 1513/3/3 1504/3/3 1503/3/3
f 1513/2/3 1503/2/3 1502/2/3
f 1514/3/3 1504/3/3 1513/3/3
f 1515/3/3 1492/3/3 1504/3/3
f 1515/3/3 1504/3/3 1514/3/3
f 1515/2/3 1506/2/3 1505/2/3
f 1515/2/3 1505/2/3 1492/2/3
f 1516/2/3 1506/2/3 1515/2/3
f 1517/3/3 1482/3/3 1506/3/3
f 1517/2/3 1506/2/3 1516/2/3
f 1518/3/3 1482/3/3 1517/3/3
f 1519/2/3 1464/2/3 1476/2/3
f 1519/3/3 1476/3/3 1498/3/3
f 1520/3/3 1451/3/3 1464/3/3
f 1520/2/3 1464/2/3 1519/2/3
f 1521/3/3 1431/3/3 1451/3/3
f 1521/3/3 1451/3/3 1520/3/3
f 1522/2/3 1499/2/3 1431/2/3
f 1522/3/3 1431/3/3 1521/3/3
f 1522/2/3 1511/2/3 1499/2/3
f 1523/2/3 1511/2/3 1522/2/3
f 1524/3/3 1512/3/3 1511/3/3
f 1524/2/3 1511/2/3 1523/2/3
f 1525/2/3 1514/2/3 1513/2/3
f 1525/3/3 1512/3/3 1524/3/3
f 1525/3/3 1502/3/3 1512/3/3
f 1525/2/3 1513/2/3 1502/2/3
f 1526/2/3 1514/2/3 1525/2/3
f 1527/3/3 1516/3/3 1515/3/3
f 1527/2/3 1514/2/3 1526/2/3
f 1527/3/3 1515/3/3 1514/3/3
f 1528/3/3 1516/3/3 1527/3/3
f 1529/2/3 1518/2/3 1517/2/3
f 1529/3/3 1516/3/3 1528/3/3
f 1529/2/3 1517/2/3 1516/2/3
f 1530/2/3 1518/2/3 1529/2/3
f 1531/3/3 1509/3/3 1508/3/3
f 1531/3/3 1508/3/3 1507/3/3
f 1531/2/3 1498/2/3 1510/2/3
f 1531/3/3 1510/3/3 1509/3/3
f 1532/3/3 1519/3/3 1498/3/3
f 1532/2/3 1498/2/3 1531/2/3
f 1532/3/3 1520/3/3 1519/3/3
f 1532/3/3 1521/3/3 1520/3/3
f 1533/3/3 1521/3/3 1532/3/3
f 1534/2/3 1522/2/3 1521/2/3
f 1534/3/3 1521/3/3 1533/3/3
f 1534/2/3 1523/2/3 1522/2/3
f 1535/2/3 1523/2/3 1534/2/3
f 1536/3/3 1524/3/3 1523/3/3
f 1536/2/3 1523/2/3 1535/2/3
f 1536/3/3 1526/3/3 1525/3/3
f 1536/3/3 1525/3/3 1524/3/3
f 1537/2/3 1527/2/3 1526/2/3
f 1537/3/3 1526/3/3 1536/3/3
f 1537/2/3 1528/2/3 1527/2/3
f 1538/2/3 1528/2/3 1537/2/3
f 1539/3/3 1529/3/3 1528/3/3
f 1539/2/3 1528/2/3 1538/2/3
f 1539/3/3 1530/3/3 1529/3/3
f 1540/3/3 1530/3/3 1539/3/3
f 1541/2/3 1518/2/3 1530/2/3
f 1541/3/3 1530/3/3 1540/3/3
f 1542/3/3 1482/3/3 1518/3/3
f 1542/2/3 1518/2/3 1541/2/3
f 1543/2/3 1535/2/3 1534/2/3
f 1543/2/3 1534/2/3 1533/2/3
f 1544/3/3 1536/3/3 1535/3/3
f 1544/2/3 1535/2/3 1543/2/3
f 1544/3/3 1538/3/3 1537/3/3
f 1544/3/3 1537/3/3 1536/3/3
f 1545/2/3 1539/2/3 1538/2/3
f 1545/3/3 1538/3/3 1544/3/3
f 1545/2/3 1540/2/3 1539/2/3
f 1546/3/3 1541/3/3 1540/3/3
f 1546/2/3 1540/2/3 1545/2/3
f 1546/3/3 1542/3/3 1541/3/3
f 1547/2/3 1543/2/3 1533/2/3
f 1547/3/3 1533/3/3 1532/3/3
f 1547/3/3 1532/3/3 1531/3/3
f 1548/3/3 1545/3/3 1544/3/3
f 1548/2/3 1543/2/3 1547/2/3
f 1548/3/3 1546/3/3 1545/3/3
f 1548/3/3 1544/3/3 1543/3/3
f 1549/3/3 1547/3/3 1531/3/3
f 1549/3/3 1507/3/3 1412/3/3
f 1549/3/3 1548/3/3 1547/3/3
f 1549/3/3 1412/3/3 1392/3/3
f 1549/3/3 1531/3/3 1507/3/3
f 1550/3/3 1546/3/3 1548/3/3
f 1550/3/3 1548/3/3 1549/3/3
f 1550/3/3 1393/3/3 1482/3/3
f 1550/3/3 1542/3/3 1546/3/3
f 1550/3/3 1482/3/3 1542/3/3
f 1551/3/3 1390/3/3 1382/3/3
f 1552/3/3 1389/3/3 1391/3/3
f 1553/3/3 1551/3/3 1382/3/3
f 1553/3/3 1552/3/3 1551/3/3
f 1554/3/3 1552/3/3 1553/3/3
f 1555/3/3 1552/3/3 1554/3/3
f 1556/3/3 1552/3/3 1555/3/3
f 1557/3/3 1552/3/3 1556/3/3
f 1558/3/3 1552/3/3 1557/3/3
f 1559/3/3 1552/3/3 1558/3/3
f 1560/3/3 1552/3/3 1559/3/3
f 1561/3/3 1552/3/3 1560/3/3
f 1562/3/3 1552/3/3 1561/3/3
f 1563/3/3 1389/3/3 1552/3/3
f 1563/3/3 1552/3/3 1562/3/3
f 1564/3/3 1389/3/3 1563/3/3
f 1565/3/3 1389/3/3 1564/3/3
f 1566/4/3 1556/4/3 1555/4/3
f 1567/4/3 1556/4/3 1566/4/3
f 1568/6/3 1558/6/3 1557/6/3
f 1569/6/3 1558/6/3 1568/6/3
f 1570/6/3 1562/6/3 1561/6/3
f 1571/6/3 1562/6/3 1570/6/3
f 1572/6/3 1564/6/3 1563/6/3
f 1573/6/3 1564/6/3 1572/6/3
f 1574/6/3 1560/6/3 1559/6/3
f 1575/6/3 1560/6/3 1574/6/3
f 1583/6/3 1577/6/3 1576/6/3
f 1584/6/3 1577/6/3 1583/6/3
f 1585/6/3 1579/6/3 1578/6/3
f 1586/6/3 1579/6/3 1585/6/3
f 1587/6/3 1581/6/3 1580/6/3
f 1588/6/3 1581/6/3 1587/6/3
f 1590/1/3 1583/1/3 1582/1/3
f 1591/1/3 1583/1/3 1590/1/3
f 1592/1/3 1583/1/3 1591/1/3
f 1593/1/3 1583/1/3 1592/1/3
f 1594/1/3 1585/1/3 1584/1/3
f 1595/1/3 1585/1/3 1594/1/3
f 1596/1/3 1587/1/3 1586/1/3
f 1597/1/3 1587/1/3 1596/1/3
f 1598/1/3 1589/1/3 1588/1/3
f 1599/1/3 1589/1/3 1598/1/3
f 1600/1/3 1589/1/3 1599/1/3
f 1602/10/3 1601/10/3 1600/10/3
f 1602/1/3 1600/1/3 1599/1/3
f 1603/10/3 1601/10/3 1602/10/3
f 1604/10/3 1601/10/3 1603/10/3
f 1605/10/3 1601/10/3 1604/10/3
f 1606/1/3 1602/1/3 1599/1/3
f 1607/10/3 1604/10/3 1603/10/3
f 1608/10/3 1604/10/3 1607/10/3
f 1610/1/3 1606/1/3 1599/1/3
f 1610/10/3 1609/10/3 1608/10/3
f 1610/10/3 1608/10/3 1607/10/3
f 1610/10/3 1607/10/3 1606/10/3
f 1611/10/3 1609/10/3 1610/10/3
f 1612/10/3 1609/10/3 1611/10/3
f 1613/10/3 1609/10/3 1612/10/3
f 1614/1/3 1610/1/3 1599/1/3
f 1615/10/3 1612/10/3 1611/10/3
f 1616/10/3 1612/10/3 1615/10/3
f 1618/1/3 1614/1/3 1599/1/3
f 1618/10/3 1617/10/3 1616/10/3
f 1618/10/3 1616/10/3 1615/10/3
f 1618/10/3 1615/10/3 1614/10/3
f 1619/10/3 1617/10/3 1618/10/3
f 1620/10/3 1617/10/3 1619/10/3
f 1621/10/3 1617/10/3 1620/10/3
f 1622/1/3 1618/1/3 1599/1/3
f 1623/10/3 1620/10/3 1619/10/3
f 1624/1/3 1622/1/3 1599/1/3
f 1624/10/3 1623/10/3 1622/10/3
f 1625/10/3 1620/10/3 1623/10/3
f 1625/10/3 1623/10/3 1624/10/3
f 1626/1/3 1624/1/3 1599/1/3
f 1627/10/3 1620/10/3 1625/10/3
f 1628/10/3 1620/10/3 1627/10/3
f 1630/1/3 1626/1/3 1599/1/3
f 1630/10/3 1629/10/3 1628/10/3
f 1630/10/3 1628/10/3 1627/10/3
f 1630/10/3 1627/10/3 1626/10/3
f 1631/10/3 1629/10/3 1630/10/3
f 1632/10/3 1629/10/3 1631/10/3
f 1633/10/3 1629/10/3 1632/10/3
f 1634/1/3 1590/1/3 1582/1/3
f 1635/1/3 1592/1/3 1591/1/3
f 1636/1/3 1634/1/3 1582/1/3
f 1636/1/3 1635/1/3 1634/1/3
f 1637/1/3 1592/1/3 1635/1/3
f 1637/1/3 1635/1/3 1636/1/3
f 1638/1/3 1592/1/3 1637/1/3
f 1648/1/3 1630/1/3 1599/1/3
f 1649/1/3 1630/1/3 1648/1/3
f 1649/1/3 1648/1/3 1647/1/3
f 1650/10/3 1632/10/3 1631/10/3
f 1651/10/3 1632/10/3 1650/10/3
f 1653/1/3 1649/1/3 1647/1/3
f 1653/10/3 1652/10/3 1651/10/3
f 1653/10/3 1651/10/3 1650/10/3
f 1653/10/3 1650/10/3 1649/10/3
f 1654/10/3 1652/10/3 1653/10/3
f 1655/10/3 1652/10/3 1654/10/3
f 1656/10/3 1652/10/3 1655/10/3
f 1659/1/3 1653/1/3 1647/1/3
f 1660/10/3 1655/10/3 1654/10/3
f 1661/10/3 1655/10/3 1660/10/3
f 1663/1/3 1658/1/3 1657/1/3
f 1664/1/3 1640/1/3 1639/1/3
f 1665/1/3 1640/1/3 1664/1/3
f 1666/1/3 1640/1/3 1665/1/3
f 1667/1/3 1642/1/3 1641/1/3
f 1668/1/3 1642/1/3 1667/1/3
f 1669/1/3 1644/1/3 1643/1/3
f 1670/1/3 1644/1/3 1669/1/3
f 1671/1/3 1646/1/3 1645/1/3
f 1672/1/3 1646/1/3 1671/1/3
f 1673/1/3 1659/1/3 1647/1/3
f 1674/10/3 1662/10/3 1661/10/3
f 1674/10/3 1660/10/3 1659/10/3
f 1674/1/3 1659/1/3 1673/1/3
f 1674/10/3 1661/10/3 1660/10/3
f 1675/10/3 1662/10/3 1674/10/3
f 1676/6/3 1667/6/3 1666/6/3
f 1677/6/3 1667/6/3 1676/6/3
f 1678/6/3 1671/6/3 1670/6/3
f 1679/6/3 1671/6/3 1678/6/3
f 1680/6/3 1673/6/3 1672/6/3
f 1681/6/3 1673/6/3 1680/6/3
f 1682/1/3 1663/1/3 1657/1/3
f 1682/1/3 1664/1/3 1663/1/3
f 1682/1/3 1665/1/3 1664/1/3
f 1683/1/3 1665/1/3 1682/1/3
f 1686/1/3 1685/1/3 1684/1/3
f 1687/1/3 1685/1/3 1686/1/3
f 1690/1/3 1689/1/3 1688/1/3
f 1692/1/3 1690/1/3 1688/1/3
f 1692/1/3 1691/1/3 1690/1/3
f 1693/1/3 1691/1/3 1692/1/3
f 1694/1/3 1692/1/3 1688/1/3
f 1695/1/3 1692/1/3 1694/1/3
f 1699/1/3 1697/1/3 1696/1/3
f 1700/1/3 1697/1/3 1699/1/3
f 1701/1/3 1699/1/3 1698/1/3
f 1701/1/3 1700/1/3 1699/1/3
f 1702/1/3 1700/1/3 1701/1/3
f 1705/7/3 1704/7/3 1703/7/3
f 1706/7/3 1704/7/3 1705/7/3
f 1709/1/3 1708/1/3 1707/1/3
f 1710/1/3 1708/1/3 1709/1/3
f 1713/1/3 1712/1/3 1711/1/3
f 1714/1/3 1712/1/3 1713/1/3
f 1717/6/3 1716/6/3 1715/6/3
f 1718/6/3 1716/6/3 1717/6/3
f 1723/10/3 1720/10/3 1719/10/3
f 1724/10/3 1720/10/3 1723/10/3
f 1725/10/3 1722/10/3 1721/10/3
f 1726/10/3 1722/10/3 1725/10/3
f 1729/3/3 1728/3/3 1727/3/3
f 1730/3/3 1728/3/3 1729/3/3
f 1731/3/3 1729/3/3 1727/3/3
f 1732/3/3 1729/3/3 1731/3/3
f 1733/5/3 1730/5/3 1729/5/3
f 1734/5/3 1730/5/3 1733/5/3
f 1735/3/3 1729/3/3 1732/3/3
f 1736/3/3 1729/3/3 1735/3/3
f 1737/3/3 1734/3/3 1733/3/3
f 1738/3/3 1734/3/3 1737/3/3
f 1739/3/3 1737/3/3 1733/3/3
f 1739/6/3 1738/6/3 1737/6/3
f 1740/6/3 1738/6/3 1739/6/3
f 1741/3/3 1734/3/3 1738/3/3
f 1741/6/3 1738/6/3 1740/6/3
f 1742/3/3 1734/3/3 1741/3/3
f 1743/3/3 1740/3/3 1739/3/3
f 1743/3/3 1739/3/3 1733/3/3
f 1744/6/3 1742/6/3 1741/6/3
f 1744/3/3 1740/3/3 1743/3/3
f 1744/6/3 1741/6/3 1740/6/3
f 1745/6/3 1742/6/3 1744/6/3
f 1746/6/3 1742/6/3 1745/6/3
f 1747/6/3 1742/6/3 1746/6/3
f 1748/3/3 1734/3/3 1742/3/3
f 1748/6/3 1742/6/3 1747/6/3
f 1749/3/3 1734/3/3 1748/3/3
f 1750/3/3 1743/3/3 1733/3/3
f 1750/6/3 1744/6/3 1743/6/3
f 1750/6/3 1745/6/3 1744/6/3
f 1751/6/3 1745/6/3 1750/6/3
f 1752/2/3 1747/2/3 1746/2/3
f 1752/3/3 1746/3/3 1745/3/3
f 1753/6/3 1749/6/3 1748/6/3
f 1753/2/3 1747/2/3 1752/2/3
f 1753/6/3 1748/6/3 1747/6/3
f 1754/6/3 1749/6/3 1753/6/3
f 1755/3/3 1750/3/3 1733/3/3
f 1755/3/3 1751/3/3 1750/3/3
f 1756/6/3 1745/6/3 1751/6/3
f 1756/3/3 1751/3/3 1755/3/3
f 1757/3/3 1755/3/3 1733/3/3
f 1757/6/3 1756/6/3 1755/6/3
f 1758/6/3 1745/6/3 1756/6/3
f 1758/6/3 1756/6/3 1757/6/3
f 1759/3/3 1752/3/3 1745/3/3
f 1759/3/3 1754/3/3 1753/3/3
f 1759/3/3 1753/3/3 1752/3/3
f 1760/3/3 1754/3/3 1759/3/3
f 1761/6/3 1749/6/3 1754/6/3
f 1761/3/3 1754/3/3 1760/3/3
f 1762/3/3 1757/3/3 1733/3/3
f 1762/3/3 1758/3/3 1757/3/3
f 1763/6/3 1745/6/3 1758/6/3
f 1763/3/3 1758/3/3 1762/3/3
f 1764/3/3 1759/3/3 1745/3/3
f 1764/6/3 1745/6/3 1763/6/3
f 1765/2/3 1760/2/3 1759/2/3
f 1765/3/3 1759/3/3 1764/3/3
f 1766/6/3 1761/6/3 1760/6/3
f 1766/2/3 1760/2/3 1765/2/3
f 1767/6/3 1761/6/3 1766/6/3
f 1768/6/3 1749/6/3 1761/6/3
f 1768/6/3 1761/6/3 1767/6/3
f 1768/3/3 1734/3/3 1749/3/3
f 1769/6/3 1767/6/3 1766/6/3
f 1769/6/3 1766/6/3 1765/6/3
f 1769/3/3 1762/3/3 1733/3/3
f 1769/6/3 1763/6/3 1762/6/3
f 1769/6/3 1765/6/3 1764/6/3
f 1769/6/3 1764/6/3 1763/6/3
f 1770/3/3 1768/3/3 1767/3/3
f 1770/6/3 1767/6/3 1769/6/3
f 1771/3/3 1770/3/3 1769/3/3
f 1772/3/3 1770/3/3 1771/3/3
f 1773/3/3 1770/3/3 1772/3/3
f 1774/3/3 1768/3/3 1770/3/3
f 1774/3/3 1770/3/3 1773/3/3
f 1775/3/3 1771/3/3 1769/3/3
f 1776/5/3 1772/5/3 1771/5/3
f 1776/3/3 1771/3/3 1775/3/3
f 1777/3/3 1773/3/3 1772/3/3
f 1777/5/3 1772/5/3 1776/5/3
f 1777/5/3 1776/5/3 1775/5/3
f 1778/5/3 1774/5/3 1773/5/3
f 1778/3/3 1773/3/3 1777/3/3
f 1779/3/3 1768/3/3 1774/3/3
f 1779/5/3 1774/5/3 1778/5/3
f 1780/3/3 1768/3/3 1779/3/3
f 1781/3/3 1775/3/3 1769/3/3
f 1782/5/3 1777/5/3 1775/5/3
f 1782/3/3 1775/3/3 1781/3/3
f 1782/5/3 1778/5/3 1777/5/3
f 1782/5/3 1780/5/3 1779/5/3
f 1782/5/3 1779/5/3 1778/5/3
f 1783/5/3 1780/5/3 1782/5/3
f 1784/5/3 1780/5/3 1783/5/3
f 1785/3/3 1768/3/3 1780/3/3
f 1785/5/3 1780/5/3 1784/5/3
f 1786/3/3 1734/3/3 1768/3/3
f 1786/3/3 1768/3/3 1785/3/3
f 1787/3/3 1781/3/3 1769/3/3
f 1787/5/3 1782/5/3 1781/5/3
f 1787/5/3 1783/5/3 1782/5/3
f 1788/5/3 1783/5/3 1787/5/3
f 1789/3/3 1784/3/3 1783/3/3
f 1789/5/3 1783/5/3 1788/5/3
f 1790/5/3 1785/5/3 1784/5/3
f 1790/3/3 1784/3/3 1789/3/3
f 1790/5/3 1786/5/3 1785/5/3
f 1791/5/3 1786/5/3 1790/5/3
f 1792/3/3 1734/3/3 1786/3/3
f 1792/5/3 1786/5/3 1791/5/3
f 1793/5/3 1789/5/3 1788/5/3
f 1793/5/3 1791/5/3 1790/5/3
f 1793/3/3 1788/3/3 1787/3/3
f 1793/5/3 1790/5/3 1789/5/3
f 1794/5/3 1791/5/3 1793/5/3
f 1795/5/3 1791/5/3 1794/5/3
f 1796/3/3 1792/3/3 1791/3/3
f 1796/5/3 1791/5/3 1795/5/3
f 1797/5/3 1795/5/3 1794/5/3
f 1797/3/3 1794/3/3 1793/3/3
f 1798/3/3 1796/3/3 1795/3/3
f 1798/5/3 1795/5/3 1797/5/3
f 1799/3/3 1787/3/3 1769/3/3
f 1799/3/3 1793/3/3 1787/3/3
f 1799/3/3 1798/3/3 1797/3/3
f 1799/3/3 1797/3/3 1793/3/3
f 1800/3/3 1792/3/3 1796/3/3
f 1800/3/3 1798/3/3 1799/3/3
f 1800/3/3 1796/3/3 1798/3/3
f 1801/3/3 1799/3/3 1769/3/3
f 1801/4/3 1800/4/3 1799/4/3
f 1802/4/3 1800/4/3 1801/4/3
f 1803/4/3 1800/4/3 1802/4/3
f 1804/4/3 1800/4/3 1803/4/3
f 1805/4/3 1800/4/3 1804/4/3
f 1806/3/3 1792/3/3 1800/3/3
f 1806/4/3 1800/4/3 1805/4/3
f 1807/3/3 1734/3/3 1792/3/3
f 1807/3/3 1792/3/3 1806/3/3
f 1808/3/3 1801/3/3 1769/3/3
f 1808/3/3 1802/3/3 1801/3/3
f 1809/4/3 1803/4/3 1802/4/3
f 1809/3/3 1802/3/3 1808/3/3
f 1810/2/3 1805/2/3 1804/2/3
f 1810/3/3 1804/3/3 1803/3/3
f 1811/4/3 1806/4/3 1805/4/3
f 1811/2/3 1805/2/3 1810/2/3
f 1811/4/3 1807/4/3 1806/4/3
f 1812/4/3 1807/4/3 1811/4/3
f 1813/4/3 1809/4/3 1808/4/3
f 1813/3/3 1808/3/3 1769/3/3
f 1814/4/3 1803/4/3 1809/4/3
f 1814/4/3 1809/4/3 1813/4/3
f 1815/3/3 1813/3/3 1769/3/3
f 1815/3/3 1814/3/3 1813/3/3
f 1816/4/3 1803/4/3 1814/4/3
f 1816/3/3 1814/3/3 1815/3/3
f 1817/3/3 1810/3/3 1803/3/3
f 1817/3/3 1812/3/3 1811/3/3
f 1817/3/3 1811/3/3 1810/3/3
f 1818/3/3 1812/3/3 1817/3/3
f 1819/4/3 1807/4/3 1812/4/3
f 1819/3/3 1812/3/3 1818/3/3
f 1822/3/3 1815/3/3 1769/3/3
f 1822/4/3 1816/4/3 1815/4/3
f 1823/4/3 1803/4/3 1816/4/3
f 1823/4/3 1816/4/3 1822/4/3
f 1824/3/3 1817/3/3 1803/3/3
f 1824/4/3 1803/4/3 1823/4/3
f 1825/2/3 1818/2/3 1817/2/3
f 1825/3/3 1817/3/3 1824/3/3
f 1826/4/3 1819/4/3 1818/4/3
f 1826/2/3 1818/2/3 1825/2/3
f 1827/4/3 1807/4/3 1819/4/3
f 1827/4/3 1819/4/3 1826/4/3
f 1828/3/3 1734/3/3 1807/3/3
f 1828/4/3 1807/4/3 1827/4/3
f 1830/3/3 1729/3/3 1736/3/3
f 1831/5/3 1733/5/3 1729/5/3
f 1831/3/3 1822/3/3 1769/3/3
f 1831/3/3 1769/3/3 1733/3/3
f 1831/3/3 1823/3/3 1822/3/3
f 1832/4/3 1827/4/3 1826/4/3
f 1832/3/3 1823/3/3 1831/3/3
f 1832/4/3 1824/4/3 1823/4/3
f 1832/4/3 1825/4/3 1824/4/3
f 1832/4/3 1826/4/3 1825/4/3
f 1833/3/3 1828/3/3 1827/3/3
f 1833/4/3 1827/4/3 1832/4/3
f 1834/5/3 1730/5/3 1734/5/3
f 1834/3/3 1828/3/3 1833/3/3
f 1834/3/3 1734/3/3 1828/3/3
f 1836/3/3 1830/3/3 1829/3/3
f 1837/5/3 1833/5/3 1832/5/3
f 1837/5/3 1832/5/3 1831/5/3
f 1837/3/3 1830/3/3 1836/3/3
f 1837/3/3 1729/3/3 1830/3/3
f 1837/5/3 1834/5/3 1833/5/3
f 1837/5/3 1831/5/3 1729/5/3
f 1838/3/3 1728/3/3 1730/3/3
f 1838/5/3 1834/5/3 1837/5/3
f 1838/5/3 1730/5/3 1834/5/3
f 1839/3/3 1837/3/3 1836/3/3
f 1839/3/3 1836/3/3 1835/3/3
f 1839/3/3 1838/3/3 1837/3/3
f 1840/3/3 1728/3/3 1838/3/3
f 1840/3/3 1838/3/3 1839/3/3
f 1841/4/3 1821/4/3 1820/4/3
f 1842/4/3 1821/4/3 1841/4/3
f 1847/10/3 1844/10/3 1843/10/3
f 1848/10/3 1844/10/3 1847/10/3
f 1849/10/3 1846/10/3 1845/10/3
f 1850/10/3 1846/10/3 1849/10/3
f 1853/6/3 1852/6/3 1851/6/3
f 1854/6/3 1852/6/3 1853/6/3
f 1857/6/3 1856/6/3 1855/6/3
f 1858/6/3 1856/6/3 1857/6/3
f 1861/1/3 1860/1/3 1859/1/3
f 1862/1/3 1860/1/3 1861/1/3
f 1867/10/3 1864/10/3 1863/10/3
f 1868/10/3 1864/10/3 1867/10/3
f 1869/10/3 1866/10/3 1865/10/3
f 1870/10/3 1866/10/3 1869/10/3
f 1875/10/3 1872/10/3 1871/10/3
f 1876/10/3 1872/10/3 1875/10/3
f 1877/10/3 1874/10/3 1873/10/3
f 1878/10/3 1874/10/3 1877/10/3
f 1881/6/3 1880/6/3 1879/6/3
f 1882/6/3 1880/6/3 1881/6/3
f 1887/10/3 1886/10/3 1885/10/3
f 1888/10/3 1886/10/3 1887/10/3
f 1889/1/3 1884/1/3 1883/1/3
f 1890/1/3 1884/1/3 1889/1/3
f 1893/10/3 1892/10/3 1891/10/3
f 1894/10/3 1892/10/3 1893/10/3
f 1897/10/3 1896/10/3 1895/10/3
f 1898/10/3 1896/10/3 1897/10/3
f 1901/1/3 1900/1/3 1899/1/3
f 1902/1/3 1900/1/3 1901/1/3
f 1907/1/3 1904/1/3 1903/1/3
f 1910/1/3 1904/1/3 1907/1/3
f 1911/1/3 1904/1/3 1910/1/3
f 1912/10/3 1909/10/3 1908/10/3
f 1913/10/3 1909/10/3 1912/10/3
f 1914/1/3 1906/1/3 1905/1/3
f 1915/1/3 1906/1/3 1914/1/3
f 1916/3/3 1915/3/3 1914/3/3
f 1917/3/3 1915/3/3 1916/3/3
f 1920/9/3 1919/9/3 1918/9/3
f 1921/9/3 1919/9/3 1920/9/3
f 1924/10/3 1923/10/3 1922/10/3
f 1925/10/3 1923/10/3 1924/10/3
f 1928/6/3 1927/6/3 1926/6/3
f 1929/6/3 1927/6/3 1928/6/3
f 1932/1/3 1931/1/3 1930/1/3
f 1933/1/3 1931/1/3 1932/1/3
f 1936/10/3 1935/10/3 1934/10/3
f 1937/10/3 1935/10/3 1936/10/3
f 1940/9/3 1939/9/3 1938/9/3
f 1941/9/3 1939/9/3 1940/9/3
f 1944/10/3 1943/10/3 1942/10/3
f 1945/10/3 1943/10/3 1944/10/3
f 1948/10/3 1947/10/3 1946/10/3
f 1949/10/3 1947/10/3 1948/10/3
f 1952/9/3 1951/9/3 1950/9/3
f 1953/9/3 1951/9/3 1952/9/3
f 1956/10/3 1955/10/3 1954/10/3
f 1957/10/3 1955/10/3 1956/10/3
f 1960/10/3 1959/10/3 1958/10/3
f 1961/10/3 1959/10/3 1960/10/3
f 1964/1/3 1963/1/3 1962/1/3
f 1965/1/3 1963/1/3 1964/1/3
f 1968/6/3 1967/6/3 1966/6/3
f 1969/6/3 1967/6/3 1968/6/3
f 1972/9/3 1971/9/3 1970/9/3
f 1973/9/3 1971/9/3 1972/9/3
f 1976/1/3 1975/1/3 1974/1/3
f 1977/1/3 1975/1/3 1976/1/3
f 1980/9/3 1979/9/3 1978/9/3
f 1981/9/3 1979/9/3 1980/9/3
f 1984/6/3 1983/6/3 1982/6/3
f 1985/6/3 1983/6/3 1984/6/3
f 1988/9/3 1987/9/3 1986/9/3
f 1989/9/3 1987/9/3 1988/9/3
f 1992/9/3 1991/9/3 1990/9/3
f 1993/9/3 1991/9/3 1992/9/3
f 1996/10/3 1995/10/3 1994/10/3
f 1997/10/3 1995/10/3 1996/10/3
f 2000/9/3 1999/9/3 1998/9/3
f 2001/9/3 1999/9/3 2000/9/3
f 2006/10/3 2005/10/3 2004/10/3
f 2007/10/3 2005/10/3 2006/10/3
f 2008/9/3 2003/9/3 2002/9/3
f 2009/9/3 2003/9/3 2008/9/3
f 2012/10/3 2011/10/3 2010/10/3
f 2013/10/3 2011/10/3 2012/10/3
f 2016/10/3 2015/10/3 2014/10/3
f 2017/10/3 2015/10/3 2016/10/3
f 2020/10/3 2019/10/3 2018/10/3
f 2021/10/3 2019/10/3 2020/10/3
f 2024/6/3 2023/6/3 2022/6/3
f 2025/6/3 2023/6/3 2024/6/3
f 2028/10/3 2027/10/3 2026/10/3
f 2029/10/3 2027/10/3 2028/10/3
f 2032/10/3 2031/10/3 2030/10/3
f 2033/10/3 2031/10/3 2032/10/3
f 2036/10/3 2035/10/3 2034/10/3
f 2038/10/3 2036/10/3 2034/10/3
f 2038/10/3 2037/10/3 2036/10/3
f 2039/10/3 2037/10/3 2038/10/3
f 2040/10/3 2038/10/3 2034/10/3
f 2041/10/3 2038/10/3 2040/10/3
f 2049/4/3 2043/4/3 2042/4/3
f 2050/4/3 2043/4/3 2049/4/3
f 2051/4/3 2045/4/3 2044/4/3
f 2051/4/3 2046/4/3 2045/4/3
f 2052/4/3 2046/4/3 2051/4/3
f 2053/4/3 2046/4/3 2052/4/3
f 2054/4/3 2048/4/3 2047/4/3
f 2055/4/3 2048/4/3 2054/4/3
f 2056/6/4 2057/6/4 2058/6/4
f 2058/6/4 2057/6/4 2059/6/4
f 2060/1/4 2061/1/4 2062/1/4
f 2062/1/4 2061/1/4 2063/1/4
f 2064/10/4 2065/10/4 2068/10/4
f 2068/10/4 2065/10/4 2069/10/4
f 2066/10/4 2067/10/4 2070/10/4
f 2070/10/4 2067/10/4 2071/10/4
f 2069/10/4 2070/10/4 2073/10/4
f 2073/10/4 2070/10/4 2074/10/4
f 2072/10/4 2073/10/4 2076/10/4
f 2074/10/4 2075/10/4 2076/10/4
f 2073/10/4 2074/10/4 2076/10/4
f 2076/10/4 2075/10/4 2077/10/4
f 2077/10/4 2075/10/4 2078/10/4
f 2078/10/4 2075/10/4 2079/10/4
f 2077/10/4 2078/10/4 2081/10/4
f 2081/10/4 2078/10/4 2082/10/4
f 2080/10/4 2081/10/4 2084/10/4
f 2082/10/4 2083/10/4 2084/10/4
f 2081/10/4 2082/10/4 2084/10/4
f 2084/10/4 2083/10/4 2085/10/4
f 2085/10/4 2083/10/4 2086/10/4
f 2086/10/4 2083/10/4 2087/10/4
f 2085/10/4 2086/10/4 2089/10/4
f 2088/10/4 2089/10/4 2090/10/4
f 2089/10/4 2086/10/4 2091/10/4
f 2090/10/4 2089/10/4 2091/10/4
f 2091/10/4 2086/10/4 2093/10/4
f 2093/10/4 2086/10/4 2094/10/4
f 2092/10/4 2093/10/4 2096/10/4
f 2094/10/4 2095/10/4 2096/10/4
f 2093/10/4 2094/10/4 2096/10/4
f 2096/10/4 2095/10/4 2097/10/4
f 2097/10/4 2095/10/4 2098/10/4
f 2098/10/4 2095/10/4 2099/10/4
f 2097/10/4 2098/10/4 2101/10/4
f 2101/10/4 2098/10/4 2102/10/4
f 2100/10/4 2101/10/4 2104/10/4
f 2102/10/4 2103/10/4 2104/10/4
f 2101/10/4 2102/10/4 2104/10/4
f 2104/10/4 2103/10/4 2105/10/4
f 2105/10/4 2103/10/4 2106/10/4
f 2106/10/4 2103/10/4 2107/10/4
f 2105/10/4 2106/10/4 2109/10/4
f 2109/10/4 2106/10/4 2110/10/4
f 2108/10/4 2109/10/4 2112/10/4
f 2112/10/4 2109/10/4 2113/10/4
f 2110/10/4 2111/10/4 2114/10/4
f 2114/10/4 2111/10/4 2115/10/4
f 2116/1/4 2117/1/4 2122/1/4
f 2122/1/4 2117/1/4 2123/1/4
f 2122/3/4 2123/3/4 2124/3/4
f 2123/1/4 2117/1/4 2125/1/4
f 2124/3/4 2123/3/4 2125/3/4
f 2125/1/4 2117/1/4 2126/1/4
f 2120/1/4 2121/1/4 2127/1/4
f 2127/1/4 2121/1/4 2128/1/4
f 2118/1/4 2119/1/4 2129/1/4
f 2129/1/4 2119/1/4 2130/1/4
f 2129/3/4 2130/3/4 2131/3/4
f 2131/3/4 2130/3/4 2132/3/4
f 2133/1/4 2134/1/4 2135/1/4
f 2135/1/4 2134/1/4 2136/1/4
f 2137/6/4 2138/6/4 2139/6/4
f 2139/6/4 2138/6/4 2140/6/4
f 2141/1/4 2142/1/4 2143/1/4
f 2143/1/4 2142/1/4 2144/1/4
f 2145/10/4 2146/10/4 2149/10/4
f 2149/10/4 2146/10/4 2150/10/4
f 2147/10/4 2148/10/4 2151/10/4
f 2151/10/4 2148/10/4 2152/10/4
f 2153/3/4 2154/3/4 2155/3/4
f 2155/3/4 2154/3/4 2156/3/4
f 2153/3/4 2155/3/4 2157/3/4
f 2157/3/4 2155/3/4 2158/3/4
f 2155/5/4 2156/5/4 2159/5/4
f 2159/5/4 2156/5/4 2160/5/4
f 2158/3/4 2155/3/4 2161/3/4
f 2161/3/4 2155/3/4 2162/3/4
f 2159/3/4 2160/3/4 2163/3/4
f 2163/3/4 2160/3/4 2164/3/4
f 2159/3/4 2163/3/4 2165/3/4
f 2163/6/4 2164/6/4 2165/6/4
f 2165/6/4 2164/6/4 2166/6/4
f 2164/3/4 2160/3/4 2167/3/4
f 2166/6/4 2164/6/4 2167/6/4
f 2167/3/4 2160/3/4 2168/3/4
f 2165/3/4 2166/3/4 2169/3/4
f 2159/3/4 2165/3/4 2169/3/4
f 2167/6/4 2168/6/4 2170/6/4
f 2169/3/4 2166/3/4 2170/3/4
f 2166/6/4 2167/6/4 2170/6/4
f 2170/6/4 2168/6/4 2171/6/4
f 2171/6/4 2168/6/4 2172/6/4
f 2172/6/4 2168/6/4 2173/6/4
f 2168/3/4 2160/3/4 2174/3/4
f 2173/6/4 2168/6/4 2174/6/4
f 2174/3/4 2160/3/4 2175/3/4
f 2159/3/4 2169/3/4 2176/3/4
f 2169/6/4 2170/6/4 2176/6/4
f 2170/6/4 2171/6/4 2176/6/4
f 2176/6/4 2171/6/4 2177/6/4
f 2172/2/4 2173/2/4 2178/2/4
f 2171/3/4 2172/3/4 2178/3/4
f 2174/6/4 2175/6/4 2179/6/4
f 2178/2/4 2173/2/4 2179/2/4
f 2173/6/4 2174/6/4 2179/6/4
f 2179/6/4 2175/6/4 2180/6/4
f 2159/3/4 2176/3/4 2181/3/4
f 2176/3/4 2177/3/4 2181/3/4
f 2177/6/4 2171/6/4 2182/6/4
f 2181/3/4 2177/3/4 2182/3/4
f 2159/3/4 2181/3/4 2183/3/4
f 2181/6/4 2182/6/4 2183/6/4
f 2182/6/4 2171/6/4 2184/6/4
f 2183/6/4 2182/6/4 2184/6/4
f 2171/3/4 2178/3/4 2185/3/4
f 2179/3/4 2180/3/4 2185/3/4
f 2178/3/4 2179/3/4 2185/3/4
f 2185/3/4 2180/3/4 2186/3/4
f 2180/6/4 2175/6/4 2187/6/4
f 2186/3/4 2180/3/4 2187/3/4
f 2159/3/4 2183/3/4 2188/3/4
f 2183/3/4 2184/3/4 2188/3/4
f 2184/6/4 2171/6/4 2189/6/4
f 2188/3/4 2184/3/4 2189/3/4
f 2171/3/4 2185/3/4 2190/3/4
f 2189/6/4 2171/6/4 2190/6/4
f 2185/2/4 2186/2/4 2191/2/4
f 2190/3/4 2185/3/4 2191/3/4
f 2186/6/4 2187/6/4 2192/6/4
f 2191/2/4 2186/2/4 2192/2/4
f 2192/6/4 2187/6/4 2193/6/4
f 2187/6/4 2175/6/4 2194/6/4
f 2193/6/4 2187/6/4 2194/6/4
f 2175/3/4 2160/3/4 2194/3/4
f 2192/6/4 2193/6/4 2195/6/4
f 2191/6/4 2192/6/4 2195/6/4
f 2159/3/4 2188/3/4 2195/3/4
f 2188/6/4 2189/6/4 2195/6/4
f 2190/6/4 2191/6/4 2195/6/4
f 2189/6/4 2190/6/4 2195/6/4
f 2193/3/4 2194/3/4 2196/3/4
f 2195/6/4 2193/6/4 2196/6/4
f 2195/3/4 2196/3/4 2197/3/4
f 2197/3/4 2196/3/4 2198/3/4
f 2198/3/4 2196/3/4 2199/3/4
f 2196/3/4 2194/3/4 2200/3/4
f 2199/3/4 2196/3/4 2200/3/4
f 2195/3/4 2197/3/4 2201/3/4
f 2197/5/4 2198/5/4 2202/5/4
f 2201/3/4 2197/3/4 2202/3/4
f 2198/3/4 2199/3/4 2203/3/4
f 2202/5/4 2198/5/4 2203/5/4
f 2201/5/4 2202/5/4 2203/5/4
f 2199/5/4 2200/5/4 2204/5/4
f 2203/3/4 2199/3/4 2204/3/4
f 2200/3/4 2194/3/4 2205/3/4
f 2204/5/4 2200/5/4 2205/5/4
f 2205/3/4 2194/3/4 2206/3/4
f 2195/3/4 2201/3/4 2207/3/4
f 2201/5/4 2203/5/4 2208/5/4
f 2207/3/4 2201/3/4 2208/3/4
f 2203/5/4 2204/5/4 2208/5/4
f 2205/5/4 2206/5/4 2208/5/4
f 2204/5/4 2205/5/4 2208/5/4
f 2208/5/4 2206/5/4 2209/5/4
f 2209/5/4 2206/5/4 2210/5/4
f 2206/3/4 2194/3/4 2211/3/4
f 2210/5/4 2206/5/4 2211/5/4
f 2194/3/4 2160/3/4 2212/3/4
f 2211/3/4 2194/3/4 2212/3/4
f 2195/3/4 2207/3/4 2213/3/4
f 2207/5/4 2208/5/4 2213/5/4
f 2208/5/4 2209/5/4 2213/5/4
f 2213/5/4 2209/5/4 2214/5/4
f 2209/3/4 2210/3/4 2215/3/4
f 2214/5/4 2209/5/4 2215/5/4
f 2210/5/4 2211/5/4 2216/5/4
f 2215/3/4 2210/3/4 2216/3/4
f 2211/5/4 2212/5/4 2216/5/4
f 2216/5/4 2212/5/4 2217/5/4
f 2212/3/4 2160/3/4 2218/3/4
f 2217/5/4 2212/5/4 2218/5/4
f 2214/5/4 2215/5/4 2219/5/4
f 2216/5/4 2217/5/4 2219/5/4
f 2213/3/4 2214/3/4 2219/3/4
f 2215/5/4 2216/5/4 2219/5/4
f 2219/5/4 2217/5/4 2220/5/4
f 2220/5/4 2217/5/4 2221/5/4
f 2217/3/4 2218/3/4 2222/3/4
f 2221/5/4 2217/5/4 2222/5/4
f 2220/5/4 2221/5/4 2223/5/4
f 2219/3/4 2220/3/4 2223/3/4
f 2221/3/4 2222/3/4 2224/3/4
f 2223/5/4 2221/5/4 2224/5/4
f 2195/3/4 2213/3/4 2225/3/4
f 2213/3/4 2219/3/4 2225/3/4
f 2223/3/4 2224/3/4 2225/3/4
f 2219/3/4 2223/3/4 2225/3/4
f 2222/3/4 2218/3/4 2226/3/4
f 2225/3/4 2224/3/4 2226/3/4
f 2224/3/4 2222/3/4 2226/3/4
f 2195/3/4 2225/3/4 2227/3/4
f 2225/4/4 2226/4/4 2227/4/4
f 2227/4/4 2226/4/4 2228/4/4
f 2228/4/4 2226/4/4 2229/4/4
f 2229/4/4 2226/4/4 2230/4/4
f 2230/4/4 2226/4/4 2231/4/4
f 2226/3/4 2218/3/4 2232/3/4
f 2231/4/4 2226/4/4 2232/4/4
f 2218/3/4 2160/3/4 2233/3/4
f 2232/3/4 2218/3/4 2233/3/4
f 2195/3/4 2227/3/4 2234/3/4
f 2227/3/4 2228/3/4 2234/3/4
f 2228/4/4 2229/4/4 2235/4/4
f 2234/3/4 2228/3/4 2235/3/4
f 2230/2/4 2231/2/4 2236/2/4
f 2229/3/4 2230/3/4 2236/3/4
f 2231/4/4 2232/4/4 2237/4/4
f 2236/2/4 2231/2/4 2237/2/4
f 2232/4/4 2233/4/4 2237/4/4
f 2237/4/4 2233/4/4 2238/4/4
f 2234/4/4 2235/4/4 2239/4/4
f 2195/3/4 2234/3/4 2239/3/4
f 2235/4/4 2229/4/4 2240/4/4
f 2239/4/4 2235/4/4 2240/4/4
f 2195/3/4 2239/3/4 2241/3/4
f 2239/3/4 2240/3/4 2241/3/4
f 2240/4/4 2229/4/4 2242/4/4
f 2241/3/4 2240/3/4 2242/3/4
f 2229/3/4 2236/3/4 2243/3/4
f 2237/3/4 2238/3/4 2243/3/4
f 2236/3/4 2237/3/4 2243/3/4
f 2243/3/4 2238/3/4 2244/3/4
f 2238/4/4 2233/4/4 2245/4/4
f 2244/3/4 2238/3/4 2245/3/4
f 2195/3/4 2241/3/4 2246/3/4
f 2241/4/4 2242/4/4 2246/4/4
f 2242/4/4 2229/4/4 2247/4/4
f 2246/4/4 2242/4/4 2247/4/4
f 2229/3/4 2243/3/4 2248/3/4
f 2247/4/4 2229/4/4 2248/4/4
f 2243/2/4 2244/2/4 2249/2/4
f 2248/3/4 2243/3/4 2249/3/4
f 2244/4/4 2245/4/4 2250/4/4
f 2249/2/4 2244/2/4 2250/2/4
f 2245/4/4 2233/4/4 2251/4/4
f 2250/4/4 2245/4/4 2251/4/4
f 2233/3/4 2160/3/4 2252/3/4
f 2251/4/4 2233/4/4 2252/4/4
f 2162/3/4 2155/3/4 2254/3/4
f 2155/5/4 2159/5/4 2255/5/4
f 2195/3/4 2246/3/4 2255/3/4
f 2159/3/4 2195/3/4 2255/3/4
f 2246/3/4 2247/3/4 2255/3/4
f 2249/4/4 2250/4/4 2256/4/4
f 2255/3/4 2247/3/4 2256/3/4
f 2250/4/4 2251/4/4 2256/4/4
f 2247/4/4 2248/4/4 2256/4/4
f 2248/4/4 2249/4/4 2256/4/4
f 2251/3/4 2252/3/4 2257/3/4
f 2256/4/4 2251/4/4 2257/4/4
f 2160/5/4 2156/5/4 2258/5/4
f 2257/3/4 2252/3/4 2258/3/4
f 2252/3/4 2160/3/4 2258/3/4
f 2253/3/4 2254/3/4 2260/3/4
f 2256/5/4 2257/5/4 2261/5/4
f 2255/5/4 2256/5/4 2261/5/4
f 2260/3/4 2254/3/4 2261/3/4
f 2254/3/4 2155/3/4 2261/3/4
f 2257/5/4 2258/5/4 2261/5/4
f 2155/5/4 2255/5/4 2261/5/4
f 2156/3/4 2154/3/4 2262/3/4
f 2261/5/4 2258/5/4 2262/5/4
f 2258/5/4 2156/5/4 2262/5/4
f 2260/3/4 2261/3/4 2263/3/4
f 2259/3/4 2260/3/4 2263/3/4
f 2261/3/4 2262/3/4 2263/3/4
f 2262/3/4 2154/3/4 2264/3/4
f 2263/3/4 2262/3/4 2264/3/4
f 2265/10/4 2266/10/4 2271/10/4
f 2271/10/4 2266/10/4 2272/10/4
f 2267/10/4 2268/10/4 2273/10/4
f 2273/10/4 2268/10/4 2274/10/4
f 2269/6/4 2270/6/4 2275/6/4
f 2275/6/4 2270/6/4 2276/6/4
f 2277/6/4 2278/6/4 2281/6/4
f 2281/6/4 2278/6/4 2282/6/4
f 2279/1/4 2280/1/4 2283/1/4
f 2279/1/4 2283/1/4 2284/1/4
f 2284/1/4 2283/1/4 2285/1/4
f 2286/10/4 2287/10/4 2288/10/4
f 2288/10/4 2287/10/4 2289/10/4
f 2290/10/4 2291/10/4 2292/10/4
f 2292/10/4 2291/10/4 2293/10/4
f 2294/1/4 2295/1/4 2296/1/4
f 2296/1/4 2295/1/4 2297/1/4
f 2298/6/4 2299/6/4 2300/6/4
f 2300/6/4 2299/6/4 2301/6/4
f 2302/6/4 2303/6/4 2304/6/4
f 2304/6/4 2303/6/4 2305/6/4
f 2306/6/4 2307/6/4 2311/6/4
f 2311/6/4 2307/6/4 2312/6/4
f 2308/6/4 2309/6/4 2313/6/4
f 2313/6/4 2309/6/4 2314/6/4
f 2311/1/4 2312/1/4 2319/1/4
f 2310/1/4 2311/1/4 2319/1/4
f 2312/1/4 2313/1/4 2319/1/4
f 2319/1/4 2313/1/4 2320/1/4
f 2314/1/4 2315/1/4 2321/1/4
f 2321/1/4 2315/1/4 2322/1/4
f 2316/1/4 2317/1/4 2323/1/4
f 2323/1/4 2317/1/4 2324/1/4
f 2317/10/4 2318/10/4 2325/10/4
f 2324/1/4 2317/1/4 2325/1/4
f 2325/10/4 2318/10/4 2326/10/4
f 2327/6/4 2328/6/4 2329/6/4
f 2329/6/4 2328/6/4 2330/6/4
f 2330/6/4 2328/6/4 2331/6/4
f 2332/9/4 2333/9/4 2334/9/4
f 2334/9/4 2333/9/4 2335/9/4
f 2336/6/4 2337/6/4 2338/6/4
f 2338/6/4 2337/6/4 2339/6/4
f 2340/6/4 2341/6/4 2344/6/4
f 2344/6/4 2341/6/4 2345/6/4
f 2342/9/4 2343/9/4 2346/9/4
f 2346/9/4 2343/9/4 2347/9/4
f 2347/6/4 2348/6/4 2352/6/4
f 2349/10/4 2350/10/4 2353/10/4
f 2353/10/4 2350/10/4 2354/10/4
f 2351/6/4 2352/6/4 2355/6/4
f 2352/6/4 2348/6/4 2356/6/4
f 2355/6/4 2352/6/4 2356/6/4
f 2357/1/4 2358/1/4 2361/1/4
f 2359/9/4 2360/9/4 2362/9/4
f 2362/9/4 2360/9/4 2363/9/4
f 2357/1/4 2361/1/4 2364/1/4
f 2364/1/4 2361/1/4 2365/1/4
f 2364/3/4 2365/3/4 2366/3/4
f 2366/3/4 2365/3/4 2367/3/4
f 2368/1/4 2369/1/4 2370/1/4
f 2370/1/4 2369/1/4 2371/1/4
f 2372/10/4 2373/10/4 2376/10/4
f 2376/10/4 2373/10/4 2377/10/4
f 2374/9/4 2375/9/4 2378/9/4
f 2378/9/4 2375/9/4 2379/9/4
f 2380/10/4 2381/10/4 2382/10/4
f 2382/10/4 2381/10/4 2383/10/4
f 2384/3/4 2385/3/4 2386/3/4
f 2386/3/4 2385/3/4 2387/3/4
f 2384/3/4 2386/3/4 2388/3/4
f 2386/4/4 2387/4/4 2389/4/4
f 2388/3/4 2386/3/4 2389/3/4
f 2389/4/4 2387/4/4 2390/4/4
f 2391/6/4 2392/6/4 2397/6/4
f 2392/6/4 2393/6/4 2397/6/4
f 2393/1/4 2394/1/4 2398/1/4
f 2397/6/4 2393/6/4 2398/6/4
f 2398/1/4 2394/1/4 2399/1/4
f 2395/9/4 2396/9/4 2400/9/4
f 2400/9/4 2396/9/4 2401/9/4
f 2402/1/4 2403/1/4 2404/1/4
f 2402/1/4 2404/1/4 2405/1/4
f 2405/1/4 2404/1/4 2406/1/4
f 2407/9/4 2408/9/4 2409/9/4
f 2409/9/4 2408/9/4 2410/9/4
f 2411/6/4 2412/6/4 2415/6/4
f 2415/6/4 2412/6/4 2416/6/4
f 2413/10/4 2414/10/4 2418/10/4
f 2418/10/4 2414/10/4 2419/10/4
f 2415/10/4 2416/10/4 2420/10/4
f 2416/6/4 2417/6/4 2421/6/4
f 2420/10/4 2416/10/4 2421/10/4
f 2421/6/4 2417/6/4 2422/6/4
f 2423/10/4 2424/10/4 2425/10/4
f 2425/10/4 2424/10/4 2426/10/4
f 2427/1/4 2428/1/4 2438/1/4
f 2438/1/4 2428/1/4 2439/1/4
f 2429/1/4 2430/1/4 2440/1/4
f 2440/1/4 2430/1/4 2441/1/4
f 2441/1/4 2430/1/4 2442/1/4
f 2442/1/4 2430/1/4 2443/1/4
f 2431/1/4 2432/1/4 2444/1/4
f 2444/1/4 2432/1/4 2445/1/4
f 2433/1/4 2434/1/4 2446/1/4
f 2446/1/4 2434/1/4 2447/1/4
f 2435/1/4 2436/1/4 2448/1/4
f 2436/10/4 2437/10/4 2449/10/4
f 2448/1/4 2436/1/4 2449/1/4
f 2449/10/4 2437/10/4 2450/10/4
f 2439/6/4 2440/6/4 2451/6/4
f 2451/6/4 2440/6/4 2452/6/4
f 2443/6/4 2444/6/4 2453/6/4
f 2453/6/4 2444/6/4 2454/6/4
f 2445/6/4 2446/6/4 2455/6/4
f 2455/6/4 2446/6/4 2456/6/4
f 2447/6/4 2448/6/4 2457/6/4
f 2457/6/4 2448/6/4 2458/6/4
f 2441/1/4 2442/1/4 2459/1/4
f 2459/1/4 2442/1/4 2460/1/4
f 2461/9/4 2462/9/4 2463/9/4
f 2463/9/4 2462/9/4 2464/9/4
f 2465/10/4 2466/10/4 2467/10/4
f 2467/10/4 2466/10/4 2468/10/4
f 2469/3/4 2470/3/4 2471/3/4
f 2471/3/4 2470/3/4 2472/3/4
f 2469/3/4 2471/3/4 2473/3/4
f 2471/4/4 2472/4/4 2473/4/4
f 2473/4/4 2472/4/4 2474/4/4
f 2469/3/4 2473/3/4 2475/3/4
f 2473/3/4 2474/3/4 2475/3/4
f 2475/3/4 2474/3/4 2476/3/4
f 2476/3/4 2474/3/4 2477/3/4
f 2478/1/4 2479/1/4 2488/1/4
f 2488/1/4 2479/1/4 2489/1/4
f 2480/1/4 2481/1/4 2490/1/4
f 2490/1/4 2481/1/4 2491/1/4
f 2482/1/4 2483/1/4 2492/1/4
f 2492/1/4 2483/1/4 2493/1/4
f 2484/1/4 2485/1/4 2494/1/4
f 2494/1/4 2485/1/4 2495/1/4
f 2486/1/4 2487/1/4 2496/1/4
f 2496/1/4 2487/1/4 2497/1/4
f 2489/6/4 2490/6/4 2498/6/4
f 2498/6/4 2490/6/4 2499/6/4
f 2491/6/4 2492/6/4 2500/6/4
f 2500/6/4 2492/6/4 2501/6/4
f 2493/6/4 2494/6/4 2502/6/4
f 2502/6/4 2494/6/4 2503/6/4
f 2495/6/4 2496/6/4 2504/6/4
f 2504/6/4 2496/6/4 2505/6/4
f 2506/9/4 2507/9/4 2508/9/4
f 2508/9/4 2507/9/4 2509/9/4
f 2510/6/4 2511/6/4 2513/6/4
f 2511/6/4 2512/6/4 2513/6/4
f 2513/6/4 2512/6/4 2514/6/4
f 2515/1/4 2516/1/4 2525/1/4
f 2525/1/4 2516/1/4 2526/1/4
f 2517/1/4 2518/1/4 2527/1/4
f 2527/1/4 2518/1/4 2528/1/4
f 2519/1/4 2520/1/4 2529/1/4
f 2529/1/4 2520/1/4 2530/1/4
f 2521/1/4 2522/1/4 2531/1/4
f 2531/1/4 2522/1/4 2532/1/4
f 2523/1/4 2524/1/4 2533/1/4
f 2533/1/4 2524/1/4 2534/1/4
f 2526/6/4 2527/6/4 2535/6/4
f 2535/6/4 2527/6/4 2536/6/4
f 2528/6/4 2529/6/4 2537/6/4
f 2537/6/4 2529/6/4 2538/6/4
f 2530/6/4 2531/6/4 2539/6/4
f 2539/6/4 2531/6/4 2540/6/4
f 2532/6/4 2533/6/4 2541/6/4
f 2541/6/4 2533/6/4 2542/6/4
f 2543/10/4 2544/10/4 2547/10/4
f 2547/10/4 2544/10/4 2548/10/4
f 2545/10/4 2546/10/4 2549/10/4
f 2549/10/4 2546/10/4 2550/10/4
f 2554/10/4 2555/10/4 2556/10/4
f 2556/10/4 2555/10/4 2557/10/4
f 2551/6/4 2552/6/4 2558/6/4
f 2552/1/4 2553/1/4 2559/1/4
f 2558/6/4 2552/6/4 2559/6/4
f 2559/1/4 2553/1/4 2560/1/4
f 2561/9/4 2562/9/4 2563/9/4
f 2563/9/4 2562/9/4 2564/9/4
f 2565/6/4 2566/6/4 2567/6/4
f 2567/6/4 2566/6/4 2568/6/4
f 2565/6/4 2567/6/4 2569/6/4
f 2567/3/4 2568/3/4 2570/3/4
f 2569/6/4 2567/6/4 2570/6/4
f 2570/3/4 2568/3/4 2571/3/4
f 2572/7/4 2573/7/4 2574/7/4
f 2574/7/4 2573/7/4 2575/7/4
f 2576/1/4 2577/1/4 2586/1/4
f 2586/1/4 2577/1/4 2587/1/4
f 2578/1/4 2579/1/4 2588/1/4
f 2588/1/4 2579/1/4 2589/1/4
f 2580/1/4 2581/1/4 2590/1/4
f 2590/1/4 2581/1/4 2591/1/4
f 2582/1/4 2583/1/4 2592/1/4
f 2592/1/4 2583/1/4 2593/1/4
f 2584/1/4 2585/1/4 2594/1/4
f 2594/1/4 2585/1/4 2595/1/4
f 2587/6/4 2588/6/4 2596/6/4
f 2596/6/4 2588/6/4 2597/6/4
f 2589/6/4 2590/6/4 2598/6/4
f 2598/6/4 2590/6/4 2599/6/4
f 2591/6/4 2592/6/4 2600/6/4
f 2600/6/4 2592/6/4 2601/6/4
f 2593/6/4 2594/6/4 2602/6/4
f 2602/6/4 2594/6/4 2603/6/4
f 2604/10/4 2605/10/4 2608/10/4
f 2608/10/4 2605/10/4 2609/10/4
f 2606/10/4 2607/10/4 2610/10/4
f 2610/10/4 2607/10/4 2611/10/4
f 2612/10/4 2613/10/4 2614/10/4
f 2614/10/4 2613/10/4 2615/10/4
f 2616/9/4 2617/9/4 2620/9/4
f 2620/9/4 2617/9/4 2621/9/4
f 2618/10/4 2619/10/4 2622/10/4
f 2622/10/4 2619/10/4 2623/10/4
f 2624/7/4 2625/7/4 2629/7/4
f 2625/7/4 2626/7/4 2629/7/4
f 2624/7/4 2629/7/4 2630/7/4
f 2630/7/4 2629/7/4 2631/7/4
f 2627/7/4 2628/7/4 2632/7/4
f 2632/7/4 2628/7/4 2633/7/4
f 2634/1/4 2635/1/4 2644/1/4
f 2644/1/4 2635/1/4 2645/1/4
f 2636/1/4 2637/1/4 2646/1/4
f 2646/1/4 2637/1/4 2647/1/4
f 2638/1/4 2639/1/4 2648/1/4
f 2648/1/4 2639/1/4 2649/1/4
f 2640/1/4 2641/1/4 2650/1/4
f 2650/1/4 2641/1/4 2651/1/4
f 2642/1/4 2643/1/4 2652/1/4
f 2652/1/4 2643/1/4 2653/1/4
f 2645/6/4 2646/6/4 2655/6/4
f 2655/6/4 2646/6/4 2656/6/4
f 2647/6/4 2648/6/4 2657/6/4
f 2657/6/4 2648/6/4 2658/6/4
f 2649/6/4 2650/6/4 2659/6/4
f 2659/6/4 2650/6/4 2660/6/4
f 2651/6/4 2652/6/4 2661/6/4
f 2661/6/4 2652/6/4 2662/6/4
f 2653/10/4 2654/10/4 2663/10/4
f 2663/10/4 2654/10/4 2664/10/4
f 2665/10/4 2666/10/4 2667/10/4
f 2667/10/4 2666/10/4 2668/10/4
f 2669/10/4 2670/10/4 2671/10/4
f 2671/10/4 2670/10/4 2672/10/4
f 2673/6/4 2674/6/4 2680/6/4
f 2674/1/4 2675/1/4 2681/1/4
f 2680/6/4 2674/6/4 2681/6/4
f 2681/1/4 2675/1/4 2682/1/4
f 2676/9/4 2677/9/4 2683/9/4
f 2678/10/4 2679/10/4 2684/10/4
f 2684/10/4 2679/10/4 2685/10/4
f 2683/9/4 2677/9/4 2686/9/4
f 2686/9/4 2677/9/4 2687/9/4
f 2683/9/4 2686/9/4 2688/9/4
f 2688/9/4 2686/9/4 2689/9/4
f 2690/7/4 2691/7/4 2692/7/4
f 2692/7/4 2691/7/4 2693/7/4
f 2696/1/4 2697/1/4 2705/1/4
f 2694/1/4 2695/1/4 2707/1/4
f 2707/1/4 2695/1/4 2708/1/4
f 2705/1/4 2706/1/4 2709/1/4
f 2696/1/4 2705/1/4 2709/1/4
f 2709/1/4 2706/1/4 2710/1/4
f 2698/1/4 2699/1/4 2711/1/4
f 2711/1/4 2699/1/4 2712/1/4
f 2700/1/4 2701/1/4 2713/1/4
f 2713/1/4 2701/1/4 2714/1/4
f 2702/1/4 2703/1/4 2715/1/4
f 2703/10/4 2704/10/4 2716/10/4
f 2715/1/4 2703/1/4 2716/1/4
f 2708/6/4 2709/6/4 2717/6/4
f 2717/6/4 2709/6/4 2718/6/4
f 2710/6/4 2711/6/4 2719/6/4
f 2719/6/4 2711/6/4 2720/6/4
f 2712/6/4 2713/6/4 2721/6/4
f 2721/6/4 2713/6/4 2722/6/4
f 2714/6/4 2715/6/4 2723/6/4
f 2723/6/4 2715/6/4 2724/6/4
f 2716/10/4 2704/10/4 2725/10/4
f 2725/10/4 2704/10/4 2726/10/4
f 2727/10/4 2728/10/4 2729/10/4
f 2729/10/4 2728/10/4 2730/10/4
f 2731/10/4 2732/10/4 2733/10/4
f 2733/10/4 2732/10/4 2734/10/4
f 2735/10/4 2736/10/4 2737/10/4
f 2737/10/4 2736/10/4 2738/10/4
f 2738/10/4 2739/10/4 2740/10/4
f 2740/10/4 2739/10/4 2741/10/4
f 2744/1/4 2745/1/4 2753/1/4
f 2746/1/4 2747/1/4 2754/1/4
f 2754/1/4 2747/1/4 2755/1/4
f 2742/1/4 2743/1/4 2756/1/4
f 2756/1/4 2743/1/4 2757/1/4
f 2744/1/4 2753/1/4 2758/1/4
f 2753/1/4 2754/1/4 2758/1/4
f 2758/1/4 2754/1/4 2759/1/4
f 2759/1/4 2754/1/4 2760/1/4
f 2755/1/4 2747/1/4 2761/1/4
f 2761/1/4 2747/1/4 2762/1/4
f 2748/1/4 2749/1/4 2763/1/4
f 2763/1/4 2749/1/4 2764/1/4
f 2750/1/4 2751/1/4 2765/1/4
f 2751/10/4 2752/10/4 2766/10/4
f 2765/1/4 2751/1/4 2766/1/4
f 2766/10/4 2752/10/4 2767/10/4
f 2759/6/4 2760/6/4 2768/6/4
f 2760/6/4 2761/6/4 2768/6/4
f 2768/6/4 2761/6/4 2769/6/4
f 2757/6/4 2758/6/4 2770/6/4
f 2770/6/4 2758/6/4 2771/6/4
f 2769/6/4 2761/6/4 2772/6/4
f 2772/6/4 2761/6/4 2773/6/4
f 2762/6/4 2763/6/4 2774/6/4
f 2774/6/4 2763/6/4 2775/6/4
f 2764/6/4 2765/6/4 2776/6/4
f 2776/6/4 2765/6/4 2777/6/4
f 2778/10/4 2779/10/4 2780/10/4
f 2780/10/4 2779/10/4 2781/10/4
f 2782/10/4 2783/10/4 2786/10/4
f 2786/10/4 2783/10/4 2787/10/4
f 2784/6/4 2785/6/4 2788/6/4
f 2788/6/4 2785/6/4 2789/6/4
f 2786/1/4 2787/1/4 2792/1/4
f 2787/1/4 2788/1/4 2792/1/4
f 2792/1/4 2788/1/4 2793/1/4
f 2790/1/4 2791/1/4 2794/1/4
f 2789/1/4 2790/1/4 2794/1/4
f 2794/1/4 2791/1/4 2795/1/4
f 2786/1/4 2792/1/4 2798/1/4
f 2798/1/4 2792/1/4 2799/1/4
f 2793/1/4 2788/1/4 2800/1/4
f 2800/1/4 2788/1/4 2801/1/4
f 2789/1/4 2794/1/4 2802/1/4
f 2794/9/4 2795/9/4 2803/9/4
f 2802/1/4 2794/1/4 2803/1/4
f 2803/9/4 2795/9/4 2804/9/4
f 2796/10/4 2797/10/4 2805/10/4
f 2805/10/4 2797/10/4 2806/10/4
f 2805/1/4 2806/1/4 2808/1/4
f 2806/10/4 2807/10/4 2809/10/4
f 2808/1/4 2806/1/4 2809/1/4
f 2809/10/4 2807/10/4 2810/10/4
f 2811/1/4 2812/1/4 2813/1/4
f 2813/1/4 2812/1/4 2814/1/4
f 2829/1/4 2830/1/4 2831/1/4
f 2815/1/4 2816/1/4 2833/1/4
f 2833/1/4 2816/1/4 2834/1/4
f 2817/1/4 2818/1/4 2835/1/4
f 2818/1/4 2819/1/4 2835/1/4
f 2819/1/4 2820/1/4 2835/1/4
f 2820/1/4 2821/1/4 2835/1/4
f 2835/1/4 2821/1/4 2836/1/4
f 2822/1/4 2823/1/4 2837/1/4
f 2823/1/4 2824/1/4 2837/1/4
f 2837/1/4 2824/1/4 2838/1/4
f 2827/1/4 2828/1/4 2839/1/4
f 2825/1/4 2826/1/4 2839/1/4
f 2826/1/4 2827/1/4 2839/1/4
f 2839/1/4 2828/1/4 2840/1/4
f 2829/1/4 2831/1/4 2841/1/4
f 2831/10/4 2832/10/4 2842/10/4
f 2841/1/4 2831/1/4 2842/1/4
f 2842/10/4 2832/10/4 2843/10/4
f 2836/6/4 2837/6/4 2844/6/4
f 2844/6/4 2837/6/4 2845/6/4
f 2834/6/4 2835/6/4 2847/6/4
f 2847/6/4 2835/6/4 2848/6/4
f 2845/6/4 2846/6/4 2849/6/4
f 2849/6/4 2846/6/4 2850/6/4
f 2838/6/4 2839/6/4 2851/6/4
f 2851/6/4 2839/6/4 2852/6/4
f 2840/6/4 2841/6/4 2853/6/4
f 2853/6/4 2841/6/4 2854/6/4
f 2855/10/4 2856/10/4 2857/10/4
f 2857/10/4 2856/10/4 2858/10/4
f 2859/10/4 2860/10/4 2863/10/4
f 2863/10/4 2860/10/4 2864/10/4
f 2865/6/4 2866/6/4 2870/6/4
f 2870/6/4 2866/6/4 2871/6/4
f 2861/6/4 2862/6/4 2872/6/4
f 2872/6/4 2862/6/4 2873/6/4
f 2867/6/4 2868/6/4 2874/6/4
f 2874/6/4 2868/6/4 2875/6/4
f 2871/1/4 2872/1/4 2877/1/4
f 2877/1/4 2872/1/4 2878/1/4
f 2878/1/4 2872/1/4 2879/1/4
f 2879/1/4 2872/1/4 2880/1/4
f 2880/1/4 2872/1/4 2881/1/4
f 2881/1/4 2872/1/4 2882/1/4
f 2882/1/4 2872/1/4 2883/1/4
f 2883/1/4 2872/1/4 2884/1/4
f 2873/1/4 2874/1/4 2885/1/4
f 2885/1/4 2874/1/4 2886/1/4
f 2875/1/4 2876/1/4 2887/1/4
f 2871/1/4 2877/1/4 2890/1/4
f 2877/3/4 2878/3/4 2891/3/4
f 2890/1/4 2877/1/4 2891/1/4
f 2878/1/4 2879/1/4 2892/1/4
f 2891/3/4 2878/3/4 2892/3/4
f 2892/1/4 2879/1/4 2893/1/4
f 2880/3/4 2881/3/4 2894/3/4
f 2894/3/4 2881/3/4 2895/3/4
f 2881/1/4 2882/1/4 2896/1/4
f 2895/3/4 2881/3/4 2896/3/4
f 2883/3/4 2884/3/4 2897/3/4
f 2884/1/4 2872/1/4 2898/1/4
f 2897/3/4 2884/3/4 2898/3/4
f 2898/1/4 2872/1/4 2899/1/4
f 2885/3/4 2886/3/4 2900/3/4
f 2900/3/4 2886/3/4 2901/3/4
f 2886/1/4 2874/1/4 2902/1/4
f 2901/3/4 2886/3/4 2902/3/4
f 2902/1/4 2874/1/4 2903/1/4
f 2903/1/4 2874/1/4 2904/1/4
f 2888/10/4 2889/10/4 2905/10/4
f 2869/1/4 2870/1/4 2908/1/4
f 2907/1/4 2908/1/4 2909/1/4
f 2909/1/4 2908/1/4 2910/1/4
f 2871/1/4 2890/1/4 2911/1/4
f 2890/3/4 2891/3/4 2911/3/4
f 2911/3/4 2891/3/4 2912/3/4
f 2895/1/4 2896/1/4 2917/1/4
f 2896/1/4 2882/1/4 2918/1/4
f 2917/1/4 2896/1/4 2918/1/4
f 2918/1/4 2882/1/4 2919/1/4
f 2910/1/4 2908/1/4 2928/1/4
f 2908/1/4 2870/1/4 2929/1/4
f 2928/1/4 2908/1/4 2929/1/4
f 2871/1/4 2911/1/4 2930/1/4
f 2911/1/4 2912/1/4 2930/1/4
f 2912/3/4 2913/3/4 2931/3/4
f 2930/1/4 2912/1/4 2931/1/4
f 2913/1/4 2914/1/4 2932/1/4
f 2931/3/4 2913/3/4 2932/3/4
f 2914/1/4 2915/1/4 2932/1/4
f 2915/3/4 2916/3/4 2933/3/4
f 2932/1/4 2915/1/4 2933/1/4
f 2916/3/4 2917/3/4 2933/3/4
f 2917/3/4 2918/3/4 2933/3/4
f 2933/3/4 2918/3/4 2934/3/4
f 2919/1/4 2920/1/4 2935/1/4
f 2920/3/4 2921/3/4 2936/3/4
f 2921/3/4 2922/3/4 2936/3/4
f 2935/1/4 2920/1/4 2936/1/4
f 2922/1/4 2923/1/4 2937/1/4
f 2936/3/4 2922/3/4 2937/3/4
f 2937/1/4 2923/1/4 2938/1/4
f 2923/3/4 2924/3/4 2939/3/4
f 2938/1/4 2923/1/4 2939/1/4
f 2924/3/4 2925/3/4 2939/3/4
f 2926/1/4 2927/1/4 2940/1/4
f 2939/3/4 2925/3/4 2940/3/4
f 2925/1/4 2926/1/4 2940/1/4
f 2940/1/4 2927/1/4 2941/1/4
f 2887/1/4 2888/1/4 2942/1/4
f 2875/1/4 2887/1/4 2942/1/4
f 2905/10/4 2906/10/4 2943/10/4
f 2888/10/4 2905/10/4 2943/10/4
f 2942/1/4 2888/1/4 2943/1/4
f 2943/10/4 2906/10/4 2944/10/4
f 2944/10/4 2906/10/4 2945/10/4
f 2943/10/4 2944/10/4 2946/10/4
f 2946/10/4 2944/10/4 2947/10/4
f 2929/6/4 2930/6/4 2948/6/4
f 2948/6/4 2930/6/4 2949/6/4
f 2934/6/4 2935/6/4 2950/6/4
f 2950/6/4 2935/6/4 2951/6/4
f 2937/6/4 2938/6/4 2952/6/4
f 2952/6/4 2938/6/4 2953/6/4
f 2941/6/4 2942/6/4 2954/6/4
f 2954/6/4 2942/6/4 2955/6/4
f 2956/10/4 2957/10/4 2958/10/4
f 2958/10/4 2957/10/4 2959/10/4
f 2962/6/4 2963/6/4 2970/6/4
f 2970/6/4 2963/6/4 2971/6/4
f 2964/6/4 2965/6/4 2972/6/4
f 2972/6/4 2965/6/4 2973/6/4
f 2974/7/4 2975/7/4 2976/7/4
f 2976/7/4 2975/7/4 2977/7/4
f 2966/4/4 2967/4/4 2978/4/4
f 2978/4/4 2967/4/4 2979/4/4
f 2968/4/4 2969/4/4 2982/4/4
f 2982/4/4 2969/4/4 2983/4/4
f 2960/6/4 2961/6/4 2986/6/4
f 2986/6/4 2961/6/4 2987/6/4
f 2980/6/4 2981/6/4 2988/6/4
f 2988/6/4 2981/6/4 2989/6/4
f 2984/6/4 2985/6/4 2990/6/4
f 2990/6/4 2985/6/4 2991/6/4
f 2994/6/4 2995/6/4 2996/6/4
f 2996/6/4 2995/6/4 2997/6/4
f 2997/6/4 2995/6/4 2999/6/4
f 2992/4/4 2993/4/4 3000/4/4
f 3000/4/4 2993/4/4 3001/4/4
f 2998/6/4 2999/6/4 3002/6/4
f 2999/6/4 2995/6/4 3003/6/4
f 3002/6/4 2999/6/4 3003/6/4
f 3004/4/4 3005/4/4 3010/4/4
f 3010/4/4 3005/4/4 3011/4/4
f 3006/4/4 3007/4/4 3012/4/4
f 3012/4/4 3007/4/4 3013/4/4
f 3008/4/4 3009/4/4 3014/4/4
f 3014/4/4 3009/4/4 3015/4/4
f 3016/4/4 3017/4/4 3020/4/4
f 3020/4/4 3017/4/4 3021/4/4
f 3018/4/4 3019/4/4 3022/4/4
f 3022/4/4 3019/4/4 3023/4/4
f 3024/4/4 3025/4/4 3026/4/4
f 3026/4/4 3025/4/4 3027/4/4
f 3028/4/4 3029/4/4 3032/4/4
f 3032/4/4 3029/4/4 3033/4/4
f 3030/4/4 3031/4/4 3034/4/4
f 3034/4/4 3031/4/4 3035/4/4
f 3036/4/4 3037/4/4 3038/4/4
f 3038/4/4 3037/4/4 3039/4/4
f 3044/1/5 3041/1/5 3040/1/5
f 3045/1/5 3043/1/5 3042/1/5
f 3046/1/5 3044/1/5 3040/1/5
f 3046/1/5 3045/1/5 3044/1/5
f 3047/1/5 3045/1/5 3046/1/5
f 3048/1/5 3043/1/5 3045/1/5
f 3048/1/5 3045/1/5 3047/1/5
f 3049/1/5 3043/1/5 3048/1/5
f 3050/3/5 3047/3/5 3046/3/5
f 3050/1/5 3046/1/5 3040/1/5
f 3051/1/5 3048/1/5 3047/1/5
f 3051/3/5 3047/3/5 3050/3/5
f 3052/3/5 3049/3/5 3048/3/5
f 3052/1/5 3048/1/5 3051/1/5
f 3053/1/5 3043/1/5 3049/1/5
f 3053/3/5 3049/3/5 3052/3/5
f 3054/4/5 3052/4/5 3051/4/5
f 3054/1/5 3051/1/5 3050/1/5
f 3055/1/5 3053/1/5 3052/1/5
f 3055/4/5 3052/4/5 3054/4/5
f 3056/1/5 3054/1/5 3050/1/5
f 3056/1/5 3050/1/5 3040/1/5
f 3056/1/5 3055/1/5 3054/1/5
f 3057/1/5 3055/1/5 3056/1/5
f 3058/1/5 3055/1/5 3057/1/5
f 3059/1/5 3043/1/5 3053/1/5
f 3059/1/5 3055/1/5 3058/1/5
f 3059/1/5 3053/1/5 3055/1/5
f 3060/1/5 3043/1/5 3059/1/5
f 3061/3/5 3058/3/5 3057/3/5
f 3061/1/5 3059/1/5 3058/1/5
f 3062/1/5 3059/1/5 3061/1/5
f 3063/3/5 3061/3/5 3057/3/5
f 3063/3/5 3062/3/5 3061/3/5
f 3064/1/5 3059/1/5 3062/1/5
f 3064/3/5 3062/3/5 3063/3/5
f 3065/1/5 3059/1/5 3064/1/5
f 3066/1/5 3059/1/5 3065/1/5
f 3067/1/5 3059/1/5 3066/1/5
f 3068/3/5 3065/3/5 3064/3/5
f 3068/1/5 3066/1/5 3065/1/5
f 3069/1/5 3066/1/5 3068/1/5
f 3070/3/5 3068/3/5 3064/3/5
f 3070/3/5 3069/3/5 3068/3/5
f 3071/1/5 3066/1/5 3069/1/5
f 3071/3/5 3069/3/5 3070/3/5
f 3072/1/5 3066/1/5 3071/1/5
f 3073/1/5 3066/1/5 3072/1/5
f 3074/1/5 3066/1/5 3073/1/5
f 3075/3/5 3072/3/5 3071/3/5
f 3076/1/5 3073/1/5 3072/1/5
f 3076/3/5 3072/3/5 3075/3/5
f 3077/1/5 3076/1/5 3075/1/5
f 3077/1/5 3073/1/5 3076/1/5
f 3078/1/5 3073/1/5 3077/1/5
f 3079/1/5 3077/1/5 3075/1/5
f 3080/1/5 3077/1/5 3079/1/5
f 3081/1/5 3079/1/5 3075/1/5
f 3082/1/5 3079/1/5 3081/1/5
f 3083/1/5 3081/1/5 3075/1/5
f 3084/1/5 3081/1/5 3083/1/5
f 3085/1/5 3083/1/5 3075/1/5
f 3086/1/5 3083/1/5 3085/1/5
f 3087/1/5 3085/1/5 3075/1/5
f 3088/1/5 3085/1/5 3087/1/5
f 3089/1/5 3085/1/5 3088/1/5
f 3090/1/5 3085/1/5 3089/1/5
f 3091/1/5 3089/1/5 3088/1/5
f 3092/1/5 3089/1/5 3091/1/5
f 3093/1/5 3089/1/5 3092/1/5
f 3094/1/5 3089/1/5 3093/1/5
f 3095/1/5 3089/1/5 3094/1/5
f 3096/6/5 3093/6/5 3092/6/5
f 3096/7/5 3094/7/5 3093/7/5
f 3097/6/5 3095/6/5 3094/6/5
f 3097/7/5 3094/7/5 3096/7/5
f 3098/6/5 3096/6/5 3092/6/5
f 3099/6/5 3096/6/5 3098/6/5
f 3100/6/5 3095/6/5 3097/6/5
f 3101/6/5 3095/6/5 3100/6/5
f 3106/4/5 3103/4/5 3102/4/5
f 3107/4/5 3103/4/5 3106/4/5
f 3108/4/5 3103/4/5 3107/4/5
f 3109/1/5 3105/1/5 3104/1/5
f 3110/1/5 3105/1/5 3109/1/5
f 3111/1/5 3107/1/5 3106/1/5
f 3112/1/5 3107/1/5 3111/1/5
f 3113/3/5 3112/3/5 3111/3/5
f 3114/1/5 3107/1/5 3112/1/5
f 3114/3/5 3112/3/5 3113/3/5
f 3115/1/5 3107/1/5 3114/1/5
f 3116/3/5 3114/3/5 3113/3/5
f 3116/3/5 3115/3/5 3114/3/5
f 3117/3/5 3115/3/5 3116/3/5
f 3120/3/5 3119/3/5 3118/3/5
f 3121/3/5 3119/3/5 3120/3/5
f 3124/1/5 3123/1/5 3122/1/5
f 3125/1/5 3123/1/5 3124/1/5
f 3128/5/5 3127/5/5 3126/5/5
f 3129/5/5 3127/5/5 3128/5/5
f 3133/3/5 3132/3/5 3131/3/5
f 3134/1/5 3131/1/5 3130/1/5
f 3135/1/5 3131/1/5 3134/1/5
f 3136/1/5 3131/1/5 3135/1/5
f 3137/3/5 3133/3/5 3131/3/5
f 3137/1/5 3131/1/5 3136/1/5
f 3138/3/5 3133/3/5 3137/3/5
f 3141/6/5 3140/6/5 3139/6/5
f 3142/6/5 3140/6/5 3141/6/5
f 3148/3/5 3147/3/5 3146/3/5
f 3149/6/5 3145/6/5 3144/6/5
f 3149/1/5 3146/1/5 3145/1/5
f 3150/1/5 3146/1/5 3149/1/5
f 3151/3/5 3148/3/5 3146/3/5
f 3154/10/5 3144/10/5 3143/10/5
f 3154/6/5 3149/6/5 3144/6/5
f 3154/6/5 3150/6/5 3149/6/5
f 3155/1/5 3146/1/5 3150/1/5
f 3155/6/5 3150/6/5 3154/6/5
f 3156/1/5 3146/1/5 3155/1/5
f 3157/3/5 3153/3/5 3152/3/5
f 3157/1/5 3146/1/5 3156/1/5
f 3157/3/5 3151/3/5 3146/3/5
f 3157/3/5 3152/3/5 3151/3/5
f 3158/3/5 3153/3/5 3157/3/5
f 3159/10/5 3155/10/5 3154/10/5
f 3159/10/5 3154/10/5 3143/10/5
f 3160/10/5 3155/10/5 3159/10/5
f 3161/6/5 3160/6/5 3159/6/5
f 3162/10/5 3155/10/5 3160/10/5
f 3162/6/5 3160/6/5 3161/6/5
f 3163/10/5 3155/10/5 3162/10/5
f 3164/3/5 3153/3/5 3158/3/5
f 3165/10/5 3155/10/5 3163/10/5
f 3166/10/5 3155/10/5 3165/10/5
f 3167/3/5 3164/3/5 3158/3/5
f 3171/3/5 3167/3/5 3158/3/5
f 3171/3/5 3170/3/5 3169/3/5
f 3171/3/5 3169/3/5 3168/3/5
f 3171/3/5 3168/3/5 3167/3/5
f 3171/1/5 3158/1/5 3157/1/5
f 3171/1/5 3157/1/5 3156/1/5
f 3172/3/5 3170/3/5 3171/3/5
f 3174/10/5 3155/10/5 3166/10/5
f 3175/6/5 3156/6/5 3155/6/5
f 3175/1/5 3171/1/5 3156/1/5
f 3175/1/5 3172/1/5 3171/1/5
f 3176/1/5 3172/1/5 3175/1/5
f 3177/10/5 3174/10/5 3173/10/5
f 3178/10/5 3155/10/5 3174/10/5
f 3178/10/5 3174/10/5 3177/10/5
f 3179/6/5 3175/6/5 3155/6/5
f 3179/10/5 3155/10/5 3178/10/5
f 3179/6/5 3176/6/5 3175/6/5
f 3180/1/5 3172/1/5 3176/1/5
f 3180/6/5 3176/6/5 3179/6/5
f 3181/1/5 3172/1/5 3180/1/5
f 3182/10/5 3179/10/5 3178/10/5
f 3182/10/5 3180/10/5 3179/10/5
f 3183/10/5 3180/10/5 3182/10/5
f 3184/1/5 3172/1/5 3181/1/5
f 3184/6/5 3181/6/5 3180/6/5
f 3185/1/5 3172/1/5 3184/1/5
f 3186/10/5 3180/10/5 3183/10/5
f 3187/10/5 3180/10/5 3186/10/5
f 3188/6/5 3185/6/5 3184/6/5
f 3188/10/5 3180/10/5 3187/10/5
f 3188/6/5 3184/6/5 3180/6/5
f 3189/1/5 3172/1/5 3185/1/5
f 3189/6/5 3185/6/5 3188/6/5
f 3190/10/5 3188/10/5 3187/10/5
f 3190/10/5 3189/10/5 3188/10/5
f 3191/10/5 3189/10/5 3190/10/5
f 3192/10/5 3189/10/5 3191/10/5
f 3193/1/5 3172/1/5 3189/1/5
f 3193/10/5 3189/10/5 3192/10/5
f 3194/1/5 3172/1/5 3193/1/5
f 3195/1/5 3172/1/5 3194/1/5
f 3197/1/5 3195/1/5 3194/1/5
f 3197/1/5 3196/1/5 3195/1/5
f 3198/1/5 3196/1/5 3197/1/5
f 3201/6/5 3200/6/5 3199/6/5
f 3202/6/5 3200/6/5 3201/6/5
f 3205/6/5 3204/6/5 3203/6/5
f 3206/6/5 3204/6/5 3205/6/5
f 3210/6/5 3208/6/5 3207/6/5
f 3211/6/5 3208/6/5 3210/6/5
f 3212/6/5 3210/6/5 3209/6/5
f 3213/6/5 3210/6/5 3212/6/5
f 3216/6/5 3215/6/5 3214/6/5
f 3217/6/5 3215/6/5 3216/6/5
f 3220/6/5 3218/6/5 3217/6/5
f 3221/6/5 3218/6/5 3220/6/5
f 3223/6/5 3220/6/5 3219/6/5
f 3224/6/5 3220/6/5 3223/6/5
f 3226/6/5 3223/6/5 3222/6/5
f 3227/6/5 3223/6/5 3226/6/5
f 3229/6/5 3226/6/5 3225/6/5
f 3230/6/5 3226/6/5 3229/6/5
f 3232/6/5 3229/6/5 3228/6/5
f 3233/6/5 3229/6/5 3232/6/5
f 3235/6/5 3232/6/5 3231/6/5
f 3236/6/5 3232/6/5 3235/6/5
f 3238/6/5 3235/6/5 3234/6/5
f 3239/6/5 3235/6/5 3238/6/5
f 3243/6/5 3238/6/5 3237/6/5
f 3244/6/5 3238/6/5 3243/6/5
f 3245/6/5 3241/6/5 3240/6/5
f 3246/6/5 3241/6/5 3245/6/5
f 3247/6/5 3243/6/5 3242/6/5
f 3248/6/5 3243/6/5 3247/6/5
f 3249/6/5 3247/6/5 3246/6/5
f 3250/6/5 3247/6/5 3249/6/5
f 3253/1/5 3252/1/5 3251/1/5
f 3254/1/5 3252/1/5 3253/1/5
f 3257/1/5 3256/1/5 3255/1/5
f 3258/1/5 3256/1/5 3257/1/5
f 3261/3/5 3260/3/5 3259/3/5
f 3262/3/5 3260/3/5 3261/3/5
f 3264/1/5 3262/1/5 3261/1/5
f 3265/1/5 3262/1/5 3264/1/5
f 3266/4/5 3264/4/5 3263/4/5
f 3266/4/5 3265/4/5 3264/4/5
f 3267/4/5 3265/4/5 3266/4/5
f 3270/1/5 3269/1/5 3268/1/5
f 3271/1/5 3269/1/5 3270/1/5
f 3274/6/5 3273/6/5 3272/6/5
f 3275/6/5 3273/6/5 3274/6/5
f 3278/6/5 3277/6/5 3276/6/5
f 3279/6/5 3277/6/5 3278/6/5
f 3280/6/5 3277/6/5 3279/6/5
f 3281/6/5 3277/6/5 3280/6/5
f 3284/3/5 3283/3/5 3282/3/5
f 3285/3/5 3283/3/5 3284/3/5
f 3286/1/5 3285/1/5 3284/1/5
f 3287/1/5 3285/1/5 3286/1/5
f 3288/1/5 3287/1/5 3286/1/5
f 3289/1/5 3287/1/5 3288/1/5
f 3292/6/5 3291/6/5 3290/6/5
f 3293/6/5 3291/6/5 3292/6/5
f 3298/6/5 3295/6/5 3294/6/5
f 3299/6/5 3295/6/5 3298/6/5
f 3301/6/5 3297/6/5 3296/6/5
f 3302/6/5 3297/6/5 3301/6/5
f 3304/6/5 3301/6/5 3300/6/5
f 3305/6/5 3301/6/5 3304/6/5
f 3306/6/5 3304/6/5 3303/6/5
f 3307/6/5 3304/6/5 3306/6/5
f 3311/6/5 3309/6/5 3308/6/5
f 3312/6/5 3309/6/5 3311/6/5
f 3314/6/5 3311/6/5 3310/6/5
f 3315/6/5 3311/6/5 3314/6/5
f 3317/6/5 3314/6/5 3313/6/5
f 3318/6/5 3314/6/5 3317/6/5
f 3320/6/5 3317/6/5 3316/6/5
f 3321/6/5 3317/6/5 3320/6/5
f 3323/6/5 3320/6/5 3319/6/5
f 3324/6/5 3320/6/5 3323/6/5
f 3326/6/5 3323/6/5 3322/6/5
f 3327/6/5 3323/6/5 3326/6/5
f 3330/6/5 3326/6/5 3325/6/5
f 3331/6/5 3326/6/5 3330/6/5
f 3332/6/5 3329/6/5 3328/6/5
f 3333/6/5 3329/6/5 3332/6/5
f 3336/4/5 3335/4/5 3334/4/5
f 3337/4/5 3336/4/5 3334/4/5
f 3338/4/5 3336/4/5 3337/4/5
f 3342/1/5 3340/1/5 3339/1/5
f 3343/3/5 3341/3/5 3340/3/5
f 3343/1/5 3340/1/5 3342/1/5
f 3344/3/5 3341/3/5 3343/3/5
f 3347/6/5 3346/6/5 3345/6/5
f 3348/6/5 3346/6/5 3347/6/5
f 3350/6/5 3349/6/5 3348/6/5
f 3351/6/5 3350/6/5 3348/6/5
f 3352/6/5 3350/6/5 3351/6/5
f 3356/6/5 3354/6/5 3353/6/5
f 3357/6/5 3354/6/5 3356/6/5
f 3358/6/5 3356/6/5 3355/6/5
f 3359/6/5 3356/6/5 3358/6/5
f 3362/6/5 3361/6/5 3360/6/5
f 3363/6/5 3361/6/5 3362/6/5
f 3365/6/5 3364/6/5 3363/6/5
f 3366/6/5 3364/6/5 3365/6/5
f 3368/1/5 3366/1/5 3365/1/5
f 3368/1/5 3367/1/5 3366/1/5
f 3369/1/5 3367/1/5 3368/1/5
f 3373/6/5 3371/6/5 3370/6/5
f 3374/6/5 3371/6/5 3373/6/5
f 3376/6/5 3373/6/5 3372/6/5
f 3377/6/5 3373/6/5 3376/6/5
f 3379/6/5 3376/6/5 3375/6/5
f 3380/6/5 3376/6/5 3379/6/5
f 3382/6/5 3379/6/5 3378/6/5
f 3383/6/5 3379/6/5 3382/6/5
f 3388/6/5 3382/6/5 3381/6/5
f 3389/6/5 3382/6/5 3388/6/5
f 3390/3/5 3385/3/5 3384/3/5
f 3391/1/5 3386/1/5 3385/1/5
f 3391/3/5 3385/3/5 3390/3/5
f 3392/1/5 3386/1/5 3391/1/5
f 3394/6/5 3388/6/5 3387/6/5
f 3395/6/5 3388/6/5 3394/6/5
f 3397/6/5 3394/6/5 3393/6/5
f 3398/6/5 3394/6/5 3397/6/5
f 3399/1/5 3392/1/5 3391/1/5
f 3399/1/5 3391/1/5 3390/1/5
f 3400/1/5 3392/1/5 3399/1/5
f 3402/6/5 3397/6/5 3396/6/5
f 3403/6/5 3397/6/5 3402/6/5
f 3404/1/5 3400/1/5 3399/1/5
f 3405/1/5 3400/1/5 3404/1/5
f 3406/6/5 3402/6/5 3401/6/5
f 3407/6/5 3402/6/5 3406/6/5
f 3408/4/5 3405/4/5 3404/4/5
f 3409/4/5 3405/4/5 3408/4/5
f 3412/6/5 3411/6/5 3410/6/5
f 3413/6/5 3411/6/5 3412/6/5
f 3415/6/5 3414/6/5 3413/6/5
f 3416/6/5 3414/6/5 3415/6/5
f 3418/6/5 3417/6/5 3416/6/5
f 3419/6/5 3417/6/5 3418/6/5
f 3422/1/5 3421/1/5 3420/1/5
f 3423/1/5 3421/1/5 3422/1/5
f 3429/10/5 3427/10/5 3426/10/5
f 3430/1/5 3425/1/5 3424/1/5
f 3431/1/5 3425/1/5 3430/1/5
f 3432/10/5 3429/10/5 3428/10/5
f 3432/10/5 3427/10/5 3429/10/5
f 3434/10/5 3432/10/5 3428/10/5
f 3434/10/5 3433/10/5 3432/10/5
f 3435/10/5 3433/10/5 3434/10/5
f 3436/10/5 3433/10/5 3435/10/5
f 3437/10/5 3433/10/5 3436/10/5
f 3438/10/5 3433/10/5 3437/10/5
f 3440/10/5 3439/10/5 3438/10/5
f 3440/10/5 3438/10/5 3437/10/5
f 3441/10/5 3439/10/5 3440/10/5
f 3444/10/5 3439/10/5 3441/10/5
f 3445/10/5 3439/10/5 3444/10/5
f 3446/10/5 3439/10/5 3445/10/5
f 3448/10/5 3447/10/5 3446/10/5
f 3448/10/5 3446/10/5 3445/10/5
f 3449/10/5 3447/10/5 3448/10/5
f 3450/10/5 3447/10/5 3449/10/5
f 3451/10/5 3447/10/5 3450/10/5
f 3452/10/5 3447/10/5 3451/10/5
f 3453/10/5 3452/10/5 3451/10/5
f 3454/10/5 3452/10/5 3453/10/5
f 3455/10/5 3452/10/5 3454/10/5
f 3456/10/5 3452/10/5 3455/10/5
f 3457/1/5 3443/1/5 3442/1/5
f 3458/1/5 3443/1/5 3457/1/5
f 3459/10/5 3455/10/5 3454/10/5
f 3460/10/5 3455/10/5 3459/10/5
f 3461/4/5 3458/4/5 3457/4/5
f 3462/4/5 3458/4/5 3461/4/5
f 3467/5/5 3464/5/5 3463/5/5
f 3468/5/5 3464/5/5 3467/5/5
f 3470/6/5 3466/6/5 3465/6/5
f 3471/6/5 3466/6/5 3470/6/5
f 3472/6/5 3470/6/5 3469/6/5
f 3473/6/5 3470/6/5 3472/6/5
f 3477/9/5 3475/9/5 3474/9/5
f 3477/9/5 3476/9/5 3475/9/5
f 3478/9/5 3476/9/5 3477/9/5
f 3479/9/5 3476/9/5 3478/9/5
f 3480/9/5 3476/9/5 3479/9/5
f 3483/6/5 3482/6/5 3481/6/5
f 3484/6/5 3482/6/5 3483/6/5
f 3486/6/5 3485/6/5 3484/6/5
f 3487/6/5 3485/6/5 3486/6/5
f 3490/1/5 3489/1/5 3488/1/5
f 3491/1/5 3489/1/5 3490/1/5
f 3492/6/5 3491/6/5 3490/6/5
f 3493/6/5 3491/6/5 3492/6/5
f 3494/6/5 3491/6/5 3493/6/5
f 3498/6/5 3496/6/5 3495/6/5
f 3499/6/5 3496/6/5 3498/6/5
f 3501/6/5 3498/6/5 3497/6/5
f 3502/6/5 3498/6/5 3501/6/5
f 3504/6/5 3501/6/5 3500/6/5
f 3505/6/5 3501/6/5 3504/6/5
f 3507/6/5 3504/6/5 3503/6/5
f 3508/6/5 3504/6/5 3507/6/5
f 3510/6/5 3507/6/5 3506/6/5
f 3511/6/5 3507/6/5 3510/6/5
f 3515/6/5 3510/6/5 3509/6/5
f 3516/6/5 3510/6/5 3515/6/5
f 3518/6/5 3515/6/5 3514/6/5
f 3519/6/5 3515/6/5 3518/6/5
f 3521/6/5 3518/6/5 3517/6/5
f 3522/6/5 3518/6/5 3521/6/5
f 3523/6/5 3513/6/5 3512/6/5
f 3524/6/5 3513/6/5 3523/6/5
f 3527/6/5 3521/6/5 3520/6/5
f 3528/6/5 3521/6/5 3527/6/5
f 3529/6/5 3525/6/5 3524/6/5
f 3530/6/5 3525/6/5 3529/6/5
f 3531/6/5 3527/6/5 3526/6/5
f 3532/6/5 3527/6/5 3531/6/5
f 3535/1/5 3534/1/5 3533/1/5
f 3536/1/5 3534/1/5 3535/1/5
f 3539/10/5 3538/10/5 3537/10/5
f 3540/10/5 3538/10/5 3539/10/5
f 3541/10/5 3538/10/5 3540/10/5
f 3542/10/5 3538/10/5 3541/10/5
f 3543/10/5 3538/10/5 3542/10/5
f 3545/10/5 3543/10/5 3542/10/5
f 3546/10/5 3543/10/5 3545/10/5
f 3547/1/5 3544/1/5 3543/1/5
f 3550/10/5 3543/10/5 3546/10/5
f 3551/10/5 3543/10/5 3550/10/5
f 3552/1/5 3549/1/5 3548/1/5
f 3552/10/5 3543/10/5 3551/10/5
f 3552/1/5 3548/1/5 3547/1/5
f 3552/1/5 3547/1/5 3543/1/5
f 3553/1/5 3549/1/5 3552/1/5
f 3554/1/5 3549/1/5 3553/1/5
f 3554/10/5 3553/10/5 3552/10/5
f 3554/10/5 3552/10/5 3551/10/5
f 3555/1/5 3549/1/5 3554/1/5
f 3556/10/5 3554/10/5 3551/10/5
f 3556/10/5 3555/10/5 3554/10/5
f 3557/1/5 3549/1/5 3555/1/5
f 3557/10/5 3555/10/5 3556/10/5
f 3558/1/5 3549/1/5 3557/1/5
f 3559/10/5 3558/10/5 3557/10/5
f 3560/10/5 3558/10/5 3559/10/5
f 3564/10/5 3562/10/5 3561/10/5
f 3565/10/5 3562/10/5 3564/10/5
f 3566/10/5 3564/10/5 3563/10/5
f 3567/10/5 3564/10/5 3566/10/5
f 3570/10/5 3569/10/5 3568/10/5
f 3571/10/5 3569/10/5 3570/10/5
f 3585/10/5 3573/10/5 3572/10/5
f 3586/10/5 3573/10/5 3585/10/5
f 3587/10/5 3575/10/5 3574/10/5
f 3588/10/5 3575/10/5 3587/10/5
f 3589/10/5 3577/10/5 3576/10/5
f 3590/10/5 3577/10/5 3589/10/5
f 3591/10/5 3579/10/5 3578/10/5
f 3592/10/5 3579/10/5 3591/10/5
f 3593/10/5 3581/10/5 3580/10/5
f 3594/10/5 3581/10/5 3593/10/5
f 3595/10/5 3583/10/5 3582/10/5
f 3596/10/5 3583/10/5 3595/10/5
f 3598/10/5 3585/10/5 3584/10/5
f 3599/10/5 3585/10/5 3598/10/5
f 3600/10/5 3597/10/5 3596/10/5
f 3601/10/5 3597/10/5 3600/10/5
f 3606/10/5 3603/10/5 3602/10/5
f 3607/10/5 3603/10/5 3606/10/5
f 3608/10/5 3605/10/5 3604/10/5
f 3609/10/5 3605/10/5 3608/10/5
f 3614/3/5 3611/3/5 3610/3/5
f 3615/3/5 3611/3/5 3614/3/5
f 3616/3/5 3613/3/5 3612/3/5
f 3617/3/5 3613/3/5 3616/3/5
f 3620/3/5 3619/3/5 3618/3/5
f 3621/3/5 3619/3/5 3620/3/5
f 3622/1/6 3623/1/6 3626/1/6
f 3626/1/6 3623/1/6 3627/1/6
f 3624/1/6 3625/1/6 3628/1/6
f 3628/1/6 3625/1/6 3629/1/6
f 3630/1/6 3631/1/6 3636/1/6
f 3636/1/6 3631/1/6 3637/1/6
f 3632/1/6 3633/1/6 3638/1/6
f 3638/1/6 3633/1/6 3639/1/6
f 3634/1/6 3635/1/6 3640/1/6
f 3640/1/6 3635/1/6 3641/1/6
f 3642/1/6 3643/1/6 3645/1/6
f 3645/1/6 3643/1/6 3646/1/6
f 3644/1/6 3645/1/6 3648/1/6
f 3646/1/6 3647/1/6 3648/1/6
f 3645/1/6 3646/1/6 3648/1/6
f 3648/1/6 3647/1/6 3649/1/6
f 3648/1/6 3649/1/6 3650/1/6
f 3650/1/6 3649/1/6 3651/1/6
f 3652/4/6 3653/4/6 3654/4/6
f 3654/4/6 3653/4/6 3655/4/6
f 3656/4/6 3657/4/6 3658/4/6
f 3658/4/6 3657/4/6 3659/4/6
f 3659/4/6 3657/4/6 3660/4/6
f 3661/4/6 3662/4/6 3663/4/6
f 3663/4/6 3662/4/6 3664/4/6
f 3665/5/6 3666/5/6 3667/5/6
f 3667/5/6 3666/5/6 3668/5/6
f 3669/6/6 3670/6/6 3671/6/6
f 3671/6/6 3670/6/6 3672/6/6
f 3673/1/6 3674/1/6 3675/1/6
f 3675/1/6 3674/1/6 3676/1/6
f 3677/10/6 3678/10/6 3679/10/6
f 3679/10/6 3678/10/6 3680/10/6
f 3677/10/6 3679/10/6 3683/10/6
f 3683/10/6 3679/10/6 3684/10/6
f 3683/6/6 3684/6/6 3685/6/6
f 3685/6/6 3684/6/6 3686/6/6
f 3681/10/6 3682/10/6 3687/10/6
f 3687/10/6 3682/10/6 3688/10/6
f 3688/10/6 3682/10/6 3689/10/6
f 3689/10/6 3682/10/6 3691/10/6
f 3690/10/6 3691/10/6 3692/10/6
f 3691/10/6 3682/10/6 3693/10/6
f 3692/10/6 3691/10/6 3693/10/6
f 3693/10/6 3682/10/6 3694/10/6
f 3694/10/6 3695/10/6 3696/10/6
f 3693/10/6 3694/10/6 3696/10/6
f 3696/10/6 3695/10/6 3697/10/6
f 3697/10/6 3695/10/6 3698/10/6
f 3698/10/6 3695/10/6 3699/10/6
f 3699/10/6 3695/10/6 3700/10/6
f 3700/10/6 3701/10/6 3702/10/6
f 3699/10/6 3700/10/6 3702/10/6
f 3702/10/6 3701/10/6 3703/10/6
f 3703/10/6 3701/10/6 3704/10/6
f 3703/10/6 3704/10/6 3705/10/6
f 3705/10/6 3704/10/6 3706/10/6
f 3707/6/6 3708/6/6 3709/6/6
f 3709/6/6 3708/6/6 3710/6/6
f 3711/6/6 3712/6/6 3713/6/6
f 3711/6/6 3713/6/6 3714/6/6
f 3714/6/6 3713/6/6 3715/6/6
f 3716/6/6 3717/6/6 3718/6/6
f 3718/6/6 3717/6/6 3719/6/6
f 3720/6/6 3721/6/6 3723/6/6
f 3723/6/6 3721/6/6 3724/6/6
f 3722/6/6 3723/6/6 3725/6/6
f 3725/6/6 3723/6/6 3726/6/6
f 3727/6/6 3728/6/6 3729/6/6
f 3729/6/6 3728/6/6 3730/6/6
f 3730/6/6 3731/6/6 3733/6/6
f 3733/6/6 3731/6/6 3734/6/6
f 3732/6/6 3733/6/6 3736/6/6
f 3736/6/6 3733/6/6 3737/6/6
f 3735/6/6 3736/6/6 3739/6/6
f 3739/6/6 3736/6/6 3740/6/6
f 3738/6/6 3739/6/6 3742/6/6
f 3742/6/6 3739/6/6 3743/6/6
f 3741/6/6 3742/6/6 3745/6/6
f 3745/6/6 3742/6/6 3746/6/6
f 3744/6/6 3745/6/6 3748/6/6
f 3748/6/6 3745/6/6 3749/6/6
f 3747/6/6 3748/6/6 3751/6/6
f 3751/6/6 3748/6/6 3752/6/6
f 3750/6/6 3751/6/6 3756/6/6
f 3756/6/6 3751/6/6 3757/6/6
f 3753/6/6 3754/6/6 3758/6/6
f 3758/6/6 3754/6/6 3759/6/6
f 3755/6/6 3756/6/6 3760/6/6
f 3760/6/6 3756/6/6 3761/6/6
f 3759/6/6 3760/6/6 3762/6/6
f 3762/6/6 3760/6/6 3763/6/6
f 3764/1/6 3765/1/6 3767/1/6
f 3765/3/6 3766/3/6 3768/3/6
f 3767/1/6 3765/1/6 3768/1/6
f 3768/3/6 3766/3/6 3769/3/6
f 3770/3/6 3771/3/6 3772/3/6
f 3772/3/6 3771/3/6 3773/3/6
f 3772/1/6 3773/1/6 3774/1/6
f 3774/1/6 3773/1/6 3775/1/6
f 3774/3/6 3775/3/6 3776/3/6
f 3776/3/6 3775/3/6 3777/3/6
f 3778/1/6 3779/1/6 3780/1/6
f 3780/1/6 3779/1/6 3781/1/6
f 3782/1/6 3783/1/6 3785/1/6
f 3783/3/6 3784/3/6 3786/3/6
f 3785/1/6 3783/1/6 3786/1/6
f 3786/3/6 3784/3/6 3787/3/6
f 3788/3/6 3789/3/6 3790/3/6
f 3790/3/6 3789/3/6 3791/3/6
f 3790/1/6 3791/1/6 3792/1/6
f 3792/1/6 3791/1/6 3793/1/6
f 3792/1/6 3793/1/6 3794/1/6
f 3794/1/6 3793/1/6 3795/1/6
f 3796/4/6 3797/4/6 3798/4/6
f 3798/4/6 3797/4/6 3799/4/6
f 3800/4/6 3801/4/6 3802/4/6
f 3802/4/6 3801/4/6 3803/4/6
f 3804/4/6 3805/4/6 3807/4/6
f 3805/4/6 3806/4/6 3807/4/6
f 3807/4/6 3806/4/6 3808/4/6
f 3809/1/6 3810/1/6 3811/1/6
f 3811/1/6 3810/1/6 3812/1/6
f 3813/6/6 3814/6/6 3815/6/6
f 3815/6/6 3814/6/6 3816/6/6
f 3817/6/6 3818/6/6 3819/6/6
f 3819/6/6 3818/6/6 3820/6/6
f 3820/6/6 3818/6/6 3821/6/6
f 3821/6/6 3818/6/6 3822/6/6
f 3823/6/6 3824/6/6 3825/6/6
f 3825/6/6 3824/6/6 3826/6/6
f 3827/6/6 3828/6/6 3830/6/6
f 3830/6/6 3828/6/6 3831/6/6
f 3829/6/6 3830/6/6 3833/6/6
f 3833/6/6 3830/6/6 3834/6/6
f 3832/6/6 3833/6/6 3835/6/6
f 3835/6/6 3833/6/6 3836/6/6
f 3837/6/6 3838/6/6 3840/6/6
f 3840/6/6 3838/6/6 3841/6/6
f 3839/6/6 3840/6/6 3843/6/6
f 3843/6/6 3840/6/6 3844/6/6
f 3842/6/6 3843/6/6 3846/6/6
f 3846/6/6 3843/6/6 3847/6/6
f 3845/6/6 3846/6/6 3849/6/6
f 3849/6/6 3846/6/6 3850/6/6
f 3848/6/6 3849/6/6 3854/6/6
f 3854/6/6 3849/6/6 3855/6/6
f 3851/3/6 3852/3/6 3856/3/6
f 3856/3/6 3852/3/6 3857/3/6
f 3853/6/6 3854/6/6 3859/6/6
f 3859/6/6 3854/6/6 3860/6/6
f 3858/6/6 3859/6/6 3862/6/6
f 3862/6/6 3859/6/6 3863/6/6
f 3861/6/6 3862/6/6 3864/6/6
f 3864/6/6 3862/6/6 3865/6/6
f 3856/1/6 3857/1/6 3866/1/6
f 3866/1/6 3857/1/6 3867/1/6
f 3868/4/6 3869/4/6 3870/4/6
f 3870/4/6 3869/4/6 3871/4/6
f 3872/4/6 3873/4/6 3874/4/6
f 3874/4/6 3873/4/6 3875/4/6
f 3876/4/6 3877/4/6 3879/4/6
f 3877/4/6 3878/4/6 3879/4/6
f 3879/4/6 3878/4/6 3880/4/6
f 3881/6/6 3882/6/6 3883/6/6
f 3883/6/6 3882/6/6 3884/6/6
f 3884/6/6 3885/6/6 3886/6/6
f 3884/6/6 3886/6/6 3887/6/6
f 3887/6/6 3886/6/6 3888/6/6
f 3889/6/6 3890/6/6 3892/6/6
f 3892/6/6 3890/6/6 3893/6/6
f 3891/6/6 3892/6/6 3894/6/6
f 3894/6/6 3892/6/6 3895/6/6
f 3896/6/6 3897/6/6 3898/6/6
f 3898/6/6 3897/6/6 3899/6/6
f 3899/6/6 3900/6/6 3901/6/6
f 3901/6/6 3900/6/6 3902/6/6
f 3903/6/6 3904/6/6 3906/6/6
f 3906/6/6 3904/6/6 3907/6/6
f 3905/6/6 3906/6/6 3909/6/6
f 3909/6/6 3906/6/6 3910/6/6
f 3908/6/6 3909/6/6 3912/6/6
f 3912/6/6 3909/6/6 3913/6/6
f 3911/6/6 3912/6/6 3915/6/6
f 3915/6/6 3912/6/6 3916/6/6
f 3914/6/6 3915/6/6 3918/6/6
f 3918/6/6 3915/6/6 3919/6/6
f 3917/6/6 3918/6/6 3921/6/6
f 3921/6/6 3918/6/6 3922/6/6
f 3920/6/6 3921/6/6 3924/6/6
f 3924/6/6 3921/6/6 3925/6/6
f 3923/6/6 3924/6/6 3927/6/6
f 3927/6/6 3924/6/6 3928/6/6
f 3926/6/6 3927/6/6 3929/6/6
f 3929/6/6 3927/6/6 3930/6/6
f 3931/1/6 3932/1/6 3933/1/6
f 3933/1/6 3932/1/6 3934/1/6
f 3937/6/6 3938/6/6 3939/6/6
f 3939/6/6 3938/6/6 3940/6/6
f 3935/1/6 3936/1/6 3942/1/6
f 3942/1/6 3936/1/6 3943/1/6
f 3940/6/6 3941/6/6 3944/6/6
f 3944/6/6 3941/6/6 3945/6/6
f 3942/1/6 3943/1/6 3947/1/6
f 3947/1/6 3943/1/6 3948/1/6
f 3945/6/6 3946/6/6 3949/6/6
f 3946/6/6 3947/6/6 3949/6/6
f 3949/6/6 3947/6/6 3950/6/6
f 3951/4/6 3952/4/6 3953/4/6
f 3953/4/6 3952/4/6 3954/4/6
f 3955/4/6 3956/4/6 3957/4/6
f 3957/4/6 3956/4/6 3958/4/6
f 3959/4/6 3960/4/6 3961/4/6
f 3961/4/6 3960/4/6 3962/4/6
f 3963/1/6 3964/1/6 3965/1/6
f 3965/1/6 3964/1/6 3966/1/6
f 3967/1/6 3968/1/6 3970/1/6
f 3968/6/6 3969/6/6 3970/6/6
f 3970/6/6 3969/6/6 3971/6/6
f 3967/1/6 3970/1/6 3974/1/6
f 3970/1/6 3971/1/6 3974/1/6
f 3974/1/6 3971/1/6 3975/1/6
f 3972/10/6 3973/10/6 3976/10/6
f 3972/10/6 3976/10/6 3979/10/6
f 3976/1/6 3977/1/6 3980/1/6
f 3975/1/6 3971/1/6 3981/1/6
f 3981/1/6 3971/1/6 3982/1/6
f 3976/1/6 3980/1/6 3983/1/6
f 3978/10/6 3979/10/6 3983/10/6
f 3980/1/6 3981/1/6 3983/1/6
f 3979/10/6 3976/10/6 3983/10/6
f 3983/1/6 3981/1/6 3984/1/6
f 3982/1/6 3971/1/6 3985/1/6
f 3985/1/6 3971/1/6 3986/1/6
f 3983/10/6 3984/10/6 3987/10/6
f 3984/10/6 3985/10/6 3987/10/6
f 3986/1/6 3971/1/6 3988/1/6
f 3988/1/6 3971/1/6 3989/1/6
f 3983/10/6 3987/10/6 3990/10/6
f 3978/10/6 3983/10/6 3990/10/6
f 3990/10/6 3987/10/6 3991/10/6
f 3987/1/6 3988/1/6 3992/1/6
f 3989/1/6 3971/1/6 3993/1/6
f 3993/1/6 3971/1/6 3994/1/6
f 3992/1/6 3993/1/6 3995/1/6
f 3994/1/6 3971/1/6 3996/1/6
f 3996/1/6 3971/1/6 3997/1/6
f 3991/10/6 3987/10/6 3999/10/6
f 3999/10/6 3987/10/6 4000/10/6
f 3987/1/6 3992/1/6 4001/1/6
f 4000/10/6 3987/10/6 4001/10/6
f 3995/1/6 3996/1/6 4001/1/6
f 3992/1/6 3995/1/6 4001/1/6
f 4001/1/6 3996/1/6 4002/1/6
f 3997/1/6 3998/1/6 4003/1/6
f 4003/1/6 3998/1/6 4004/1/6
f 4004/1/6 3998/1/6 4005/1/6
f 4001/10/6 4002/10/6 4007/10/6
f 4000/10/6 4001/10/6 4007/10/6
f 4007/10/6 4002/10/6 4008/10/6
f 4002/1/6 4003/1/6 4009/1/6
f 4005/1/6 4006/1/6 4010/1/6
f 4004/1/6 4005/1/6 4010/1/6
f 4010/1/6 4006/1/6 4011/1/6
f 4008/10/6 4002/10/6 4012/10/6
f 4012/10/6 4002/10/6 4013/10/6
f 4002/1/6 4009/1/6 4014/1/6
f 4013/10/6 4002/10/6 4014/10/6
f 4009/1/6 4010/1/6 4014/1/6
f 4014/1/6 4010/1/6 4015/1/6
f 4013/10/6 4014/10/6 4018/10/6
f 4015/10/6 4016/10/6 4018/10/6
f 4014/10/6 4015/10/6 4018/10/6
f 4018/10/6 4016/10/6 4019/10/6
f 4016/1/6 4017/1/6 4020/1/6
f 4020/1/6 4017/1/6 4021/1/6
f 4019/10/6 4016/10/6 4022/10/6
f 4022/10/6 4016/10/6 4023/10/6
f 4016/1/6 4020/1/6 4024/1/6
f 4023/10/6 4016/10/6 4024/10/6
f 4020/9/6 4021/9/6 4025/9/6
f 4024/1/6 4020/1/6 4025/1/6
f 4025/9/6 4021/9/6 4026/9/6
f 4023/10/6 4024/10/6 4027/10/6
f 4027/10/6 4024/10/6 4028/10/6
f 4028/10/6 4024/10/6 4029/10/6
f 4029/10/6 4024/10/6 4030/10/6
f 4028/10/6 4029/10/6 4031/10/6
f 4031/10/6 4029/10/6 4032/10/6
f 4033/4/6 4034/4/6 4035/4/6
f 4035/4/6 4034/4/6 4036/4/6
f 4037/5/6 4038/5/6 4041/5/6
f 4041/5/6 4038/5/6 4042/5/6
f 4039/6/6 4040/6/6 4044/6/6
f 4044/6/6 4040/6/6 4045/6/6
f 4043/6/6 4044/6/6 4048/6/6
f 4048/6/6 4044/6/6 4049/6/6
f 4050/9/6 4051/9/6 4052/9/6
f 4052/9/6 4051/9/6 4053/9/6
f 4046/1/6 4047/1/6 4054/1/6
f 4054/1/6 4047/1/6 4055/1/6
f 4056/4/6 4057/4/6 4058/4/6
f 4058/4/6 4057/4/6 4059/4/6
f 4060/6/6 4061/6/6 4062/6/6
f 4062/6/6 4061/6/6 4063/6/6
f 4065/9/6 4066/9/6 4067/9/6
f 4065/9/6 4067/9/6 4068/9/6
f 4068/9/6 4067/9/6 4069/9/6
f 4069/9/6 4070/9/6 4071/9/6
f 4071/9/6 4070/9/6 4072/9/6
f 4072/9/6 4070/9/6 4073/9/6
f 4073/9/6 4070/9/6 4074/9/6
f 4074/9/6 4075/9/6 4076/9/6
f 4076/9/6 4075/9/6 4077/9/6
f 4077/9/6 4078/9/6 4079/9/6
f 4079/9/6 4078/9/6 4080/9/6
f 4063/6/6 4064/6/6 4083/6/6
f 4083/6/6 4064/6/6 4084/6/6
f 4080/9/6 4081/9/6 4085/9/6
f 4085/9/6 4081/9/6 4086/9/6
f 4082/6/6 4083/6/6 4089/6/6
f 4089/6/6 4083/6/6 4090/6/6
f 4086/9/6 4087/9/6 4091/9/6
f 4091/9/6 4087/9/6 4092/9/6
f 4088/6/6 4089/6/6 4095/6/6
f 4095/6/6 4089/6/6 4096/6/6
f 4092/9/6 4093/9/6 4097/9/6
f 4097/9/6 4093/9/6 4098/9/6
f 4094/6/6 4095/6/6 4101/6/6
f 4101/6/6 4095/6/6 4102/6/6
f 4098/9/6 4099/9/6 4103/9/6
f 4103/9/6 4099/9/6 4104/9/6
f 4100/6/6 4101/6/6 4107/6/6
f 4107/6/6 4101/6/6 4108/6/6
f 4104/9/6 4105/9/6 4109/9/6
f 4109/9/6 4105/9/6 4110/9/6
f 4110/9/6 4105/9/6 4111/9/6
f 4106/6/6 4107/6/6 4113/6/6
f 4113/6/6 4107/6/6 4114/6/6
f 4112/6/6 4113/6/6 4116/6/6
f 4116/6/6 4113/6/6 4117/6/6
f 4115/6/6 4116/6/6 4119/6/6
f 4119/6/6 4116/6/6 4120/6/6
f 4110/6/6 4111/6/6 4121/6/6
f 4121/6/6 4111/6/6 4122/6/6
f 4118/6/6 4119/6/6 4123/6/6
f 4123/6/6 4119/6/6 4124/6/6
f 4122/6/6 4123/6/6 4125/6/6
f 4125/6/6 4123/6/6 4126/6/6
f 4126/6/6 4123/6/6 4127/6/6
f 4127/6/6 4123/6/6 4128/6/6
f 4126/4/6 4127/4/6 4129/4/6
f 4129/4/6 4127/4/6 4130/4/6
f 4131/3/6 4132/3/6 4133/3/6
f 4133/3/6 4132/3/6 4134/3/6
f 4135/1/6 4136/1/6 4137/1/6
f 4137/1/6 4136/1/6 4138/1/6
f 4139/1/6 4140/1/6 4141/1/6
f 4141/1/6 4140/1/6 4142/1/6
f 4143/1/6 4144/1/6 4157/1/6
f 4145/1/6 4146/1/6 4158/1/6
f 4158/1/6 4146/1/6 4159/1/6
f 4147/1/6 4148/1/6 4160/1/6
f 4160/1/6 4148/1/6 4161/1/6
f 4149/1/6 4150/1/6 4162/1/6
f 4162/1/6 4150/1/6 4163/1/6
f 4151/1/6 4152/1/6 4164/1/6
f 4164/1/6 4152/1/6 4165/1/6
f 4153/1/6 4154/1/6 4166/1/6
f 4166/1/6 4154/1/6 4167/1/6
f 4155/1/6 4156/1/6 4168/1/6
f 4168/1/6 4156/1/6 4169/1/6
f 4166/1/6 4167/1/6 4171/1/6
f 4169/1/6 4170/1/6 4171/1/6
f 4168/1/6 4169/1/6 4171/1/6
f 4167/1/6 4168/1/6 4171/1/6
f 4143/1/6 4157/1/6 4171/1/6
f 4165/1/6 4166/1/6 4171/1/6
f 4158/1/6 4159/1/6 4171/1/6
f 4163/1/6 4164/1/6 4171/1/6
f 4160/1/6 4161/1/6 4171/1/6
f 4161/1/6 4162/1/6 4171/1/6
f 4162/1/6 4163/1/6 4171/1/6
f 4159/1/6 4160/1/6 4171/1/6
f 4164/1/6 4165/1/6 4171/1/6
f 4157/1/6 4158/1/6 4171/1/6
f 4171/1/6 4170/1/6 4172/1/6
f 4172/1/6 4170/1/6 4173/1/6
f 4173/1/6 4170/1/6 4174/1/6
f 4174/1/6 4170/1/6 4175/1/6
f 4175/1/6 4170/1/6 4176/1/6
f 4176/1/6 4170/1/6 4177/1/6
f 4177/1/6 4170/1/6 4178/1/6
f 4143/1/6 4171/1/6 4179/1/6
f 4172/1/6 4173/1/6 4180/1/6
f 4180/1/6 4173/1/6 4181/1/6
f 4174/1/6 4175/1/6 4182/1/6
f 4182/1/6 4175/1/6 4183/1/6
f 4176/1/6 4177/1/6 4184/1/6
f 4184/1/6 4177/1/6 4185/1/6
f 4182/1/6 4183/1/6 4187/1/6
f 4185/1/6 4186/1/6 4187/1/6
f 4184/1/6 4185/1/6 4187/1/6
f 4183/1/6 4184/1/6 4187/1/6
f 4143/1/6 4179/1/6 4187/1/6
f 4181/1/6 4182/1/6 4187/1/6
f 4180/1/6 4181/1/6 4187/1/6
f 4179/1/6 4180/1/6 4187/1/6
f 4187/1/6 4186/1/6 4188/1/6
f 4188/1/6 4186/1/6 4189/1/6
f 4189/1/6 4186/1/6 4190/1/6
f 4143/1/6 4187/1/6 4191/1/6
f 4188/1/6 4189/1/6 4192/1/6
f 4192/1/6 4189/1/6 4193/1/6
f 4143/1/6 4191/1/6 4195/1/6
f 4193/1/6 4194/1/6 4195/1/6
f 4192/1/6 4193/1/6 4195/1/6
f 4191/1/6 4192/1/6 4195/1/6
f 4195/1/6 4194/1/6 4196/1/6
f 4196/1/6 4194/1/6 4197/1/6
f 4197/1/6 4194/1/6 4198/1/6
f 4198/1/6 4194/1/6 4199/1/6
f 4199/1/6 4194/1/6 4200/1/6
f 4196/1/6 4197/1/6 4201/1/6
f 4201/1/6 4197/1/6 4202/1/6
f 4202/1/6 4197/1/6 4203/1/6
f 4203/1/6 4197/1/6 4204/1/6
f 4198/1/6 4199/1/6 4207/1/6
f 4207/1/6 4199/1/6 4208/1/6
f 4205/10/6 4206/10/6 4209/10/6
f 4209/10/6 4206/10/6 4210/10/6
f 4208/1/6 4199/1/6 4211/1/6
f 4207/10/6 4208/10/6 4211/10/6
f 4211/1/6 4199/1/6 4212/1/6
f 4212/1/6 4199/1/6 4213/1/6
f 4213/1/6 4199/1/6 4214/1/6
f 4210/10/6 4206/10/6 4215/10/6
f 4215/10/6 4206/10/6 4216/10/6
f 4207/10/6 4211/10/6 4218/10/6
f 4214/1/6 4199/1/6 4219/1/6
f 4214/1/6 4219/1/6 4220/1/6
f 4220/1/6 4219/1/6 4221/1/6
f 4214/1/6 4220/1/6 4222/1/6
f 4222/1/6 4220/1/6 4223/1/6
f 4217/10/6 4218/10/6 4224/10/6
f 4218/10/6 4211/10/6 4225/10/6
f 4224/10/6 4218/10/6 4225/10/6
f 4225/10/6 4211/10/6 4226/10/6
f 4226/10/6 4211/10/6 4227/10/6
f 4227/10/6 4211/10/6 4228/10/6
f 4212/1/6 4213/1/6 4229/1/6
f 4229/1/6 4213/1/6 4230/1/6
f 4230/1/6 4213/1/6 4231/1/6
f 4231/1/6 4213/1/6 4232/1/6
f 4227/10/6 4228/10/6 4233/10/6
f 4228/10/6 4229/10/6 4233/10/6
f 4230/1/6 4231/1/6 4234/1/6
f 4234/1/6 4231/1/6 4235/1/6
f 4235/1/6 4231/1/6 4236/1/6
f 4236/1/6 4231/1/6 4237/1/6
f 4227/10/6 4233/10/6 4238/10/6
f 4233/10/6 4234/10/6 4238/10/6
f 4238/10/6 4234/10/6 4239/10/6
f 4235/1/6 4236/1/6 4240/1/6
f 4240/1/6 4236/1/6 4241/1/6
f 4241/1/6 4236/1/6 4242/1/6
f 4242/1/6 4236/1/6 4243/1/6
f 4239/10/6 4240/10/6 4244/10/6
f 4244/10/6 4240/10/6 4245/10/6
f 4241/1/6 4242/1/6 4246/1/6
f 4246/1/6 4242/1/6 4247/1/6
f 4248/10/6 4249/10/6 4250/10/6
f 4248/10/6 4250/10/6 4252/10/6
f 4250/10/6 4251/10/6 4252/10/6
f 4252/10/6 4251/10/6 4253/10/6
f 4253/10/6 4251/10/6 4254/10/6
f 4253/10/6 4254/10/6 4256/10/6
f 4254/10/6 4255/10/6 4256/10/6
f 4256/10/6 4255/10/6 4257/10/6
f 4258/10/6 4259/10/6 4262/10/6
f 4262/10/6 4259/10/6 4263/10/6
f 4260/10/6 4261/10/6 4266/10/6
f 4266/10/6 4261/10/6 4267/10/6
f 4263/10/6 4264/10/6 4268/10/6
f 4268/10/6 4264/10/6 4269/10/6
f 4265/10/6 4266/10/6 4272/10/6
f 4272/10/6 4266/10/6 4273/10/6
f 4269/10/6 4270/10/6 4274/10/6
f 4274/10/6 4270/10/6 4275/10/6
f 4271/10/6 4272/10/6 4278/10/6
f 4278/10/6 4272/10/6 4279/10/6
f 4275/10/6 4276/10/6 4280/10/6
f 4280/10/6 4276/10/6 4281/10/6
f 4277/10/6 4278/10/6 4284/10/6
f 4284/10/6 4278/10/6 4285/10/6
f 4281/10/6 4282/10/6 4286/10/6
f 4286/10/6 4282/10/6 4287/10/6
f 4283/10/6 4284/10/6 4288/10/6
f 4288/10/6 4284/10/6 4289/10/6
f 4290/10/6 4291/10/6 4294/10/6
f 4294/10/6 4291/10/6 4295/10/6
f 4292/10/6 4293/10/6 4296/10/6
f 4296/10/6 4293/10/6 4297/10/6
f 4298/10/6 4299/10/6 4300/10/6
f 4300/10/6 4299/10/6 4301/10/6
f 4302/10/6 4303/10/6 4313/10/6
f 4313/10/6 4303/10/6 4314/10/6
f 4304/10/6 4305/10/6 4315/10/6
f 4315/10/6 4305/10/6 4316/10/6
f 4306/10/6 4307/10/6 4317/10/6
f 4317/10/6 4307/10/6 4318/10/6
f 4308/10/6 4309/10/6 4319/10/6
f 4319/10/6 4309/10/6 4320/10/6
f 4310/10/6 4311/10/6 4321/10/6
f 4321/10/6 4311/10/6 4322/10/6
f 4312/10/6 4313/10/6 4324/10/6
f 4324/10/6 4313/10/6 4325/10/6
f 4322/10/6 4323/10/6 4326/10/6
f 4326/10/6 4323/10/6 4327/10/6
f 4328/10/6 4329/10/6 4332/10/6
f 4332/10/6 4329/10/6 4333/10/6
f 4330/10/6 4331/10/6 4334/10/6
f 4334/10/6 4331/10/6 4335/10/6
f 4336/10/6 4337/10/6 4348/10/6
f 4348/10/6 4337/10/6 4349/10/6
f 4338/10/6 4339/10/6 4350/10/6
f 4350/10/6 4339/10/6 4351/10/6
f 4340/10/6 4341/10/6 4352/10/6
f 4352/10/6 4341/10/6 4353/10/6
f 4342/10/6 4343/10/6 4354/10/6
f 4354/10/6 4343/10/6 4355/10/6
f 4344/10/6 4345/10/6 4356/10/6
f 4356/10/6 4345/10/6 4357/10/6
f 4346/10/6 4347/10/6 4358/10/6
f 4358/10/6 4347/10/6 4359/10/6
f 4360/10/6 4361/10/6 4364/10/6
f 4364/10/6 4361/10/6 4365/10/6
f 4362/10/6 4363/10/6 4366/10/6
f 4366/10/6 4363/10/6 4367/10/6
f 4368/10/6 4369/10/6 4372/10/6
f 4372/10/6 4369/10/6 4373/10/6
f 4370/10/6 4371/10/6 4374/10/6
f 4374/10/6 4371/10/6 4375/10/6
f 4376/3/6 4377/3/6 4378/3/6
f 4378/3/6 4377/3/6 4379/3/6
